            Unix Timestamp,               UTC_Date_&_Time,         Eastern Standard Time,       Battery,   Temperature,  Dissolved Oxygen,  Dissolved Oxygen Saturation,             Q
1736625720,           2025-01-11 20:02:00,           2025-01-11 15:02:00,3.16,30.025,7.301,96.63301,0.959
1736626320,           2025-01-11 20:12:00,           2025-01-11 15:12:00,3.16,29.707,7.308,96.195368,0.957
1736626920,           2025-01-11 20:22:00,           2025-01-11 15:22:00,3.17,29.062,7.405,96.385109,0.958
1736627520,           2025-01-11 20:32:00,           2025-01-11 15:32:00,3.16,28.531,7.469,96.318216,0.956
1736628120,           2025-01-11 20:42:00,           2025-01-11 15:42:00,3.17,28.198,7.517,96.370452,0.957
1736628720,           2025-01-11 20:52:00,           2025-01-11 15:52:00,3.17,28.011,7.516,96.039811,0.957
1736629320,           2025-01-11 21:02:00,           2025-01-11 16:02:00,3.17,27.696,7.507,95.390734,0.956
1736629920,           2025-01-11 21:12:00,           2025-01-11 16:12:00,3.16,27.364,7.524,95.043449,0.955
1736630520,           2025-01-11 21:22:00,           2025-01-11 16:22:00,3.17,26.982,7.607,95.437718,0.955
1736631120,           2025-01-11 21:32:00,           2025-01-11 16:32:00,3.17,26.643,7.7,96.017828,0.956
1736631720,           2025-01-11 21:42:00,           2025-01-11 16:42:00,3.17,26.33,7.691,95.365355,0.955
1736632320,           2025-01-11 21:52:00,           2025-01-11 16:52:00,3.17,26.111,7.727,95.432424,0.955
1736632920,           2025-01-11 22:02:00,           2025-01-11 17:02:00,3.17,25.942,7.754,95.472403,0.955
1736633520,           2025-01-11 22:12:00,           2025-01-11 17:12:00,3.17,25.782,7.778,95.489393,0.955
1736634120,           2025-01-11 22:22:00,           2025-01-11 17:22:00,3.17,25.672,7.794,95.494064,0.954
1736634720,           2025-01-11 22:32:00,           2025-01-11 17:32:00,3.17,25.537,7.816,95.527734,0.955
1736635320,           2025-01-11 22:42:00,           2025-01-11 17:42:00,3.17,25.428,7.824,95.434966,0.954
1736635920,           2025-01-11 22:52:00,           2025-01-11 17:52:00,3.17,25.352,7.834,95.423969,0.954
1736636520,           2025-01-11 23:02:00,           2025-01-11 18:02:00,3.17,25.276,7.846,95.437003,0.954
1736637120,           2025-01-11 23:12:00,           2025-01-11 18:12:00,3.17,25.217,7.854,95.430884,0.954
1736637720,           2025-01-11 23:22:00,           2025-01-11 18:22:00,3.17,25.141,7.862,95.39476,0.954
1736638320,           2025-01-11 23:32:00,           2025-01-11 18:32:00,3.17,25.091,7.875,95.464659,0.954
1736638920,           2025-01-11 23:42:00,           2025-01-11 18:42:00,3.17,25.007,7.889,95.486587,0.954
1736639520,           2025-01-11 23:52:00,           2025-01-11 18:52:00,3.17,24.948,7.89,95.394905,0.954
1736640120,           2025-01-12 00:02:00,           2025-01-11 19:02:00,3.17,24.872,7.91,95.502728,0.954
1736640720,           2025-01-12 00:12:00,           2025-01-11 19:12:00,3.17,24.813,7.91,95.398739,0.953
1736641320,           2025-01-12 00:22:00,           2025-01-11 19:22:00,3.17,24.721,7.93,95.477439,0.953
1736641920,           2025-01-12 00:32:00,           2025-01-11 19:32:00,3.17,24.629,7.95,95.555383,0.953
1736642520,           2025-01-12 00:42:00,           2025-01-11 19:42:00,3.17,24.57,7.944,95.378936,0.953
1736643120,           2025-01-12 00:52:00,           2025-01-11 19:52:00,3.18,24.419,7.979,95.531089,0.953
1736643720,           2025-01-12 01:02:00,           2025-01-11 20:02:00,3.17,24.184,8.055,96.02019,0.952
1736644320,           2025-01-12 01:12:00,           2025-01-11 20:12:00,3.17,23.957,8.088,96.005786,0.952
1736644920,           2025-01-12 01:22:00,           2025-01-11 20:22:00,3.17,23.781,8.105,95.89101,0.952
1736645520,           2025-01-12 01:32:00,           2025-01-11 20:32:00,3.18,23.564,8.141,95.925194,0.952
1736646120,           2025-01-12 01:42:00,           2025-01-11 20:42:00,3.18,23.371,8.167,95.882321,0.952
1736646720,           2025-01-12 01:52:00,           2025-01-11 20:52:00,3.17,23.162,8.187,95.738325,0.952
1736647320,           2025-01-12 02:02:00,           2025-01-11 21:02:00,3.17,22.944,8.23,95.844318,0.952
1736647920,           2025-01-12 02:12:00,           2025-01-11 21:12:00,3.18,22.693,8.232,95.411008,0.951
1736648520,           2025-01-12 02:22:00,           2025-01-11 21:22:00,3.18,22.526,8.241,95.211448,0.951
1736649120,           2025-01-12 02:32:00,           2025-01-11 21:32:00,3.18,22.35,8.267,95.190795,0.951
1736649720,           2025-01-12 02:42:00,           2025-01-11 21:42:00,3.18,22.242,8.293,95.292664,0.951
1736650320,           2025-01-12 02:52:00,           2025-01-11 21:52:00,3.18,22.258,8.299,95.390885,0.951
1736650920,           2025-01-12 03:02:00,           2025-01-11 22:02:00,3.18,22.292,8.3,95.464605,0.951
1736651520,           2025-01-12 03:12:00,           2025-01-11 22:12:00,3.18,22.317,8.295,95.452829,0.951
1736652120,           2025-01-12 03:22:00,           2025-01-11 22:22:00,3.18,22.334,8.288,95.403353,0.951
1736652720,           2025-01-12 03:32:00,           2025-01-11 22:32:00,3.18,22.325,8.286,95.363883,0.951
1736653320,           2025-01-12 03:42:00,           2025-01-11 22:42:00,3.18,22.342,8.278,95.302849,0.951
1736653920,           2025-01-12 03:52:00,           2025-01-11 22:52:00,3.18,22.325,8.279,95.28332,0.951
1736654520,           2025-01-12 04:02:00,           2025-01-11 23:02:00,3.18,22.317,8.284,95.326249,0.951
1736655120,           2025-01-12 04:12:00,           2025-01-11 23:12:00,3.18,22.309,8.281,95.277117,0.95
1736655720,           2025-01-12 04:22:00,           2025-01-11 23:22:00,3.18,22.292,8.293,95.384093,0.951
1736656320,           2025-01-12 04:32:00,           2025-01-11 23:32:00,3.18,22.283,8.288,95.310136,0.951
1736656920,           2025-01-12 04:42:00,           2025-01-11 23:42:00,3.18,22.25,8.279,95.146396,0.95
1736657520,           2025-01-12 04:52:00,           2025-01-11 23:52:00,3.18,22.192,8.306,95.350489,0.951
1736658120,           2025-01-12 05:02:00,           2025-01-12 00:02:00,3.18,22.158,8.296,95.17352,0.95
1736658720,           2025-01-12 05:12:00,           2025-01-12 00:12:00,3.17,22.1,8.306,95.182076,0.95
1736659320,           2025-01-12 05:22:00,           2025-01-12 00:22:00,3.17,22.049,8.323,95.283363,0.951
1736659920,           2025-01-12 05:32:00,           2025-01-12 00:32:00,3.17,22.016,8.317,95.154212,0.95
1736660520,           2025-01-12 05:42:00,           2025-01-12 00:42:00,3.17,21.941,8.333,95.199619,0.951
1736661120,           2025-01-12 05:52:00,           2025-01-12 00:52:00,3.17,21.866,8.345,95.198906,0.951
1736661720,           2025-01-12 06:02:00,           2025-01-12 01:02:00,3.17,21.782,8.36,95.215454,0.951
1736662320,           2025-01-12 06:12:00,           2025-01-12 01:12:00,3.17,21.723,8.365,95.163799,0.951
1736662920,           2025-01-12 06:22:00,           2025-01-12 01:22:00,3.18,21.657,8.374,95.144599,0.951
1736663520,           2025-01-12 06:32:00,           2025-01-12 01:32:00,3.18,21.573,8.387,95.137362,0.951
1736664120,           2025-01-12 06:42:00,           2025-01-12 01:42:00,3.18,21.498,8.39,95.033044,0.95
1736664720,           2025-01-12 06:52:00,           2025-01-12 01:52:00,3.18,21.414,8.401,95.002537,0.95
1736665320,           2025-01-12 07:02:00,           2025-01-12 02:02:00,3.18,21.331,8.423,95.097716,0.95
1736665920,           2025-01-12 07:12:00,           2025-01-12 02:12:00,3.18,21.255,8.425,94.979654,0.95
1736666520,           2025-01-12 07:22:00,           2025-01-12 02:22:00,3.18,21.197,8.439,95.030001,0.95
1736667120,           2025-01-12 07:32:00,           2025-01-12 02:32:00,3.18,21.105,8.462,95.118096,0.951
1736667720,           2025-01-12 07:42:00,           2025-01-12 02:42:00,3.17,21.005,8.478,95.1119,0.95
1736668320,           2025-01-12 07:52:00,           2025-01-12 02:52:00,3.17,20.938,8.479,94.998494,0.95
1736668920,           2025-01-12 08:02:00,           2025-01-12 03:02:00,3.18,20.846,8.5,95.062281,0.95
1736669520,           2025-01-12 08:12:00,           2025-01-12 03:12:00,3.18,20.779,8.504,94.982102,0.95
1736670120,           2025-01-12 08:22:00,           2025-01-12 03:22:00,3.18,20.704,8.523,95.054213,0.95
1736670720,           2025-01-12 08:32:00,           2025-01-12 03:32:00,3.18,20.62,8.53,94.975287,0.95
1736671320,           2025-01-12 08:42:00,           2025-01-12 03:42:00,3.18,20.536,8.551,95.051778,0.95
1736671920,           2025-01-12 08:52:00,           2025-01-12 03:52:00,3.18,20.436,8.572,95.097523,0.95
1736672520,           2025-01-12 09:02:00,           2025-01-12 04:02:00,3.18,20.369,8.572,94.971813,0.949
1736673120,           2025-01-12 09:12:00,           2025-01-12 04:12:00,3.18,20.302,8.582,94.956782,0.949
1736673720,           2025-01-12 09:22:00,           2025-01-12 04:22:00,3.18,20.227,8.606,95.081132,0.95
1736674320,           2025-01-12 09:32:00,           2025-01-12 04:32:00,3.18,20.151,8.619,95.081502,0.95
1736674920,           2025-01-12 09:42:00,           2025-01-12 04:42:00,3.18,20.076,8.627,95.028292,0.95
1736675520,           2025-01-12 09:52:00,           2025-01-12 04:52:00,3.18,19.984,8.648,95.08572,0.95
1736676120,           2025-01-12 10:02:00,           2025-01-12 05:02:00,3.18,19.917,8.652,95.003043,0.95
1736676720,           2025-01-12 10:12:00,           2025-01-12 05:12:00,3.18,19.825,8.675,95.081268,0.95
1736677320,           2025-01-12 10:22:00,           2025-01-12 05:22:00,3.18,19.749,8.682,95.013914,0.949
1736677920,           2025-01-12 10:32:00,           2025-01-12 05:32:00,3.18,19.691,8.705,95.155406,0.95
1736678520,           2025-01-12 10:42:00,           2025-01-12 05:42:00,3.18,19.607,8.711,95.061305,0.95
1736679120,           2025-01-12 10:52:00,           2025-01-12 05:52:00,3.18,19.54,8.716,94.988464,0.949
1736679720,           2025-01-12 11:02:00,           2025-01-12 06:02:00,3.18,19.473,8.736,95.078764,0.949
1736680320,           2025-01-12 11:12:00,           2025-01-12 06:12:00,3.18,19.389,8.752,95.092601,0.95
1736680920,           2025-01-12 11:22:00,           2025-01-12 06:22:00,3.18,19.33,8.758,95.045155,0.949
1736681520,           2025-01-12 11:32:00,           2025-01-12 06:32:00,3.18,19.263,8.772,95.069005,0.949
1736682120,           2025-01-12 11:42:00,           2025-01-12 06:42:00,3.18,19.238,8.776,95.064551,0.949
1736682720,           2025-01-12 11:52:00,           2025-01-12 06:52:00,3.18,19.188,8.783,95.044705,0.949
1736683320,           2025-01-12 12:02:00,           2025-01-12 07:02:00,3.18,19.171,8.801,95.2069,0.95
1736683920,           2025-01-12 12:12:00,           2025-01-12 07:12:00,3.18,19.146,8.796,95.104914,0.949
1736684520,           2025-01-12 12:22:00,           2025-01-12 07:22:00,3.18,19.163,8.793,95.105036,0.949
1736685120,           2025-01-12 12:32:00,           2025-01-12 07:32:00,3.18,19.205,8.78,95.044756,0.949
1736685720,           2025-01-12 12:42:00,           2025-01-12 07:42:00,3.18,19.238,8.792,95.237868,0.95
1736686320,           2025-01-12 12:52:00,           2025-01-12 07:52:00,3.18,19.322,8.772,95.181793,0.95
1736686920,           2025-01-12 13:02:00,           2025-01-12 08:02:00,3.18,19.448,8.749,95.172553,0.949
1736687520,           2025-01-12 13:12:00,           2025-01-12 08:12:00,3.18,19.657,8.723,95.287435,0.95
1736688120,           2025-01-12 13:22:00,           2025-01-12 08:22:00,3.18,19.959,8.669,95.26926,0.95
1736688720,           2025-01-12 13:32:00,           2025-01-12 08:32:00,3.18,20.302,8.622,95.399368,0.95
1736689320,           2025-01-12 13:42:00,           2025-01-12 08:42:00,3.18,20.712,8.551,95.381479,0.95
1736689920,           2025-01-12 13:52:00,           2025-01-12 08:52:00,3.18,21.305,8.471,95.591265,0.95
1736690520,           2025-01-12 14:02:00,           2025-01-12 09:02:00,3.17,22.058,8.296,94.990711,0.95
1736691120,           2025-01-12 14:12:00,           2025-01-12 09:12:00,3.18,22.534,8.258,95.422437,0.951
1736691720,           2025-01-12 14:22:00,           2025-01-12 09:22:00,3.17,22.743,8.161,94.678235,0.95
1736692320,           2025-01-12 14:32:00,           2025-01-12 09:32:00,3.17,22.894,8.218,95.613731,0.951
1736692920,           2025-01-12 14:42:00,           2025-01-12 09:42:00,3.17,23.112,8.213,95.951505,0.951
1736693520,           2025-01-12 14:52:00,           2025-01-12 09:52:00,3.17,23.605,8.147,96.069935,0.952
1736694120,           2025-01-12 15:02:00,           2025-01-12 10:02:00,3.17,24.1,8.085,96.226921,0.952
1736694720,           2025-01-12 15:12:00,           2025-01-12 10:12:00,3.17,24.637,2.745,32.99854,0.949
1736695320,           2025-01-12 15:22:00,           2025-01-12 10:22:00,3.17,22.902,0.45,5.236398,0.937
1736695920,           2025-01-12 15:32:00,           2025-01-12 10:32:00,3.17,22.844,0.44,5.114393,0.937
1736696520,           2025-01-12 15:42:00,           2025-01-12 10:42:00,3.17,23.162,0.377,4.408617,0.936
1736697120,           2025-01-12 15:52:00,           2025-01-12 10:52:00,3.17,23.312,0.29,3.400873,0.934
1736697720,           2025-01-12 16:02:00,           2025-01-12 11:02:00,3.17,23.262,0.286,3.350798,0.934
1736698320,           2025-01-12 16:12:00,           2025-01-12 11:12:00,3.17,23.413,0.277,3.254616,0.934
1736698920,           2025-01-12 16:22:00,           2025-01-12 11:22:00,3.17,23.455,0.268,3.151364,0.934
1736699520,           2025-01-12 16:32:00,           2025-01-12 11:32:00,3.17,23.413,0.442,5.193286,0.937
1736700120,           2025-01-12 16:42:00,           2025-01-12 11:42:00,3.17,23.446,0.38,4.467594,0.935
1736700720,           2025-01-12 16:52:00,           2025-01-12 11:52:00,3.17,23.522,0.442,5.20396,0.937
1736701320,           2025-01-12 17:02:00,           2025-01-12 12:02:00,3.17,23.555,0.359,4.229372,0.935
1736701920,           2025-01-12 17:12:00,           2025-01-12 12:12:00,3.17,23.639,0.376,4.43665,0.935
1736702520,           2025-01-12 17:22:00,           2025-01-12 12:22:00,3.17,23.706,0.497,5.871785,0.937
1736703120,           2025-01-12 17:32:00,           2025-01-12 12:32:00,3.17,23.765,0.5,5.913772,0.938
1736703720,           2025-01-12 17:42:00,           2025-01-12 12:42:00,3.17,23.781,0.394,4.661451,0.936
1736704320,           2025-01-12 17:52:00,           2025-01-12 12:52:00,3.17,23.924,0.478,5.670431,0.937
1736704920,           2025-01-12 18:02:00,           2025-01-12 13:02:00,3.17,23.957,0.418,4.961723,0.937
1736705520,           2025-01-12 18:12:00,           2025-01-12 13:12:00,3.17,24.041,0.543,6.45562,0.939
1736706120,           2025-01-12 18:22:00,           2025-01-12 13:22:00,3.17,24.1,0.669,7.962376,0.94
1736706720,           2025-01-12 18:32:00,           2025-01-12 13:32:00,3.17,24.142,0.508,6.050909,0.938
1736707320,           2025-01-12 18:42:00,           2025-01-12 13:42:00,3.17,24.184,0.575,6.854328,0.94
1736707920,           2025-01-12 18:52:00,           2025-01-12 13:52:00,3.17,24.259,0.606,7.233966,0.94
1736708520,           2025-01-12 19:02:00,           2025-01-12 14:02:00,3.17,24.276,0.624,7.451195,0.94
1736709120,           2025-01-12 19:12:00,           2025-01-12 14:12:00,3.17,24.368,0.412,4.928127,0.938
1736709720,           2025-01-12 19:22:00,           2025-01-12 14:22:00,3.17,24.301,0.579,6.917067,0.94
1736710320,           2025-01-12 19:32:00,           2025-01-12 14:32:00,3.17,24.301,0.573,6.845387,0.94
1736710920,           2025-01-12 19:42:00,           2025-01-12 14:42:00,3.17,24.326,0.609,7.278849,0.941
1736711520,           2025-01-12 19:52:00,           2025-01-12 14:52:00,3.17,24.293,0.54,6.45019,0.94
1736712120,           2025-01-12 20:02:00,           2025-01-12 15:02:00,3.17,24.293,0.589,7.035485,0.94
1736712720,           2025-01-12 20:12:00,           2025-01-12 15:12:00,3.17,24.243,0.487,5.811703,0.939
1736713320,           2025-01-12 20:22:00,           2025-01-12 15:22:00,3.17,24.192,0.492,5.865795,0.939
1736713920,           2025-01-12 20:32:00,           2025-01-12 15:32:00,3.17,24.192,0.807,9.621335,0.944
1736714520,           2025-01-12 20:42:00,           2025-01-12 15:42:00,3.17,24.142,0.838,9.981617,0.944
1736715120,           2025-01-12 20:52:00,           2025-01-12 15:52:00,3.17,24.125,0.889,10.585733,0.945
1736715720,           2025-01-12 21:02:00,           2025-01-12 16:02:00,3.17,24.108,1.15,13.689237,0.947
1736716320,           2025-01-12 21:12:00,           2025-01-12 16:12:00,3.17,24.092,1.028,12.233334,0.945
1736716920,           2025-01-12 21:22:00,           2025-01-12 16:22:00,3.17,24.075,0.768,9.1364,0.943
1736717520,           2025-01-12 21:32:00,           2025-01-12 16:32:00,3.17,24.041,0.789,9.380266,0.943
1736718120,           2025-01-12 21:42:00,           2025-01-12 16:42:00,3.17,24.008,0.792,9.410128,0.942
1736718720,           2025-01-12 21:52:00,           2025-01-12 16:52:00,3.17,23.991,0.931,11.058139,0.945
1736719320,           2025-01-12 22:02:00,           2025-01-12 17:02:00,3.17,23.924,0.767,9.098788,0.943
1736719920,           2025-01-12 22:12:00,           2025-01-12 17:12:00,3.17,23.89,1.189,14.095927,0.948
1736720520,           2025-01-12 22:22:00,           2025-01-12 17:22:00,3.17,23.857,1.409,16.69377,0.949
1736721120,           2025-01-12 22:32:00,           2025-01-12 17:32:00,3.17,23.857,1.227,14.537442,0.948
1736721720,           2025-01-12 22:42:00,           2025-01-12 17:42:00,3.17,23.798,0.967,11.444314,0.946
1736722320,           2025-01-12 22:52:00,           2025-01-12 17:52:00,3.17,23.723,0.978,11.558227,0.946
1736722920,           2025-01-12 23:02:00,           2025-01-12 18:02:00,3.17,23.731,1.009,11.926382,0.946
1736723520,           2025-01-12 23:12:00,           2025-01-12 18:12:00,3.17,23.673,1.082,12.775325,0.947
1736724120,           2025-01-12 23:22:00,           2025-01-12 18:22:00,3.17,23.656,0.994,11.73255,0.946
1736724720,           2025-01-12 23:32:00,           2025-01-12 18:32:00,3.17,23.622,0.834,9.837723,0.944
1736725320,           2025-01-12 23:42:00,           2025-01-12 18:42:00,3.17,23.614,0.813,9.588569,0.944
1736725920,           2025-01-12 23:52:00,           2025-01-12 18:52:00,3.17,23.58,0.768,9.052048,0.943
1736726520,           2025-01-13 00:02:00,           2025-01-12 19:02:00,3.17,23.564,0.922,10.863902,0.945
1736727120,           2025-01-13 00:12:00,           2025-01-12 19:12:00,3.17,23.522,0.921,10.843546,0.945
1736727720,           2025-01-13 00:22:00,           2025-01-12 19:22:00,3.17,23.488,0.708,8.330421,0.942
1736728320,           2025-01-13 00:32:00,           2025-01-12 19:32:00,3.17,23.446,0.668,7.85356,0.942
1736728920,           2025-01-13 00:42:00,           2025-01-12 19:42:00,3.17,23.413,0.652,7.660684,0.941
1736729520,           2025-01-13 00:52:00,           2025-01-12 19:52:00,3.17,23.363,0.749,8.792093,0.943
1736730120,           2025-01-13 01:02:00,           2025-01-12 20:02:00,3.17,23.396,0.673,7.90489,0.942
1736730720,           2025-01-13 01:12:00,           2025-01-12 20:12:00,3.17,23.354,0.543,6.372891,0.94
1736731320,           2025-01-13 01:22:00,           2025-01-12 20:22:00,3.17,23.329,0.578,6.780467,0.941
1736731920,           2025-01-13 01:32:00,           2025-01-12 20:32:00,3.17,23.312,0.549,6.438204,0.94
1736732520,           2025-01-13 01:42:00,           2025-01-12 20:42:00,3.17,23.279,0.49,5.742722,0.939
1736733120,           2025-01-13 01:52:00,           2025-01-12 20:52:00,3.17,23.262,0.414,4.850456,0.938
1736733720,           2025-01-13 02:02:00,           2025-01-12 21:02:00,3.17,23.254,0.393,4.603723,0.937
1736734320,           2025-01-13 02:12:00,           2025-01-12 21:12:00,3.17,23.204,0.408,4.774922,0.937
1736734920,           2025-01-13 02:22:00,           2025-01-12 21:22:00,3.17,23.178,0.359,4.199397,0.936
1736735520,           2025-01-13 02:32:00,           2025-01-12 21:32:00,3.17,23.162,0.412,4.817905,0.937
1736736120,           2025-01-13 02:42:00,           2025-01-12 21:42:00,3.17,23.112,0.38,4.439495,0.936
1736736720,           2025-01-13 02:52:00,           2025-01-12 21:52:00,3.17,23.095,0.47,5.489187,0.939
1736737320,           2025-01-13 03:02:00,           2025-01-12 22:02:00,3.17,23.086,0.452,5.278062,0.938
1736737920,           2025-01-13 03:12:00,           2025-01-12 22:12:00,3.17,23.053,0.474,5.531499,0.938
1736738520,           2025-01-13 03:22:00,           2025-01-12 22:22:00,3.17,23.028,0.468,5.458892,0.938
1736739120,           2025-01-13 03:32:00,           2025-01-12 22:32:00,3.17,22.986,0.454,5.291375,0.938
1736739720,           2025-01-13 03:42:00,           2025-01-12 22:42:00,3.17,22.961,0.332,3.867629,0.936
1736740320,           2025-01-13 03:52:00,           2025-01-12 22:52:00,3.17,22.944,0.357,4.157524,0.936
1736740920,           2025-01-13 04:02:00,           2025-01-12 23:02:00,3.17,22.894,0.373,4.339732,0.936
1736741520,           2025-01-13 04:12:00,           2025-01-12 23:12:00,3.17,22.886,0.405,4.711326,0.937
1736742120,           2025-01-13 04:22:00,           2025-01-12 23:22:00,3.17,22.861,0.499,5.802061,0.939
1736742720,           2025-01-13 04:32:00,           2025-01-12 23:32:00,3.17,22.844,0.322,3.742806,0.935
1736743320,           2025-01-13 04:42:00,           2025-01-12 23:42:00,3.17,22.835,0.316,3.672435,0.935
1736743920,           2025-01-13 04:52:00,           2025-01-12 23:52:00,3.17,22.819,0.276,3.206594,0.934
1736744520,           2025-01-13 05:02:00,           2025-01-13 00:02:00,3.17,22.785,0.241,2.79815,0.933
1736745120,           2025-01-13 05:12:00,           2025-01-13 00:12:00,3.17,22.76,0.19,2.204961,0.932
1736745720,           2025-01-13 05:22:00,           2025-01-13 00:22:00,3.17,22.702,0.302,3.500858,0.935
1736746320,           2025-01-13 05:32:00,           2025-01-13 00:32:00,3.17,22.702,0.272,3.153091,0.934
1736746920,           2025-01-13 05:42:00,           2025-01-13 00:42:00,3.17,22.685,0.253,2.931888,0.934
1736747520,           2025-01-13 05:52:00,           2025-01-13 00:52:00,3.17,22.618,0.267,3.090177,0.934
1736748120,           2025-01-13 06:02:00,           2025-01-13 01:02:00,3.17,22.618,0.246,2.847129,0.933
1736748720,           2025-01-13 06:12:00,           2025-01-13 01:12:00,3.17,22.585,0.234,2.70654,0.933
1736749320,           2025-01-13 06:22:00,           2025-01-13 01:22:00,3.17,22.568,0.249,2.879101,0.934
1736749920,           2025-01-13 06:32:00,           2025-01-13 01:32:00,3.17,22.534,0.184,2.126148,0.932
1736750520,           2025-01-13 06:42:00,           2025-01-13 01:42:00,3.18,22.484,0.219,2.528161,0.933
1736751120,           2025-01-13 06:52:00,           2025-01-13 01:52:00,3.18,22.484,0.234,2.701323,0.933
1736751720,           2025-01-13 07:02:00,           2025-01-13 02:02:00,3.17,22.451,0.242,2.791914,0.933
1736752320,           2025-01-13 07:12:00,           2025-01-13 02:12:00,3.18,22.426,0.178,2.052574,0.932
1736752920,           2025-01-13 07:22:00,           2025-01-13 02:22:00,3.18,22.409,0.3,3.45827,0.935
1736753520,           2025-01-13 07:32:00,           2025-01-13 02:32:00,3.18,22.392,0.26,2.996192,0.934
1736754120,           2025-01-13 07:42:00,           2025-01-13 02:42:00,3.18,22.375,0.244,2.810896,0.933
1736754720,           2025-01-13 07:52:00,           2025-01-13 02:52:00,3.18,22.367,0.276,3.179051,0.934
1736755320,           2025-01-13 08:02:00,           2025-01-13 03:02:00,3.18,22.342,0.21,2.417685,0.933
1736755920,           2025-01-13 08:12:00,           2025-01-13 03:12:00,3.18,22.334,0.252,2.900778,0.933
1736756520,           2025-01-13 08:22:00,           2025-01-13 03:22:00,3.18,22.325,0.288,3.314603,0.934
1736757120,           2025-01-13 08:32:00,           2025-01-13 03:32:00,3.18,22.292,0.186,2.139327,0.932
1736757720,           2025-01-13 08:42:00,           2025-01-13 03:42:00,3.18,22.275,0.139,1.598224,0.931
1736758320,           2025-01-13 08:52:00,           2025-01-13 03:52:00,3.18,22.225,0.234,2.687955,0.933
1736758920,           2025-01-13 09:02:00,           2025-01-13 04:02:00,3.18,22.225,0.217,2.492676,0.933
1736759520,           2025-01-13 09:12:00,           2025-01-13 04:12:00,3.18,22.2,0.205,2.353703,0.933
1736760120,           2025-01-13 09:22:00,           2025-01-13 04:22:00,3.17,22.183,0.22,2.5251,0.933
1736760720,           2025-01-13 09:32:00,           2025-01-13 04:32:00,3.17,22.15,0.262,3.005259,0.934
1736761320,           2025-01-13 09:42:00,           2025-01-13 04:42:00,3.17,22.141,0.261,2.993271,0.934
1736761920,           2025-01-13 09:52:00,           2025-01-13 04:52:00,3.17,22.116,0.207,2.372833,0.933
1736762520,           2025-01-13 10:02:00,           2025-01-13 05:02:00,3.17,22.083,0.164,1.878733,0.932
1736763120,           2025-01-13 10:12:00,           2025-01-13 05:12:00,3.17,22.074,0.148,1.695149,0.931
1736763720,           2025-01-13 10:22:00,           2025-01-13 05:22:00,3.17,22.041,0.167,1.911555,0.932
1736764320,           2025-01-13 10:32:00,           2025-01-13 05:32:00,3.17,22.024,0.146,1.670633,0.931
1736764920,           2025-01-13 10:42:00,           2025-01-13 05:42:00,3.17,22.033,0.126,1.442029,0.931
1736765520,           2025-01-13 10:52:00,           2025-01-13 05:52:00,3.17,21.983,0.192,2.195263,0.932
1736766120,           2025-01-13 11:02:00,           2025-01-13 06:02:00,3.17,21.974,0.186,2.126292,0.932
1736766720,           2025-01-13 11:12:00,           2025-01-13 06:12:00,3.17,21.924,0.112,1.279115,0.93
1736767320,           2025-01-13 11:22:00,           2025-01-13 06:22:00,3.17,21.932,0.213,2.432977,0.933
1736767920,           2025-01-13 11:32:00,           2025-01-13 06:32:00,3.17,21.932,0.17,1.941813,0.932
1736768520,           2025-01-13 11:42:00,           2025-01-13 06:42:00,3.17,21.924,0.116,1.324797,0.931
1736769120,           2025-01-13 11:52:00,           2025-01-13 06:52:00,3.17,21.924,0.149,1.701679,0.931
1736769720,           2025-01-13 12:02:00,           2025-01-13 07:02:00,3.17,21.916,0.185,2.112498,0.932
1736770320,           2025-01-13 12:12:00,           2025-01-13 07:12:00,3.17,21.949,0.09,1.028356,0.93
1736770920,           2025-01-13 12:22:00,           2025-01-13 07:22:00,3.17,21.941,0.111,1.26811,0.931
1736771520,           2025-01-13 12:32:00,           2025-01-13 07:32:00,3.17,21.974,0.144,1.646162,0.931
1736772120,           2025-01-13 12:42:00,           2025-01-13 07:42:00,3.17,21.974,0.121,1.383233,0.931
1736772720,           2025-01-13 12:52:00,           2025-01-13 07:52:00,3.17,22.008,0.074,0.846498,0.929
1736773320,           2025-01-13 13:02:00,           2025-01-13 08:02:00,3.17,22.008,0.075,0.857938,0.93
1736773920,           2025-01-13 13:12:00,           2025-01-13 08:12:00,3.17,22.041,0.066,0.755465,0.929
1736774520,           2025-01-13 13:22:00,           2025-01-13 08:22:00,3.17,22.041,0.066,0.755465,0.929
1736775120,           2025-01-13 13:32:00,           2025-01-13 08:32:00,3.17,22.074,0.069,0.790306,0.929
1736775720,           2025-01-13 13:42:00,           2025-01-13 08:42:00,3.17,22.108,0.07,0.802284,0.93
1736776320,           2025-01-13 13:52:00,           2025-01-13 08:52:00,3.17,22.158,0.071,0.814527,0.93
1736776920,           2025-01-13 14:02:00,           2025-01-13 09:02:00,3.17,22.208,0.07,0.803827,0.93
1736777520,           2025-01-13 14:12:00,           2025-01-13 09:12:00,3.18,22.233,0.072,0.82719,0.93
1736778120,           2025-01-13 14:22:00,           2025-01-13 09:22:00,3.18,22.317,0.065,0.747973,0.93
1736778720,           2025-01-13 14:32:00,           2025-01-13 09:32:00,3.18,22.359,0.062,0.714025,0.929
1736779320,           2025-01-13 14:42:00,           2025-01-13 09:42:00,3.17,22.442,0.063,0.726695,0.93
1736779920,           2025-01-13 14:52:00,           2025-01-13 09:52:00,3.17,22.467,0.067,0.773204,0.93
1736780520,           2025-01-13 15:02:00,           2025-01-13 10:02:00,3.17,22.518,0.063,0.727752,0.93
1736781120,           2025-01-13 15:12:00,           2025-01-13 10:12:00,3.17,22.651,0.061,0.70644,0.93
1736781720,           2025-01-13 15:22:00,           2025-01-13 10:22:00,3.17,22.702,0.067,0.776681,0.93
1736782320,           2025-01-13 15:32:00,           2025-01-13 10:32:00,3.17,22.794,0.061,0.708367,0.93
1736782920,           2025-01-13 15:42:00,           2025-01-13 10:42:00,3.17,22.869,0.063,0.732636,0.93
1736783520,           2025-01-13 15:52:00,           2025-01-13 10:52:00,3.17,23.07,0.115,1.342463,0.931
1736784120,           2025-01-13 16:02:00,           2025-01-13 11:02:00,3.17,23.053,0.106,1.237002,0.931
1736784720,           2025-01-13 16:12:00,           2025-01-13 11:12:00,3.17,23.095,0.126,1.471569,0.932
1736785320,           2025-01-13 16:22:00,           2025-01-13 11:22:00,3.17,23.388,0.292,3.429242,0.936
1736785920,           2025-01-13 16:32:00,           2025-01-13 11:32:00,3.17,23.279,0.529,6.199796,0.94
1736786520,           2025-01-13 16:42:00,           2025-01-13 11:42:00,3.17,23.346,0.36,4.224484,0.937
1736787120,           2025-01-13 16:52:00,           2025-01-13 11:52:00,3.17,23.421,0.518,6.087167,0.94
1736787720,           2025-01-13 17:02:00,           2025-01-13 12:02:00,3.17,23.538,0.262,3.08563,0.935
1736788320,           2025-01-13 17:12:00,           2025-01-13 12:12:00,3.17,23.589,0.217,2.558108,0.934
1736788920,           2025-01-13 17:22:00,           2025-01-13 12:22:00,3.17,23.681,0.246,2.904993,0.935
1736789520,           2025-01-13 17:32:00,           2025-01-13 12:32:00,3.17,23.781,0.12,1.419731,0.932
1736790120,           2025-01-13 17:42:00,           2025-01-13 12:42:00,3.17,23.882,0.076,0.900866,0.931
1736790720,           2025-01-13 17:52:00,           2025-01-13 12:52:00,3.17,23.941,0.077,0.913728,0.931
1736791320,           2025-01-13 18:02:00,           2025-01-13 13:02:00,3.17,24.033,0.064,0.76077,0.93
1736791920,           2025-01-13 18:12:00,           2025-01-13 13:12:00,3.17,24.1,0.078,0.928349,0.931
1736792520,           2025-01-13 18:22:00,           2025-01-13 13:22:00,3.17,24.159,0.158,1.882572,0.933
1736793120,           2025-01-13 18:32:00,           2025-01-13 13:32:00,3.17,24.192,0.344,4.101288,0.937
1736793720,           2025-01-13 18:42:00,           2025-01-13 13:42:00,3.17,24.226,0.269,3.209144,0.936
1736794320,           2025-01-13 18:52:00,           2025-01-13 13:52:00,3.17,24.251,0.545,6.504826,0.941
1736794920,           2025-01-13 19:02:00,           2025-01-13 14:02:00,3.17,24.293,0.865,10.332249,0.946
1736795520,           2025-01-13 19:12:00,           2025-01-13 14:12:00,3.17,24.36,0.425,5.08287,0.939
1736796120,           2025-01-13 19:22:00,           2025-01-13 14:22:00,3.17,24.368,0.291,3.480788,0.936
1736796720,           2025-01-13 19:32:00,           2025-01-13 14:32:00,3.17,24.31,0.293,3.500933,0.936
1736797320,           2025-01-13 19:42:00,           2025-01-13 14:42:00,3.17,24.285,0.259,3.093242,0.935
1736797920,           2025-01-13 19:52:00,           2025-01-13 14:52:00,3.17,24.285,0.169,2.01837,0.933
1736798520,           2025-01-13 20:02:00,           2025-01-13 15:02:00,3.17,24.259,0.187,2.232264,0.934
1736799120,           2025-01-13 20:12:00,           2025-01-13 15:12:00,3.17,24.226,0.116,1.383869,0.932
1736799720,           2025-01-13 20:22:00,           2025-01-13 15:22:00,3.17,24.226,0.797,9.508133,0.945
1736800320,           2025-01-13 20:32:00,           2025-01-13 15:32:00,3.17,24.251,0.778,9.285788,0.945
1736800920,           2025-01-13 20:42:00,           2025-01-13 15:42:00,3.17,24.209,0.515,6.141955,0.94
1736801520,           2025-01-13 20:52:00,           2025-01-13 15:52:00,3.17,24.142,0.456,5.431524,0.939
1736802120,           2025-01-13 21:02:00,           2025-01-13 16:02:00,3.17,24.092,0.343,4.081745,0.937
1736802720,           2025-01-13 21:12:00,           2025-01-13 16:12:00,3.17,24.016,0.756,8.983738,0.944
1736803320,           2025-01-13 21:22:00,           2025-01-13 16:22:00,3.17,23.957,0.859,10.19646,0.945
1736803920,           2025-01-13 21:32:00,           2025-01-13 16:32:00,3.17,23.907,0.81,9.605833,0.945
1736804520,           2025-01-13 21:42:00,           2025-01-13 16:42:00,3.17,23.874,0.822,9.742121,0.945
1736805120,           2025-01-13 21:52:00,           2025-01-13 16:52:00,3.17,23.79,0.685,8.105666,0.943
1736805720,           2025-01-13 22:02:00,           2025-01-13 17:02:00,3.17,23.74,0.618,7.305995,0.942
1736806320,           2025-01-13 22:12:00,           2025-01-13 17:12:00,3.17,23.698,0.704,8.316129,0.943
1736806920,           2025-01-13 22:22:00,           2025-01-13 17:22:00,3.17,23.639,0.637,7.516345,0.942
1736807520,           2025-01-13 22:32:00,           2025-01-13 17:32:00,3.17,23.597,0.654,7.710849,0.942
1736808120,           2025-01-13 22:42:00,           2025-01-13 17:42:00,3.17,23.572,0.531,6.257701,0.941
1736808720,           2025-01-13 22:52:00,           2025-01-13 17:52:00,3.17,23.497,0.333,3.918786,0.936
1736809320,           2025-01-13 23:02:00,           2025-01-13 18:02:00,3.17,23.455,0.29,3.410058,0.936
1736809920,           2025-01-13 23:12:00,           2025-01-13 18:12:00,3.17,23.421,0.174,2.044724,0.933
1736810520,           2025-01-13 23:22:00,           2025-01-13 18:22:00,3.17,23.371,0.234,2.74721,0.934
1736811120,           2025-01-13 23:32:00,           2025-01-13 18:32:00,3.17,23.338,0.113,1.325818,0.931
1736811720,           2025-01-13 23:42:00,           2025-01-13 18:42:00,3.17,23.296,0.082,0.961336,0.931
1736812320,           2025-01-13 23:52:00,           2025-01-13 18:52:00,3.17,23.262,0.106,1.241904,0.931
1736812920,           2025-01-14 00:02:00,           2025-01-13 19:02:00,3.17,23.22,0.114,1.334573,0.931
1736813520,           2025-01-14 00:12:00,           2025-01-13 19:12:00,3.17,23.195,0.12,1.40415,0.932
1736814120,           2025-01-14 00:22:00,           2025-01-13 19:22:00,3.17,23.178,0.078,0.912404,0.931
1736814720,           2025-01-14 00:32:00,           2025-01-13 19:32:00,3.17,23.137,0.063,0.73637,0.93
1736815320,           2025-01-14 00:42:00,           2025-01-13 19:42:00,3.17,23.112,0.08,0.934631,0.931
1736815920,           2025-01-14 00:52:00,           2025-01-13 19:52:00,3.17,23.086,0.189,2.206977,0.933
1736816520,           2025-01-14 01:02:00,           2025-01-13 20:02:00,3.17,23.036,0.069,0.804959,0.93
1736817120,           2025-01-14 01:12:00,           2025-01-13 20:12:00,3.17,23.036,0.06,0.699964,0.93
1736817720,           2025-01-14 01:22:00,           2025-01-13 20:22:00,3.17,22.986,0.065,0.757576,0.93
1736818320,           2025-01-14 01:32:00,           2025-01-13 20:32:00,3.17,22.953,0.081,0.943465,0.931
1736818920,           2025-01-14 01:42:00,           2025-01-13 20:42:00,3.17,22.911,0.13,1.512996,0.932
1736819520,           2025-01-14 01:52:00,           2025-01-13 20:52:00,3.17,22.894,0.118,1.372891,0.932
1736820120,           2025-01-14 02:02:00,           2025-01-13 21:02:00,3.17,22.869,0.112,1.302464,0.932
1736820720,           2025-01-14 02:12:00,           2025-01-13 21:12:00,3.17,22.835,0.08,0.92973,0.931
1736821320,           2025-01-14 02:22:00,           2025-01-13 21:22:00,3.17,22.802,0.103,1.196277,0.931
1736821920,           2025-01-14 02:32:00,           2025-01-13 21:32:00,3.17,22.769,0.065,0.754458,0.93
1736822520,           2025-01-14 02:42:00,           2025-01-13 21:42:00,3.17,22.752,0.062,0.719404,0.93
1736823120,           2025-01-14 02:52:00,           2025-01-13 21:52:00,3.17,22.71,0.069,0.799987,0.93
1736823720,           2025-01-14 03:02:00,           2025-01-13 22:02:00,3.17,22.668,0.075,0.868855,0.931
1736824320,           2025-01-14 03:12:00,           2025-01-13 22:12:00,3.17,22.643,0.088,1.018971,0.931
1736824920,           2025-01-14 03:22:00,           2025-01-13 22:22:00,3.17,22.618,0.098,1.134222,0.931
1736825520,           2025-01-14 03:32:00,           2025-01-13 22:32:00,3.17,22.601,0.08,0.925595,0.931
1736826120,           2025-01-14 03:42:00,           2025-01-13 22:42:00,3.17,22.568,0.064,0.74001,0.93
1736826720,           2025-01-14 03:52:00,           2025-01-13 22:52:00,3.17,22.559,0.064,0.739883,0.93
1736827320,           2025-01-14 04:02:00,           2025-01-13 23:02:00,3.17,22.526,0.059,0.68165,0.93
1736827920,           2025-01-14 04:12:00,           2025-01-13 23:12:00,3.17,22.509,0.062,0.716077,0.93
1736828520,           2025-01-14 04:22:00,           2025-01-13 23:22:00,3.17,22.509,0.065,0.750726,0.93
1736829120,           2025-01-14 04:32:00,           2025-01-13 23:32:00,3.17,22.484,0.058,0.669559,0.93
1736829720,           2025-01-14 04:42:00,           2025-01-13 23:42:00,3.17,22.426,0.058,0.668816,0.93
1736830320,           2025-01-14 04:52:00,           2025-01-13 23:52:00,3.17,22.426,0.06,0.691879,0.93
1736830920,           2025-01-14 05:02:00,           2025-01-14 00:02:00,3.17,22.392,0.062,0.714477,0.93
1736831520,           2025-01-14 05:12:00,           2025-01-14 00:12:00,3.17,22.35,0.072,0.829048,0.931
1736832120,           2025-01-14 05:22:00,           2025-01-14 00:22:00,3.17,22.359,0.062,0.714025,0.93
1736832720,           2025-01-14 05:32:00,           2025-01-14 00:32:00,3.17,22.342,0.055,0.633203,0.93
1736833320,           2025-01-14 05:42:00,           2025-01-14 00:42:00,3.18,22.309,0.057,0.655814,0.93
1736833920,           2025-01-14 05:52:00,           2025-01-14 00:52:00,3.17,22.267,0.057,0.655286,0.93
1736834520,           2025-01-14 06:02:00,           2025-01-14 01:02:00,3.17,22.258,0.056,0.643679,0.93
1736835120,           2025-01-14 06:12:00,           2025-01-14 01:12:00,3.17,22.225,0.059,0.677732,0.931
1736835720,           2025-01-14 06:22:00,           2025-01-14 01:22:00,3.17,22.233,0.056,0.64337,0.93
1736836320,           2025-01-14 06:32:00,           2025-01-14 01:32:00,3.17,22.208,0.061,0.700478,0.93
1736836920,           2025-01-14 06:42:00,           2025-01-14 01:42:00,3.17,22.166,0.059,0.676965,0.93
1736837520,           2025-01-14 06:52:00,           2025-01-14 01:52:00,3.17,22.141,0.059,0.67664,0.93
1736838120,           2025-01-14 07:02:00,           2025-01-14 02:02:00,3.17,22.15,0.066,0.75705,0.931
1736838720,           2025-01-14 07:12:00,           2025-01-14 02:12:00,3.17,22.133,0.057,0.653602,0.93
1736839320,           2025-01-14 07:22:00,           2025-01-14 02:22:00,3.17,22.116,0.056,0.641926,0.93
1736839920,           2025-01-14 07:32:00,           2025-01-14 02:32:00,3.17,22.1,0.058,0.664647,0.93
1736840520,           2025-01-14 07:42:00,           2025-01-14 02:42:00,3.17,22.066,0.062,0.710021,0.931
1736841120,           2025-01-14 07:52:00,           2025-01-14 02:52:00,3.17,22.066,0.061,0.698569,0.931
1736841720,           2025-01-14 08:02:00,           2025-01-14 03:02:00,3.17,22.041,0.065,0.744018,0.931
1736842320,           2025-01-14 08:12:00,           2025-01-14 03:12:00,3.17,22.033,0.056,0.640902,0.931
1736842920,           2025-01-14 08:22:00,           2025-01-14 03:22:00,3.17,22.024,0.057,0.652233,0.93
1736843520,           2025-01-14 08:32:00,           2025-01-14 03:32:00,3.17,22.024,0.056,0.640791,0.931
1736844120,           2025-01-14 08:42:00,           2025-01-14 03:42:00,3.17,21.983,0.059,0.674586,0.93
1736844720,           2025-01-14 08:52:00,           2025-01-14 03:52:00,3.17,21.966,0.057,0.651505,0.93
1736845320,           2025-01-14 09:02:00,           2025-01-14 04:02:00,3.17,21.966,0.057,0.651505,0.931
1736845920,           2025-01-14 09:12:00,           2025-01-14 04:12:00,3.17,21.957,0.056,0.639964,0.931
1736846520,           2025-01-14 09:22:00,           2025-01-14 04:22:00,3.17,21.932,0.057,0.651078,0.931
1736847120,           2025-01-14 09:32:00,           2025-01-14 04:32:00,3.17,21.932,0.056,0.639656,0.93
1736847720,           2025-01-14 09:42:00,           2025-01-14 04:42:00,3.17,21.907,0.057,0.650765,0.931
1736848320,           2025-01-14 09:52:00,           2025-01-14 04:52:00,3.17,21.907,0.056,0.639348,0.931
1736848920,           2025-01-14 10:02:00,           2025-01-14 05:02:00,3.17,21.891,0.057,0.650564,0.931
1736849520,           2025-01-14 10:12:00,           2025-01-14 05:12:00,3.17,21.882,0.057,0.650451,0.931
1736850120,           2025-01-14 10:22:00,           2025-01-14 05:22:00,3.17,21.866,0.061,0.695882,0.931
1736850720,           2025-01-14 10:32:00,           2025-01-14 05:32:00,3.17,21.857,0.057,0.650137,0.931
1736851320,           2025-01-14 10:42:00,           2025-01-14 05:42:00,3.17,21.824,0.057,0.649723,0.931
1736851920,           2025-01-14 10:52:00,           2025-01-14 05:52:00,3.17,21.832,0.057,0.649824,0.931
1736852520,           2025-01-14 11:02:00,           2025-01-14 06:02:00,3.17,21.832,0.057,0.649824,0.931
1736853120,           2025-01-14 11:12:00,           2025-01-14 06:12:00,3.17,21.815,0.056,0.638214,0.931
1736853720,           2025-01-14 11:22:00,           2025-01-14 06:22:00,3.17,21.824,0.056,0.638325,0.931
1736854320,           2025-01-14 11:32:00,           2025-01-14 06:32:00,3.17,21.782,0.058,0.660586,0.931
1736854920,           2025-01-14 11:42:00,           2025-01-14 06:42:00,3.17,21.79,0.057,0.649297,0.931
1736855520,           2025-01-14 11:52:00,           2025-01-14 06:52:00,3.17,21.815,0.057,0.64961,0.931
1736856120,           2025-01-14 12:02:00,           2025-01-14 07:02:00,3.17,21.832,0.056,0.638423,0.931
1736856720,           2025-01-14 12:12:00,           2025-01-14 07:12:00,3.17,21.84,0.057,0.649924,0.931
1736857320,           2025-01-14 12:22:00,           2025-01-14 07:22:00,3.17,21.857,0.057,0.650137,0.931
1736857920,           2025-01-14 12:32:00,           2025-01-14 07:32:00,3.17,21.874,0.056,0.638941,0.931
1736858520,           2025-01-14 12:42:00,           2025-01-14 07:42:00,3.17,21.907,0.056,0.639348,0.931
1736859120,           2025-01-14 12:52:00,           2025-01-14 07:52:00,3.17,21.949,0.056,0.639866,0.931
1736859720,           2025-01-14 13:02:00,           2025-01-14 08:02:00,3.17,21.983,0.055,0.628851,0.931
1736860320,           2025-01-14 13:12:00,           2025-01-14 08:12:00,3.17,22.049,0.055,0.629651,0.931
1736860920,           2025-01-14 13:22:00,           2025-01-14 08:22:00,3.17,22.091,0.055,0.63016,0.931
1736861520,           2025-01-14 13:32:00,           2025-01-14 08:32:00,3.17,22.133,0.055,0.630669,0.931
1736862120,           2025-01-14 13:42:00,           2025-01-14 08:42:00,3.17,22.166,0.055,0.631069,0.931
1736862720,           2025-01-14 13:52:00,           2025-01-14 08:52:00,3.17,22.233,0.054,0.620393,0.931
1736863320,           2025-01-14 14:02:00,           2025-01-14 09:02:00,3.17,22.275,0.055,0.632391,0.931
1736863920,           2025-01-14 14:12:00,           2025-01-14 09:12:00,3.17,22.392,0.054,0.622286,0.931
1736864520,           2025-01-14 14:22:00,           2025-01-14 09:22:00,3.17,22.501,0.054,0.623585,0.931
1736865120,           2025-01-14 14:32:00,           2025-01-14 09:32:00,3.17,22.635,0.053,0.613605,0.931
1736865720,           2025-01-14 14:42:00,           2025-01-14 09:42:00,3.17,22.651,0.054,0.625373,0.931
1736866320,           2025-01-14 14:52:00,           2025-01-14 09:52:00,3.17,22.777,0.052,0.603658,0.931
1736866920,           2025-01-14 15:02:00,           2025-01-14 10:02:00,3.17,22.919,0.052,0.60529,0.931
1736867520,           2025-01-14 15:12:00,           2025-01-14 10:12:00,3.17,23.028,0.052,0.606544,0.931
1736868120,           2025-01-14 15:22:00,           2025-01-14 10:22:00,3.17,23.153,0.053,0.619674,0.931
1736868720,           2025-01-14 15:32:00,           2025-01-14 10:32:00,3.17,23.262,0.055,0.644384,0.931
1736869320,           2025-01-14 15:42:00,           2025-01-14 10:42:00,3.17,23.296,0.053,0.621351,0.931
1736869920,           2025-01-14 15:52:00,           2025-01-14 10:52:00,3.17,23.413,0.054,0.634474,0.931
1736870520,           2025-01-14 16:02:00,           2025-01-14 11:02:00,3.17,23.48,0.055,0.64704,0.932
1736871120,           2025-01-14 16:12:00,           2025-01-14 11:12:00,3.17,23.53,0.055,0.647649,0.932
1736871720,           2025-01-14 16:22:00,           2025-01-14 11:22:00,3.17,23.673,0.062,0.732043,0.932
1736872320,           2025-01-14 16:32:00,           2025-01-14 11:32:00,3.17,23.74,0.059,0.697498,0.932
1736872920,           2025-01-14 16:42:00,           2025-01-14 11:42:00,3.17,23.848,0.057,0.67522,0.932
1736873520,           2025-01-14 16:52:00,           2025-01-14 11:52:00,3.17,23.983,0.055,0.653176,0.932
1736874120,           2025-01-14 17:02:00,           2025-01-14 12:02:00,3.17,24.1,0.062,0.737918,0.932
1736874720,           2025-01-14 17:12:00,           2025-01-14 12:12:00,3.17,24.217,0.058,0.691818,0.932
1736875320,           2025-01-14 17:22:00,           2025-01-14 12:22:00,3.17,24.318,0.055,0.657269,0.932
1736875920,           2025-01-14 17:32:00,           2025-01-14 12:32:00,3.17,24.394,0.057,0.682134,0.932
1736876520,           2025-01-14 17:42:00,           2025-01-14 12:42:00,3.17,24.494,0.054,0.647433,0.932
1736877120,           2025-01-14 17:52:00,           2025-01-14 12:52:00,3.17,24.553,0.051,0.612134,0.932
1736877720,           2025-01-14 18:02:00,           2025-01-14 13:02:00,3.17,24.629,0.063,0.757231,0.932
1736878320,           2025-01-14 18:12:00,           2025-01-14 13:12:00,3.17,24.671,0.064,0.769849,0.932
1736878920,           2025-01-14 18:22:00,           2025-01-14 13:22:00,3.17,24.729,0.071,0.854969,0.933
1736879520,           2025-01-14 18:32:00,           2025-01-14 13:32:00,3.17,24.738,0.06,0.722629,0.933
1736880120,           2025-01-14 18:42:00,           2025-01-14 13:42:00,3.17,24.763,0.064,0.771161,0.932
1736880720,           2025-01-14 18:52:00,           2025-01-14 13:52:00,3.17,24.746,0.056,0.674553,0.932
1736881320,           2025-01-14 19:02:00,           2025-01-14 14:02:00,3.17,24.78,0.057,0.687031,0.932
1736881920,           2025-01-14 19:12:00,           2025-01-14 14:12:00,3.17,24.864,0.218,2.631671,0.937
1736882520,           2025-01-14 19:22:00,           2025-01-14 14:22:00,3.17,24.78,0.156,1.880295,0.935
1736883120,           2025-01-14 19:32:00,           2025-01-14 14:32:00,3.17,24.704,0.069,0.830501,0.932
1736883720,           2025-01-14 19:42:00,           2025-01-14 14:42:00,3.17,24.721,0.127,1.529084,0.934
1736884320,           2025-01-14 19:52:00,           2025-01-14 14:52:00,3.17,24.729,0.096,1.156014,0.933
1736884920,           2025-01-14 20:02:00,           2025-01-14 15:02:00,3.17,24.687,0.088,1.058856,0.933
1736885520,           2025-01-14 20:12:00,           2025-01-14 15:12:00,3.17,24.645,0.125,1.502888,0.934
1736886120,           2025-01-14 20:22:00,           2025-01-14 15:22:00,3.17,24.595,0.061,0.732731,0.932
1736886720,           2025-01-14 20:32:00,           2025-01-14 15:32:00,3.17,24.528,0.057,0.683833,0.932
1736887320,           2025-01-14 20:42:00,           2025-01-14 15:42:00,3.17,24.461,0.063,0.754876,0.932
1736887920,           2025-01-14 20:52:00,           2025-01-14 15:52:00,3.17,24.368,0.063,0.753573,0.932
1736888520,           2025-01-14 21:02:00,           2025-01-14 16:02:00,3.17,24.293,0.079,0.943639,0.933
1736889120,           2025-01-14 21:12:00,           2025-01-14 16:12:00,3.17,24.259,0.104,1.241473,0.933
1736889720,           2025-01-14 21:22:00,           2025-01-14 16:22:00,3.17,24.184,0.062,0.739075,0.932
1736890320,           2025-01-14 21:32:00,           2025-01-14 16:32:00,3.17,24.125,0.076,0.904967,0.933
1736890920,           2025-01-14 21:42:00,           2025-01-14 16:42:00,3.17,24.066,0.107,1.272696,0.933
1736891520,           2025-01-14 21:52:00,           2025-01-14 16:52:00,3.17,24.008,0.12,1.425777,0.934
1736892120,           2025-01-14 22:02:00,           2025-01-14 17:02:00,3.17,23.957,0.226,2.682654,0.936
1736892720,           2025-01-14 22:12:00,           2025-01-14 17:12:00,3.17,23.89,0.458,5.429718,0.941
1736893320,           2025-01-14 22:22:00,           2025-01-14 17:22:00,3.17,23.84,0.547,6.478768,0.942
1736893920,           2025-01-14 22:32:00,           2025-01-14 17:32:00,3.17,23.79,0.519,6.141374,0.942
1736894520,           2025-01-14 22:42:00,           2025-01-14 17:42:00,3.17,23.714,0.246,2.906793,0.936
1736895120,           2025-01-14 22:52:00,           2025-01-14 17:52:00,3.17,23.673,0.385,4.545749,0.939
1736895720,           2025-01-14 23:02:00,           2025-01-14 18:02:00,3.17,23.614,0.343,4.045362,0.938
1736896320,           2025-01-14 23:12:00,           2025-01-14 18:12:00,3.17,23.58,0.184,2.16872,0.934
1736896920,           2025-01-14 23:22:00,           2025-01-14 18:22:00,3.17,23.513,0.09,1.05945,0.932
1736897520,           2025-01-14 23:32:00,           2025-01-14 18:32:00,3.17,23.471,0.086,1.011563,0.932
1736898120,           2025-01-14 23:42:00,           2025-01-14 18:42:00,3.17,23.455,0.084,0.987741,0.932
1736898720,           2025-01-14 23:52:00,           2025-01-14 18:52:00,3.17,23.379,0.086,1.009811,0.932
1736899320,           2025-01-15 00:02:00,           2025-01-14 19:02:00,3.17,23.371,0.059,0.692673,0.931
1736899920,           2025-01-15 00:12:00,           2025-01-14 19:12:00,3.17,23.338,0.056,0.657043,0.931
1736900520,           2025-01-15 00:22:00,           2025-01-14 19:22:00,3.17,23.279,0.061,0.71491,0.931
1736901120,           2025-01-15 00:32:00,           2025-01-14 19:32:00,3.17,23.254,0.063,0.738001,0.932
1736901720,           2025-01-15 00:42:00,           2025-01-14 19:42:00,3.17,23.22,0.086,1.006783,0.932
1736902320,           2025-01-15 00:52:00,           2025-01-14 19:52:00,3.17,23.195,0.062,0.725477,0.932
1736902920,           2025-01-15 01:02:00,           2025-01-14 20:02:00,3.17,23.153,0.061,0.713209,0.932
1736903520,           2025-01-15 01:12:00,           2025-01-14 20:12:00,3.17,23.137,0.059,0.689616,0.931
1736904120,           2025-01-15 01:22:00,           2025-01-14 20:22:00,3.17,23.112,0.058,0.677607,0.932
1736904720,           2025-01-15 01:32:00,           2025-01-14 20:32:00,3.17,23.095,0.055,0.642352,0.931
1736905320,           2025-01-15 01:42:00,           2025-01-14 20:42:00,3.17,23.061,0.056,0.65361,0.931
1736905920,           2025-01-15 01:52:00,           2025-01-14 20:52:00,3.17,23.011,0.055,0.64133,0.931
1736906520,           2025-01-15 02:02:00,           2025-01-14 21:02:00,3.17,22.994,0.063,0.734377,0.932
1736907120,           2025-01-15 02:12:00,           2025-01-14 21:12:00,3.17,22.978,0.057,0.664235,0.931
1736907720,           2025-01-15 02:22:00,           2025-01-14 21:22:00,3.17,22.927,0.056,0.65195,0.931
1736908320,           2025-01-15 02:32:00,           2025-01-14 21:32:00,3.17,22.902,0.055,0.640004,0.931
1736908920,           2025-01-15 02:42:00,           2025-01-14 21:42:00,3.17,22.894,0.054,0.628272,0.931
1736909520,           2025-01-15 02:52:00,           2025-01-14 21:52:00,3.17,22.844,0.056,0.650923,0.931
1736910120,           2025-01-15 03:02:00,           2025-01-14 22:02:00,3.17,22.835,0.055,0.63919,0.931
1736910720,           2025-01-15 03:12:00,           2025-01-14 22:12:00,3.17,22.777,0.055,0.638485,0.931
1736911320,           2025-01-15 03:22:00,           2025-01-14 22:22:00,3.17,22.769,0.055,0.638388,0.931
1736911920,           2025-01-15 03:32:00,           2025-01-14 22:32:00,3.17,22.743,0.054,0.62647,0.931
1736912520,           2025-01-15 03:42:00,           2025-01-14 22:42:00,3.17,22.743,0.054,0.62647,0.931
1736913120,           2025-01-15 03:52:00,           2025-01-14 22:52:00,3.17,22.693,0.055,0.637464,0.931
1736913720,           2025-01-15 04:02:00,           2025-01-14 23:02:00,3.17,22.677,0.057,0.660443,0.931
1736914320,           2025-01-15 04:12:00,           2025-01-14 23:12:00,3.17,22.643,0.056,0.648436,0.931
1736914920,           2025-01-15 04:22:00,           2025-01-14 23:22:00,3.17,22.626,0.054,0.625075,0.931
1736915520,           2025-01-15 04:32:00,           2025-01-14 23:32:00,3.17,22.576,0.054,0.624479,0.931
1736916120,           2025-01-15 04:42:00,           2025-01-14 23:42:00,3.17,22.559,0.054,0.624276,0.931
1736916720,           2025-01-15 04:52:00,           2025-01-14 23:52:00,3.17,22.543,0.054,0.624085,0.931
1736917320,           2025-01-15 05:02:00,           2025-01-15 00:02:00,3.17,22.543,0.055,0.635643,0.931
1736917920,           2025-01-15 05:12:00,           2025-01-15 00:12:00,3.17,22.518,0.054,0.623787,0.931
1736918520,           2025-01-15 05:22:00,           2025-01-15 00:22:00,3.17,22.484,0.054,0.623382,0.931
1736919120,           2025-01-15 05:32:00,           2025-01-15 00:32:00,3.17,22.467,0.054,0.62318,0.931
1736919720,           2025-01-15 05:42:00,           2025-01-15 00:42:00,3.17,22.467,0.054,0.62318,0.931
1736920320,           2025-01-15 05:52:00,           2025-01-15 00:52:00,3.17,22.426,0.054,0.622691,0.931
1736920920,           2025-01-15 06:02:00,           2025-01-15 01:02:00,3.17,22.417,0.054,0.622584,0.931
1736921520,           2025-01-15 06:12:00,           2025-01-15 01:12:00,3.17,22.409,0.054,0.622489,0.931
1736922120,           2025-01-15 06:22:00,           2025-01-15 01:22:00,3.17,22.384,0.054,0.622191,0.931
1736922720,           2025-01-15 06:32:00,           2025-01-15 01:32:00,3.17,22.359,0.054,0.621893,0.931
1736923320,           2025-01-15 06:42:00,           2025-01-15 01:42:00,3.17,22.342,0.054,0.62169,0.931
1736923920,           2025-01-15 06:52:00,           2025-01-15 01:52:00,3.17,22.334,0.054,0.621595,0.931
1736924520,           2025-01-15 07:02:00,           2025-01-15 02:02:00,3.17,22.317,0.054,0.621393,0.931
1736925120,           2025-01-15 07:12:00,           2025-01-15 02:12:00,3.17,22.275,0.054,0.620893,0.931
1736925720,           2025-01-15 07:22:00,           2025-01-15 02:22:00,3.17,22.275,0.054,0.620893,0.931
1736926320,           2025-01-15 07:32:00,           2025-01-15 02:32:00,3.17,22.25,0.054,0.620595,0.931
1736926920,           2025-01-15 07:42:00,           2025-01-15 02:42:00,3.17,22.233,0.054,0.620393,0.931
1736927520,           2025-01-15 07:52:00,           2025-01-15 02:52:00,3.17,22.208,0.055,0.631578,0.931
1736928120,           2025-01-15 08:02:00,           2025-01-15 03:02:00,3.17,22.208,0.054,0.620095,0.931
1736928720,           2025-01-15 08:12:00,           2025-01-15 03:12:00,3.17,22.175,0.055,0.631178,0.931
1736929320,           2025-01-15 08:22:00,           2025-01-15 03:22:00,3.17,22.158,0.054,0.6195,0.931
1736929920,           2025-01-15 08:32:00,           2025-01-15 03:32:00,3.17,22.133,0.055,0.630669,0.931
1736930520,           2025-01-15 08:42:00,           2025-01-15 03:42:00,3.17,22.125,0.054,0.619107,0.931
1736931120,           2025-01-15 08:52:00,           2025-01-15 03:52:00,3.17,22.116,0.054,0.619,0.931
1736931720,           2025-01-15 09:02:00,           2025-01-15 04:02:00,3.17,22.1,0.054,0.61881,0.931
1736932320,           2025-01-15 09:12:00,           2025-01-15 04:12:00,3.17,22.074,0.055,0.629954,0.931
1736932920,           2025-01-15 09:22:00,           2025-01-15 04:22:00,3.17,22.058,0.054,0.61831,0.931
1736933520,           2025-01-15 09:32:00,           2025-01-15 04:32:00,3.17,22.041,0.054,0.618108,0.931
1736934120,           2025-01-15 09:42:00,           2025-01-15 04:42:00,3.17,22.016,0.055,0.629251,0.931
1736934720,           2025-01-15 09:52:00,           2025-01-15 04:52:00,3.17,22.016,0.055,0.629251,0.931
1736935320,           2025-01-15 10:02:00,           2025-01-15 05:02:00,3.17,21.991,0.054,0.617513,0.931
1736935920,           2025-01-15 10:12:00,           2025-01-15 05:12:00,3.17,21.991,0.054,0.617513,0.931
1736936520,           2025-01-15 10:22:00,           2025-01-15 05:22:00,3.17,21.983,0.054,0.617418,0.931
1736937120,           2025-01-15 10:32:00,           2025-01-15 05:32:00,3.17,21.957,0.054,0.617108,0.931
1736937720,           2025-01-15 10:42:00,           2025-01-15 05:42:00,3.17,21.924,0.055,0.628137,0.931
1736938320,           2025-01-15 10:52:00,           2025-01-15 05:52:00,3.17,21.932,0.055,0.628234,0.931
1736938920,           2025-01-15 11:02:00,           2025-01-15 06:02:00,3.17,21.899,0.055,0.627834,0.931
1736939520,           2025-01-15 11:12:00,           2025-01-15 06:12:00,3.17,21.891,0.055,0.627737,0.931
1736940120,           2025-01-15 11:22:00,           2025-01-15 06:22:00,3.17,21.899,0.055,0.627834,0.931
1736940720,           2025-01-15 11:32:00,           2025-01-15 06:32:00,3.17,21.899,0.055,0.627834,0.931
1736941320,           2025-01-15 11:42:00,           2025-01-15 06:42:00,3.17,21.916,0.055,0.62804,0.931
1736941920,           2025-01-15 11:52:00,           2025-01-15 06:52:00,3.17,21.924,0.055,0.628137,0.931
1736942520,           2025-01-15 12:02:00,           2025-01-15 07:02:00,3.17,21.949,0.055,0.62844,0.931
1736943120,           2025-01-15 12:12:00,           2025-01-15 07:12:00,3.17,21.957,0.054,0.617108,0.931
1736943720,           2025-01-15 12:22:00,           2025-01-15 07:22:00,3.17,21.966,0.055,0.628645,0.931
1736944320,           2025-01-15 12:32:00,           2025-01-15 07:32:00,3.17,21.991,0.055,0.628948,0.931
1736944920,           2025-01-15 12:42:00,           2025-01-15 07:42:00,3.17,22.024,0.055,0.629348,0.931
1736945520,           2025-01-15 12:52:00,           2025-01-15 07:52:00,3.17,22.016,0.055,0.629251,0.931
1736946120,           2025-01-15 13:02:00,           2025-01-15 08:02:00,3.17,22.049,0.054,0.618203,0.931
1736946720,           2025-01-15 13:12:00,           2025-01-15 08:12:00,3.17,22.074,0.054,0.6185,0.931
1736947320,           2025-01-15 13:22:00,           2025-01-15 08:22:00,3.17,22.116,0.054,0.619,0.931
1736947920,           2025-01-15 13:32:00,           2025-01-15 08:32:00,3.17,22.15,0.054,0.619405,0.931
1736948520,           2025-01-15 13:42:00,           2025-01-15 08:42:00,3.17,22.225,0.053,0.60881,0.931
1736949120,           2025-01-15 13:52:00,           2025-01-15 08:52:00,3.17,22.267,0.054,0.620797,0.931
1736949720,           2025-01-15 14:02:00,           2025-01-15 09:02:00,3.17,22.442,0.053,0.611347,0.931
1736950320,           2025-01-15 14:12:00,           2025-01-15 09:12:00,3.17,22.484,0.053,0.611838,0.931
1736950920,           2025-01-15 14:22:00,           2025-01-15 09:22:00,3.17,22.534,0.053,0.612423,0.931
1736951520,           2025-01-15 14:32:00,           2025-01-15 09:32:00,3.17,22.534,0.055,0.635533,0.931
1736952120,           2025-01-15 14:42:00,           2025-01-15 09:42:00,3.17,22.685,0.053,0.61419,0.931
1736952720,           2025-01-15 14:52:00,           2025-01-15 09:52:00,3.17,22.769,0.053,0.615174,0.931
1736953320,           2025-01-15 15:02:00,           2025-01-15 10:02:00,3.17,22.794,0.054,0.627079,0.931
1736953920,           2025-01-15 15:12:00,           2025-01-15 10:12:00,3.17,22.819,0.052,0.604141,0.931
1736954520,           2025-01-15 15:22:00,           2025-01-15 10:22:00,3.17,22.911,0.052,0.605198,0.931
1736955120,           2025-01-15 15:32:00,           2025-01-15 10:32:00,3.17,23.003,0.059,0.687867,0.931
1736955720,           2025-01-15 15:42:00,           2025-01-15 10:42:00,3.17,23.095,0.06,0.700747,0.932
1736956320,           2025-01-15 15:52:00,           2025-01-15 10:52:00,3.17,23.162,0.06,0.701637,0.932
1736956920,           2025-01-15 16:02:00,           2025-01-15 11:02:00,3.17,23.271,0.052,0.60934,0.931
1736957520,           2025-01-15 16:12:00,           2025-01-15 11:12:00,3.17,23.338,0.054,0.633577,0.932
1736958120,           2025-01-15 16:22:00,           2025-01-15 11:22:00,3.17,23.388,0.054,0.634175,0.932
1736958720,           2025-01-15 16:32:00,           2025-01-15 11:32:00,3.17,23.463,0.055,0.646833,0.932
1736959320,           2025-01-15 16:42:00,           2025-01-15 11:42:00,3.17,23.597,0.055,0.648466,0.932
1736959920,           2025-01-15 16:52:00,           2025-01-15 11:52:00,3.17,23.714,0.062,0.732606,0.932
1736960520,           2025-01-15 17:02:00,           2025-01-15 12:02:00,3.17,23.815,0.073,0.86422,0.932
1736961120,           2025-01-15 17:12:00,           2025-01-15 12:12:00,3.17,23.865,0.056,0.663585,0.932
1736961720,           2025-01-15 17:22:00,           2025-01-15 12:22:00,3.17,23.949,0.105,1.246179,0.933
1736962320,           2025-01-15 17:32:00,           2025-01-15 12:32:00,3.17,24.05,0.151,1.795511,0.934
1736962920,           2025-01-15 17:42:00,           2025-01-15 12:42:00,3.16,24.108,0.19,2.2617,0.935
1736963520,           2025-01-15 17:52:00,           2025-01-15 12:52:00,3.16,24.201,0.09,1.073191,0.932
1736964120,           2025-01-15 18:02:00,           2025-01-15 13:02:00,3.16,24.226,0.457,5.451966,0.941
1736964720,           2025-01-15 18:12:00,           2025-01-15 13:12:00,3.17,24.268,0.412,4.918966,0.94
1736965320,           2025-01-15 18:22:00,           2025-01-15 13:22:00,3.17,24.368,1,11.961472,0.947
1736965920,           2025-01-15 18:32:00,           2025-01-15 13:32:00,3.17,24.394,0.849,10.160199,0.946
1736966520,           2025-01-15 18:42:00,           2025-01-15 13:42:00,3.17,24.368,1.346,16.100142,0.95
1736967120,           2025-01-15 18:52:00,           2025-01-15 13:52:00,3.17,24.368,1.028,12.296393,0.947
1736967720,           2025-01-15 19:02:00,           2025-01-15 14:02:00,3.17,24.377,0.71,8.494066,0.944
1736968320,           2025-01-15 19:12:00,           2025-01-15 14:12:00,3.17,24.326,0.519,6.203157,0.941
1736968920,           2025-01-15 19:22:00,           2025-01-15 14:22:00,3.17,24.335,0.335,4.004635,0.937
1736969520,           2025-01-15 19:32:00,           2025-01-15 14:32:00,3.17,24.301,0.334,3.990156,0.937
1736970120,           2025-01-15 19:42:00,           2025-01-15 14:42:00,3.17,24.293,0.607,7.250491,0.942
1736970720,           2025-01-15 19:52:00,           2025-01-15 14:52:00,3.17,24.326,0.674,8.055738,0.943
1736971320,           2025-01-15 20:02:00,           2025-01-15 15:02:00,3.17,24.31,0.717,8.567129,0.944
1736971920,           2025-01-15 20:12:00,           2025-01-15 15:12:00,3.16,24.251,0.473,5.645473,0.94
1736972520,           2025-01-15 20:22:00,           2025-01-15 15:22:00,3.16,24.226,0.507,6.048461,0.941
1736973120,           2025-01-15 20:32:00,           2025-01-15 15:32:00,3.16,24.184,0.682,8.129829,0.943
1736973720,           2025-01-15 20:42:00,           2025-01-15 15:42:00,3.16,24.167,0.748,8.913761,0.944
1736974320,           2025-01-15 20:52:00,           2025-01-15 15:52:00,3.16,24.175,0.729,8.688638,0.944
1736974920,           2025-01-15 21:02:00,           2025-01-15 16:02:00,3.16,24.125,1.358,16.170332,0.949
1736975520,           2025-01-15 21:12:00,           2025-01-15 16:12:00,3.17,24.092,1.508,17.945397,0.95
1736976120,           2025-01-15 21:22:00,           2025-01-15 16:22:00,3.16,24.05,1.583,18.823139,0.95
1736976720,           2025-01-15 21:32:00,           2025-01-15 16:32:00,3.17,24.033,1.619,19.245096,0.951
1736977320,           2025-01-15 21:42:00,           2025-01-15 16:42:00,3.17,23.991,1.613,19.15873,0.951
1736977920,           2025-01-15 21:52:00,           2025-01-15 16:52:00,3.17,23.966,1.489,17.677631,0.95
1736978520,           2025-01-15 22:02:00,           2025-01-15 17:02:00,3.17,23.924,1.271,15.077652,0.949
1736979120,           2025-01-15 22:12:00,           2025-01-15 17:12:00,3.17,23.899,1.56,18.497352,0.95
1736979720,           2025-01-15 22:22:00,           2025-01-15 17:22:00,3.17,23.882,1.445,17.128313,0.95
1736980320,           2025-01-15 22:32:00,           2025-01-15 17:32:00,3.17,23.857,1.393,16.504202,0.949
1736980920,           2025-01-15 22:42:00,           2025-01-15 17:42:00,3.17,23.815,1.258,14.893004,0.949
1736981520,           2025-01-15 22:52:00,           2025-01-15 17:52:00,3.17,23.815,1.422,16.834541,0.949
1736982120,           2025-01-15 23:02:00,           2025-01-15 18:02:00,3.17,23.765,1.432,16.937043,0.949
1736982720,           2025-01-15 23:12:00,           2025-01-15 18:12:00,3.17,23.748,1.447,17.108999,0.95
1736983320,           2025-01-15 23:22:00,           2025-01-15 18:22:00,3.17,23.698,1.173,13.856277,0.948
1736983920,           2025-01-15 23:32:00,           2025-01-15 18:32:00,3.17,23.698,0.965,11.399239,0.946
1736984520,           2025-01-15 23:42:00,           2025-01-15 18:42:00,3.17,23.681,1.018,12.021474,0.947
1736985120,           2025-01-15 23:52:00,           2025-01-15 18:52:00,3.17,23.673,0.894,10.555583,0.945
1736985720,           2025-01-16 00:02:00,           2025-01-15 19:02:00,3.17,23.664,0.72,8.499703,0.943
1736986320,           2025-01-16 00:12:00,           2025-01-15 19:12:00,3.17,23.656,0.711,8.392196,0.943
1736986920,           2025-01-16 00:22:00,           2025-01-15 19:22:00,3.17,23.656,0.707,8.344982,0.943
1736987520,           2025-01-16 00:32:00,           2025-01-15 19:32:00,3.17,23.639,0.576,6.79657,0.941
1736988120,           2025-01-16 00:42:00,           2025-01-15 19:42:00,3.17,23.647,0.432,5.098194,0.938
1736988720,           2025-01-16 00:52:00,           2025-01-15 19:52:00,3.17,23.622,0.534,6.298974,0.941
1736989320,           2025-01-16 01:02:00,           2025-01-15 20:02:00,3.17,23.58,0.475,5.598597,0.939
1736989920,           2025-01-16 01:12:00,           2025-01-15 20:12:00,3.17,23.555,0.543,6.397072,0.941
1736990520,           2025-01-16 01:22:00,           2025-01-15 20:22:00,3.17,23.53,0.393,4.627747,0.938
1736991120,           2025-01-16 01:32:00,           2025-01-15 20:32:00,3.17,23.53,0.378,4.451116,0.938
1736991720,           2025-01-16 01:42:00,           2025-01-15 20:42:00,3.17,23.505,0.269,3.166103,0.935
1736992320,           2025-01-16 01:52:00,           2025-01-15 20:52:00,3.17,23.497,0.246,2.894959,0.935
1736992920,           2025-01-16 02:02:00,           2025-01-15 21:02:00,3.17,23.463,0.224,2.634373,0.934
1736993520,           2025-01-16 02:12:00,           2025-01-15 21:12:00,3.17,23.463,0.161,1.893455,0.933
1736994120,           2025-01-16 02:22:00,           2025-01-15 21:22:00,3.17,23.446,0.131,1.540144,0.932
1736994720,           2025-01-16 02:32:00,           2025-01-15 21:32:00,3.17,23.43,0.112,1.316368,0.932
1736995320,           2025-01-16 02:42:00,           2025-01-15 21:42:00,3.17,23.396,0.116,1.362507,0.932
1736995920,           2025-01-16 02:52:00,           2025-01-15 21:52:00,3.17,23.413,0.125,1.468689,0.932
1736996520,           2025-01-16 03:02:00,           2025-01-15 22:02:00,3.17,23.379,0.068,0.798455,0.931
1736997120,           2025-01-16 03:12:00,           2025-01-15 22:12:00,3.17,23.371,0.081,0.950957,0.931
1736997720,           2025-01-16 03:22:00,           2025-01-15 22:22:00,3.17,23.346,0.097,1.138264,0.932
1736998320,           2025-01-16 03:32:00,           2025-01-15 22:32:00,3.17,23.346,0.112,1.314284,0.932
1736998920,           2025-01-16 03:42:00,           2025-01-15 22:42:00,3.17,23.312,0.083,0.973353,0.931
1736999520,           2025-01-16 03:52:00,           2025-01-15 22:52:00,3.17,23.321,0.134,1.571705,0.933
1737000120,           2025-01-16 04:02:00,           2025-01-15 23:02:00,3.17,23.304,0.267,3.130676,0.936
1737000720,           2025-01-16 04:12:00,           2025-01-15 23:12:00,3.17,23.279,0.197,2.308809,0.934
1737001320,           2025-01-16 04:22:00,           2025-01-15 23:22:00,3.17,23.262,0.185,2.167474,0.934
1737001920,           2025-01-16 04:32:00,           2025-01-15 23:32:00,3.17,23.262,0.224,2.624401,0.935
1737002520,           2025-01-16 04:42:00,           2025-01-15 23:42:00,3.17,23.245,0.198,2.319038,0.934
1737003120,           2025-01-16 04:52:00,           2025-01-15 23:52:00,3.17,23.22,0.093,1.088731,0.932
1737003720,           2025-01-16 05:02:00,           2025-01-16 00:02:00,3.17,23.22,0.069,0.807768,0.931
1737004320,           2025-01-16 05:12:00,           2025-01-16 00:12:00,3.17,23.204,0.07,0.819227,0.931
1737004920,           2025-01-16 05:22:00,           2025-01-16 00:22:00,3.17,23.204,0.061,0.713898,0.931
1737005520,           2025-01-16 05:32:00,           2025-01-16 00:32:00,3.17,23.187,0.064,0.748767,0.931
1737006120,           2025-01-16 05:42:00,           2025-01-16 00:42:00,3.17,23.178,0.054,0.631664,0.931
1737006720,           2025-01-16 05:52:00,           2025-01-16 00:52:00,3.17,23.137,0.055,0.642863,0.931
1737007320,           2025-01-16 06:02:00,           2025-01-16 01:02:00,3.17,23.17,0.055,0.643264,0.931
1737007920,           2025-01-16 06:12:00,           2025-01-16 01:12:00,3.17,23.137,0.053,0.619486,0.931
1737008520,           2025-01-16 06:22:00,           2025-01-16 01:22:00,3.17,23.137,0.059,0.689616,0.931
1737009120,           2025-01-16 06:32:00,           2025-01-16 01:32:00,3.17,23.103,0.054,0.630768,0.931
1737009720,           2025-01-16 06:42:00,           2025-01-16 01:42:00,3.17,23.095,0.054,0.630672,0.931
1737010320,           2025-01-16 06:52:00,           2025-01-16 01:52:00,3.17,23.086,0.053,0.618888,0.931
1737010920,           2025-01-16 07:02:00,           2025-01-16 02:02:00,3.17,23.086,0.053,0.618888,0.931
1737011520,           2025-01-16 07:12:00,           2025-01-16 02:12:00,3.17,23.053,0.054,0.630171,0.931
1737012120,           2025-01-16 07:22:00,           2025-01-16 02:22:00,3.17,23.019,0.055,0.641427,0.931
1737012720,           2025-01-16 07:32:00,           2025-01-16 02:32:00,3.17,23.019,0.054,0.629765,0.931
1737013320,           2025-01-16 07:42:00,           2025-01-16 02:42:00,3.17,23.011,0.062,0.722954,0.931
1737013920,           2025-01-16 07:52:00,           2025-01-16 02:52:00,3.17,23.019,0.053,0.618102,0.931
1737014520,           2025-01-16 08:02:00,           2025-01-16 03:02:00,3.17,22.986,0.057,0.664336,0.931
1737015120,           2025-01-16 08:12:00,           2025-01-16 03:12:00,3.17,22.961,0.055,0.640722,0.931
1737015720,           2025-01-16 08:22:00,           2025-01-16 03:22:00,3.17,22.936,0.053,0.61713,0.931
1737016320,           2025-01-16 08:32:00,           2025-01-16 03:32:00,3.17,22.919,0.058,0.675131,0.931
1737016920,           2025-01-16 08:42:00,           2025-01-16 03:42:00,3.17,22.927,0.053,0.617024,0.931
1737017520,           2025-01-16 08:52:00,           2025-01-16 03:52:00,3.17,22.894,0.056,0.651542,0.931
1737018120,           2025-01-16 09:02:00,           2025-01-16 04:02:00,3.17,22.886,0.055,0.63981,0.931
1737018720,           2025-01-16 09:12:00,           2025-01-16 04:12:00,3.17,22.869,0.056,0.651232,0.931
1737019320,           2025-01-16 09:22:00,           2025-01-16 04:22:00,3.17,22.852,0.057,0.662647,0.931
1737019920,           2025-01-16 09:32:00,           2025-01-16 04:32:00,3.17,22.819,0.054,0.627377,0.931
1737020520,           2025-01-16 09:42:00,           2025-01-16 04:42:00,3.17,22.81,0.054,0.62727,0.931
1737021120,           2025-01-16 09:52:00,           2025-01-16 04:52:00,3.17,22.785,0.073,0.847573,0.931
1737021720,           2025-01-16 10:02:00,           2025-01-16 05:02:00,3.17,22.777,0.059,0.68492,0.931
1737022320,           2025-01-16 10:12:00,           2025-01-16 05:12:00,3.17,22.769,0.054,0.626781,0.931
1737022920,           2025-01-16 10:22:00,           2025-01-16 05:22:00,3.17,22.76,0.054,0.626673,0.931
1737023520,           2025-01-16 10:32:00,           2025-01-16 05:32:00,3.17,22.735,0.054,0.626375,0.931
1737024120,           2025-01-16 10:42:00,           2025-01-16 05:42:00,3.17,22.702,0.054,0.625981,0.931
1737024720,           2025-01-16 10:52:00,           2025-01-16 05:52:00,3.17,22.677,0.065,0.753137,0.931
1737025320,           2025-01-16 11:02:00,           2025-01-16 06:02:00,3.17,22.668,0.054,0.625576,0.931
1737025920,           2025-01-16 11:12:00,           2025-01-16 06:12:00,3.17,22.677,0.055,0.63727,0.931
1737026520,           2025-01-16 11:22:00,           2025-01-16 06:22:00,3.17,22.677,0.054,0.625683,0.931
1737027120,           2025-01-16 11:32:00,           2025-01-16 06:32:00,3.17,22.651,0.054,0.625373,0.931
1737027720,           2025-01-16 11:42:00,           2025-01-16 06:42:00,3.17,22.668,0.055,0.637161,0.931
1737028320,           2025-01-16 11:52:00,           2025-01-16 06:52:00,3.17,22.702,0.054,0.625981,0.931
1737028920,           2025-01-16 12:02:00,           2025-01-16 07:02:00,3.17,22.71,0.054,0.626077,0.931
1737029520,           2025-01-16 12:12:00,           2025-01-16 07:12:00,3.17,22.685,0.054,0.625779,0.931
1737030120,           2025-01-16 12:22:00,           2025-01-16 07:22:00,3.17,22.718,0.053,0.614576,0.931
1737030720,           2025-01-16 12:32:00,           2025-01-16 07:32:00,3.17,22.743,0.053,0.614869,0.931
1737031320,           2025-01-16 12:42:00,           2025-01-16 07:42:00,3.17,22.727,0.054,0.62628,0.931
1737031920,           2025-01-16 12:52:00,           2025-01-16 07:52:00,3.17,22.752,0.054,0.626578,0.931
1737032520,           2025-01-16 13:02:00,           2025-01-16 08:02:00,3.17,22.802,0.053,0.61556,0.931
1737033120,           2025-01-16 13:12:00,           2025-01-16 08:12:00,3.17,22.827,0.053,0.615853,0.931
1737033720,           2025-01-16 13:22:00,           2025-01-16 08:22:00,3.17,22.869,0.053,0.616345,0.931
1737034320,           2025-01-16 13:32:00,           2025-01-16 08:32:00,3.17,22.919,0.054,0.628571,0.931
1737034920,           2025-01-16 13:42:00,           2025-01-16 08:42:00,3.17,22.986,0.054,0.629371,0.931
1737035520,           2025-01-16 13:52:00,           2025-01-16 08:52:00,3.17,23.061,0.053,0.618595,0.931
1737036120,           2025-01-16 14:02:00,           2025-01-16 09:02:00,3.17,23.095,0.063,0.735785,0.931
1737036720,           2025-01-16 14:12:00,           2025-01-16 09:12:00,3.17,23.137,0.146,1.706508,0.933
1737037320,           2025-01-16 14:22:00,           2025-01-16 09:22:00,3.17,23.262,0.125,1.46451,0.933
1737037920,           2025-01-16 14:32:00,           2025-01-16 09:32:00,3.17,23.371,0.183,2.148459,0.934
1737038520,           2025-01-16 14:42:00,           2025-01-16 09:42:00,3.17,23.43,0.082,0.963769,0.932
1737039120,           2025-01-16 14:52:00,           2025-01-16 09:52:00,3.17,23.564,0.105,1.237212,0.932
1737039720,           2025-01-16 15:02:00,           2025-01-16 10:02:00,3.17,23.706,0.222,2.62281,0.935
1737040320,           2025-01-16 15:12:00,           2025-01-16 10:12:00,3.17,23.731,0.128,1.51296,0.933
1737040920,           2025-01-16 15:22:00,           2025-01-16 10:22:00,3.17,23.798,0.102,1.207156,0.932
1737041520,           2025-01-16 15:32:00,           2025-01-16 10:32:00,3.17,23.974,0.63,7.480573,0.943
1737042120,           2025-01-16 15:42:00,           2025-01-16 10:42:00,3.17,23.932,0.466,5.528904,0.94
1737042720,           2025-01-16 15:52:00,           2025-01-16 10:52:00,3.17,24.058,0.552,6.564703,0.942
1737043320,           2025-01-16 16:02:00,           2025-01-16 11:02:00,3.16,24.108,0.711,8.46352,0.944
1737043920,           2025-01-16 16:12:00,           2025-01-16 11:12:00,3.16,24.184,0.552,6.580155,0.941
1737044520,           2025-01-16 16:22:00,           2025-01-16 11:22:00,3.16,24.251,0.46,5.490312,0.94
1737045120,           2025-01-16 16:32:00,           2025-01-16 11:32:00,3.17,24.377,0.375,4.486303,0.938
1737045720,           2025-01-16 16:42:00,           2025-01-16 11:42:00,3.17,24.494,0.797,9.555631,0.945
1737046320,           2025-01-16 16:52:00,           2025-01-16 11:52:00,3.17,24.603,0.484,5.814658,0.94
1737046920,           2025-01-16 17:02:00,           2025-01-16 12:02:00,3.17,24.696,0.45,5.415508,0.94
1737047520,           2025-01-16 17:12:00,           2025-01-16 12:12:00,3.17,24.788,0.632,7.618731,0.942
1737048120,           2025-01-16 17:22:00,           2025-01-16 12:22:00,3.17,24.864,0.555,6.699897,0.942
1737048720,           2025-01-16 17:32:00,           2025-01-16 12:32:00,3.16,24.956,1.147,13.869974,0.949
1737049320,           2025-01-16 17:42:00,           2025-01-16 12:42:00,3.16,25.024,0.872,10.557787,0.946
1737049920,           2025-01-16 17:52:00,           2025-01-16 12:52:00,3.16,25.066,0.573,6.942995,0.942
1737050520,           2025-01-16 18:02:00,           2025-01-16 13:02:00,3.16,25.133,0.569,6.903032,0.942
1737051120,           2025-01-16 18:12:00,           2025-01-16 13:12:00,3.16,25.183,0.725,8.803691,0.943
1737051720,           2025-01-16 18:22:00,           2025-01-16 13:22:00,3.16,25.242,1.033,12.557343,0.946
1737052320,           2025-01-16 18:32:00,           2025-01-16 13:32:00,3.16,25.234,0.715,8.690398,0.944
1737052920,           2025-01-16 18:42:00,           2025-01-16 13:42:00,3.16,25.251,0.839,10.200728,0.945
1737053520,           2025-01-16 18:52:00,           2025-01-16 13:52:00,3.16,25.242,1.008,12.253438,0.948
1737054120,           2025-01-16 19:02:00,           2025-01-16 14:02:00,3.16,25.276,0.765,9.30529,0.945
1737054720,           2025-01-16 19:12:00,           2025-01-16 14:12:00,3.16,25.293,0.79,9.612383,0.945
1737055320,           2025-01-16 19:22:00,           2025-01-16 14:22:00,3.16,25.276,0.736,8.952541,0.945
1737055920,           2025-01-16 19:32:00,           2025-01-16 14:32:00,3.16,25.268,0.579,7.041794,0.942
1737056520,           2025-01-16 19:42:00,           2025-01-16 14:42:00,3.16,25.268,0.625,7.601245,0.943
1737057120,           2025-01-16 19:52:00,           2025-01-16 14:52:00,3.16,25.293,0.802,9.758394,0.946
1737057720,           2025-01-16 20:02:00,           2025-01-16 15:02:00,3.16,25.209,0.868,10.545179,0.946
1737058320,           2025-01-16 20:12:00,           2025-01-16 15:12:00,3.16,25.15,0.487,5.910066,0.941
1737058920,           2025-01-16 20:22:00,           2025-01-16 15:22:00,3.16,25.125,0.259,3.141691,0.936
1737059520,           2025-01-16 20:32:00,           2025-01-16 15:32:00,3.16,25.04,0.267,3.23367,0.936
1737060120,           2025-01-16 20:42:00,           2025-01-16 15:42:00,3.16,24.998,0.071,0.859225,0.931
1737060720,           2025-01-16 20:52:00,           2025-01-16 15:52:00,3.17,24.914,0.076,0.91831,0.931
1737061320,           2025-01-16 21:02:00,           2025-01-16 16:02:00,3.17,24.864,0.084,1.014039,0.931
1737061920,           2025-01-16 21:12:00,           2025-01-16 16:12:00,3.17,24.771,0.126,1.518447,0.933
1737062520,           2025-01-16 21:22:00,           2025-01-16 16:22:00,3.17,24.746,0.091,1.096149,0.932
1737063120,           2025-01-16 21:32:00,           2025-01-16 16:32:00,3.17,24.696,0.054,0.649861,0.931
1737063720,           2025-01-16 21:42:00,           2025-01-16 16:42:00,3.17,24.629,0.063,0.757231,0.931
1737064320,           2025-01-16 21:52:00,           2025-01-16 16:52:00,3.17,24.603,0.055,0.660757,0.931
1737064920,           2025-01-16 22:02:00,           2025-01-16 17:02:00,3.17,24.545,0.053,0.636045,0.931
1737065520,           2025-01-16 22:12:00,           2025-01-16 17:12:00,3.17,24.494,0.061,0.731359,0.931
1737066120,           2025-01-16 22:22:00,           2025-01-16 17:22:00,3.17,24.461,0.051,0.61109,0.931
1737066720,           2025-01-16 22:32:00,           2025-01-16 17:32:00,3.17,24.444,0.054,0.646832,0.931
1737067320,           2025-01-16 22:42:00,           2025-01-16 17:42:00,3.17,24.41,0.05,0.598541,0.931
1737067920,           2025-01-16 22:52:00,           2025-01-16 17:52:00,3.17,24.36,0.051,0.609944,0.931
1737068520,           2025-01-16 23:02:00,           2025-01-16 18:02:00,3.17,24.36,0.05,0.597985,0.931
1737069120,           2025-01-16 23:12:00,           2025-01-16 18:12:00,3.17,24.31,0.051,0.609377,0.931
1737069720,           2025-01-16 23:22:00,           2025-01-16 18:22:00,3.17,24.276,0.051,0.608992,0.931
1737070320,           2025-01-16 23:32:00,           2025-01-16 18:32:00,3.16,24.276,0.05,0.597051,0.931
1737070920,           2025-01-16 23:42:00,           2025-01-16 18:42:00,3.16,24.217,0.051,0.608323,0.931
1737071520,           2025-01-16 23:52:00,           2025-01-16 18:52:00,3.16,24.159,0.05,0.595751,0.931
1737072120,           2025-01-17 00:02:00,           2025-01-16 19:02:00,3.16,24.142,0.05,0.595562,0.931
1737072720,           2025-01-17 00:12:00,           2025-01-16 19:12:00,3.16,24.108,0.05,0.595184,0.931
1737073320,           2025-01-17 00:22:00,           2025-01-16 19:22:00,3.16,24.075,0.051,0.606714,0.931
1737073920,           2025-01-17 00:32:00,           2025-01-16 19:32:00,3.16,24.05,0.05,0.59454,0.931
1737074520,           2025-01-17 00:42:00,           2025-01-16 19:42:00,3.16,23.991,0.051,0.605763,0.931
1737075120,           2025-01-17 00:52:00,           2025-01-16 19:52:00,3.17,23.957,0.051,0.605378,0.931
1737075720,           2025-01-17 01:02:00,           2025-01-16 20:02:00,3.17,23.932,0.051,0.605095,0.931
1737076320,           2025-01-17 01:12:00,           2025-01-16 20:12:00,3.17,23.874,0.051,0.604438,0.931
1737076920,           2025-01-17 01:22:00,           2025-01-16 20:22:00,3.17,23.848,0.05,0.592298,0.931
1737077520,           2025-01-17 01:32:00,           2025-01-16 20:32:00,3.17,23.798,0.051,0.603578,0.931
1737078120,           2025-01-17 01:42:00,           2025-01-16 20:42:00,3.17,23.765,0.051,0.603205,0.931
1737078720,           2025-01-17 01:52:00,           2025-01-16 20:52:00,3.17,23.723,0.051,0.60273,0.931
1737079320,           2025-01-17 02:02:00,           2025-01-16 21:02:00,3.17,23.698,0.05,0.590634,0.931
1737079920,           2025-01-17 02:12:00,           2025-01-16 21:12:00,3.17,23.647,0.051,0.60187,0.931
1737080520,           2025-01-17 02:22:00,           2025-01-16 21:22:00,3.17,23.647,0.051,0.60187,0.931
1737081120,           2025-01-17 02:32:00,           2025-01-16 21:32:00,3.17,23.622,0.051,0.601587,0.931
1737081720,           2025-01-17 02:42:00,           2025-01-16 21:42:00,3.17,23.605,0.051,0.601395,0.931
1737082320,           2025-01-17 02:52:00,           2025-01-16 21:52:00,3.17,23.58,0.051,0.601113,0.931
1737082920,           2025-01-17 03:02:00,           2025-01-16 22:02:00,3.17,23.555,0.051,0.60083,0.931
1737083520,           2025-01-17 03:12:00,           2025-01-16 22:12:00,3.17,23.522,0.051,0.600457,0.931
1737084120,           2025-01-17 03:22:00,           2025-01-16 22:22:00,3.17,23.505,0.051,0.600265,0.931
1737084720,           2025-01-17 03:32:00,           2025-01-16 22:32:00,3.17,23.488,0.052,0.611839,0.931
1737085320,           2025-01-17 03:42:00,           2025-01-16 22:42:00,3.17,23.488,0.052,0.611839,0.931
1737085920,           2025-01-17 03:52:00,           2025-01-16 22:52:00,3.17,23.455,0.052,0.611459,0.931
1737086520,           2025-01-17 04:02:00,           2025-01-16 23:02:00,3.17,23.438,0.052,0.611263,0.931
1737087120,           2025-01-17 04:12:00,           2025-01-16 23:12:00,3.17,23.413,0.051,0.599225,0.931
1737087720,           2025-01-17 04:22:00,           2025-01-16 23:22:00,3.17,23.405,0.052,0.610883,0.931
1737088320,           2025-01-17 04:32:00,           2025-01-16 23:32:00,3.17,23.363,0.052,0.610399,0.931
1737088920,           2025-01-17 04:42:00,           2025-01-16 23:42:00,3.17,23.354,0.052,0.610295,0.931
1737089520,           2025-01-17 04:52:00,           2025-01-16 23:52:00,3.17,23.354,0.051,0.598559,0.931
1737090120,           2025-01-17 05:02:00,           2025-01-17 00:02:00,3.17,23.321,0.051,0.598186,0.931
1737090720,           2025-01-17 05:12:00,           2025-01-17 00:12:00,3.17,23.287,0.052,0.609524,0.931
1737091320,           2025-01-17 05:22:00,           2025-01-17 00:22:00,3.17,23.262,0.052,0.609236,0.931
1737091920,           2025-01-17 05:32:00,           2025-01-17 00:32:00,3.17,23.229,0.052,0.608856,0.931
1737092520,           2025-01-17 05:42:00,           2025-01-17 00:42:00,3.17,23.22,0.052,0.608753,0.931
1737093120,           2025-01-17 05:52:00,           2025-01-17 00:52:00,3.17,23.195,0.052,0.608465,0.931
1737093720,           2025-01-17 06:02:00,           2025-01-17 01:02:00,3.16,23.153,0.051,0.59629,0.931
1737094320,           2025-01-17 06:12:00,           2025-01-17 01:12:00,3.16,23.145,0.052,0.60789,0.931
1737094920,           2025-01-17 06:22:00,           2025-01-17 01:22:00,3.17,23.12,0.052,0.607602,0.931
1737095520,           2025-01-17 06:32:00,           2025-01-17 01:32:00,3.17,23.095,0.052,0.607314,0.931
1737096120,           2025-01-17 06:42:00,           2025-01-17 01:42:00,3.17,23.061,0.052,0.606923,0.931
1737096720,           2025-01-17 06:52:00,           2025-01-17 01:52:00,3.17,23.019,0.052,0.60644,0.931
1737097320,           2025-01-17 07:02:00,           2025-01-17 02:02:00,3.17,23.011,0.052,0.606348,0.931
1737097920,           2025-01-17 07:12:00,           2025-01-17 02:12:00,3.17,22.969,0.052,0.605865,0.931
1737098520,           2025-01-17 07:22:00,           2025-01-17 02:22:00,3.17,22.944,0.053,0.617223,0.931
1737099120,           2025-01-17 07:32:00,           2025-01-17 02:32:00,3.17,22.911,0.053,0.616837,0.931
1737099720,           2025-01-17 07:42:00,           2025-01-17 02:42:00,3.17,22.894,0.052,0.605003,0.931
1737100320,           2025-01-17 07:52:00,           2025-01-17 02:52:00,3.17,22.852,0.052,0.60452,0.931
1737100920,           2025-01-17 08:02:00,           2025-01-17 03:02:00,3.17,22.844,0.053,0.616052,0.931
1737101520,           2025-01-17 08:12:00,           2025-01-17 03:12:00,3.17,22.802,0.053,0.61556,0.931
1737102120,           2025-01-17 08:22:00,           2025-01-17 03:22:00,3.17,22.802,0.053,0.61556,0.931
1737102720,           2025-01-17 08:32:00,           2025-01-17 03:32:00,3.17,22.777,0.053,0.615267,0.931
1737103320,           2025-01-17 08:42:00,           2025-01-17 03:42:00,3.17,22.743,0.053,0.614869,0.931
1737103920,           2025-01-17 08:52:00,           2025-01-17 03:52:00,3.17,22.735,0.053,0.614775,0.931
1737104520,           2025-01-17 09:02:00,           2025-01-17 04:02:00,3.17,22.718,0.053,0.614576,0.931
1737105120,           2025-01-17 09:12:00,           2025-01-17 04:12:00,3.17,22.685,0.052,0.602602,0.931
1737105720,           2025-01-17 09:22:00,           2025-01-17 04:22:00,3.17,22.668,0.053,0.613991,0.931
1737106320,           2025-01-17 09:32:00,           2025-01-17 04:32:00,3.17,22.635,0.053,0.613605,0.931
1737106920,           2025-01-17 09:42:00,           2025-01-17 04:42:00,3.17,22.61,0.053,0.613312,0.931
1737107520,           2025-01-17 09:52:00,           2025-01-17 04:52:00,3.17,22.61,0.053,0.613312,0.931
1737108120,           2025-01-17 10:02:00,           2025-01-17 05:02:00,3.17,22.585,0.053,0.61302,0.931
1737108720,           2025-01-17 10:12:00,           2025-01-17 05:12:00,3.17,22.526,0.053,0.612329,0.931
1737109320,           2025-01-17 10:22:00,           2025-01-17 05:22:00,3.17,22.509,0.053,0.612131,0.931
1737109920,           2025-01-17 10:32:00,           2025-01-17 05:32:00,3.17,22.493,0.054,0.623489,0.931
1737110520,           2025-01-17 10:42:00,           2025-01-17 05:42:00,3.17,22.493,0.053,0.611943,0.931
1737111120,           2025-01-17 10:52:00,           2025-01-17 05:52:00,3.17,22.459,0.053,0.611546,0.931
1737111720,           2025-01-17 11:02:00,           2025-01-17 06:02:00,3.17,22.451,0.054,0.622989,0.931
1737112320,           2025-01-17 11:12:00,           2025-01-17 06:12:00,3.17,22.426,0.053,0.61116,0.931
1737112920,           2025-01-17 11:22:00,           2025-01-17 06:22:00,3.17,22.392,0.053,0.610762,0.931
1737113520,           2025-01-17 11:32:00,           2025-01-17 06:32:00,3.17,22.401,0.054,0.622393,0.931
1737114120,           2025-01-17 11:42:00,           2025-01-17 06:42:00,3.17,22.384,0.053,0.610669,0.931
1737114720,           2025-01-17 11:52:00,           2025-01-17 06:52:00,3.17,22.367,0.053,0.61047,0.931
1737115320,           2025-01-17 12:02:00,           2025-01-17 07:02:00,3.17,22.375,0.053,0.610563,0.931
1737115920,           2025-01-17 12:12:00,           2025-01-17 07:12:00,3.17,22.392,0.053,0.610762,0.931
1737116520,           2025-01-17 12:22:00,           2025-01-17 07:22:00,3.17,22.417,0.053,0.611055,0.931
1737117120,           2025-01-17 12:32:00,           2025-01-17 07:32:00,3.17,22.434,0.053,0.611253,0.931
1737117720,           2025-01-17 12:42:00,           2025-01-17 07:42:00,3.17,22.434,0.053,0.611253,0.931
1737118320,           2025-01-17 12:52:00,           2025-01-17 07:52:00,3.17,22.459,0.053,0.611546,0.931
1737118920,           2025-01-17 13:02:00,           2025-01-17 08:02:00,3.17,22.476,0.053,0.611745,0.931
1737119520,           2025-01-17 13:12:00,           2025-01-17 08:12:00,3.17,22.501,0.053,0.612037,0.931
1737120120,           2025-01-17 13:22:00,           2025-01-17 08:22:00,3.17,22.585,0.053,0.61302,0.931
1737120720,           2025-01-17 13:32:00,           2025-01-17 08:32:00,3.17,22.618,0.053,0.613406,0.931
1737121320,           2025-01-17 13:42:00,           2025-01-17 08:42:00,3.17,22.71,0.052,0.602889,0.931
1737121920,           2025-01-17 13:52:00,           2025-01-17 08:52:00,3.17,22.802,0.053,0.61556,0.931
1737122520,           2025-01-17 14:02:00,           2025-01-17 09:02:00,3.17,22.869,0.054,0.627974,0.931
1737123120,           2025-01-17 14:12:00,           2025-01-17 09:12:00,3.17,22.961,0.052,0.605773,0.931
1737123720,           2025-01-17 14:22:00,           2025-01-17 09:22:00,3.17,23.229,0.063,0.737653,0.931
1737124320,           2025-01-17 14:32:00,           2025-01-17 09:32:00,3.17,23.279,0.051,0.597712,0.931
1737124920,           2025-01-17 14:42:00,           2025-01-17 09:42:00,3.17,23.329,0.054,0.633469,0.931
1737125520,           2025-01-17 14:52:00,           2025-01-17 09:52:00,3.17,23.497,0.066,0.776696,0.932
1737126120,           2025-01-17 15:02:00,           2025-01-17 10:02:00,3.17,23.614,0.058,0.684055,0.932
1737126720,           2025-01-17 15:12:00,           2025-01-17 10:12:00,3.17,23.706,0.053,0.626166,0.931
1737127320,           2025-01-17 15:22:00,           2025-01-17 10:22:00,3.17,23.781,0.061,0.721697,0.932
1737127920,           2025-01-17 15:32:00,           2025-01-17 10:32:00,3.16,24.066,0.084,0.999126,0.932
1737128520,           2025-01-17 15:42:00,           2025-01-17 10:42:00,3.16,23.991,0.062,0.736417,0.932
1737129120,           2025-01-17 15:52:00,           2025-01-17 10:52:00,3.16,24.083,0.068,0.809073,0.932
1737129720,           2025-01-17 16:02:00,           2025-01-17 11:02:00,3.16,24.167,0.106,1.26318,0.933
1737130320,           2025-01-17 16:12:00,           2025-01-17 11:12:00,3.16,24.243,0.06,0.716021,0.932
1737130920,           2025-01-17 16:22:00,           2025-01-17 11:22:00,3.17,24.36,0.057,0.681703,0.931
1737131520,           2025-01-17 16:32:00,           2025-01-17 11:32:00,3.17,24.486,0.055,0.659325,0.932
1737132120,           2025-01-17 16:42:00,           2025-01-17 11:42:00,3.17,24.536,0.057,0.683934,0.932
1737132720,           2025-01-17 16:52:00,           2025-01-17 11:52:00,3.17,24.679,0.049,0.589503,0.932
1737133320,           2025-01-17 17:02:00,           2025-01-17 12:02:00,3.17,24.813,0.057,0.68745,0.932
1737133920,           2025-01-17 17:12:00,           2025-01-17 12:12:00,3.16,24.856,0.052,0.627645,0.932
1737134520,           2025-01-17 17:22:00,           2025-01-17 12:22:00,3.16,24.881,0.052,0.627935,0.932
1737135120,           2025-01-17 17:32:00,           2025-01-17 12:32:00,3.16,24.99,0.056,0.677598,0.932
1737135720,           2025-01-17 17:42:00,           2025-01-17 12:42:00,3.16,25.091,0.06,0.72735,0.932
1737136320,           2025-01-17 17:52:00,           2025-01-17 12:52:00,3.16,25.133,0.051,0.618725,0.932
1737136920,           2025-01-17 18:02:00,           2025-01-17 13:02:00,3.16,25.2,0.048,0.583047,0.932
1737137520,           2025-01-17 18:12:00,           2025-01-17 13:12:00,3.16,25.276,0.062,0.754154,0.933
1737138120,           2025-01-17 18:22:00,           2025-01-17 13:22:00,3.16,25.318,0.052,0.633004,0.932
1737138720,           2025-01-17 18:32:00,           2025-01-17 13:32:00,3.16,25.377,0.053,0.645875,0.932
1737139320,           2025-01-17 18:42:00,           2025-01-17 13:42:00,3.16,25.411,0.052,0.634084,0.932
1737139920,           2025-01-17 18:52:00,           2025-01-17 13:52:00,3.16,25.377,0.054,0.658062,0.932
1737140520,           2025-01-17 19:02:00,           2025-01-17 14:02:00,3.16,25.377,0.05,0.609316,0.932
1737141120,           2025-01-17 19:12:00,           2025-01-17 14:12:00,3.16,25.377,0.053,0.645875,0.932
1737141720,           2025-01-17 19:22:00,           2025-01-17 14:22:00,3.16,25.31,0.05,0.608568,0.932
1737142320,           2025-01-17 19:32:00,           2025-01-17 14:32:00,3.16,25.259,0.05,0.607999,0.932
1737142920,           2025-01-17 19:42:00,           2025-01-17 14:42:00,3.16,25.251,0.049,0.595752,0.932
1737143520,           2025-01-17 19:52:00,           2025-01-17 14:52:00,3.16,25.217,0.05,0.60753,0.932
1737144120,           2025-01-17 20:02:00,           2025-01-17 15:02:00,3.16,25.125,0.049,0.594374,0.932
1737144720,           2025-01-17 20:12:00,           2025-01-17 15:12:00,3.16,25.083,0.048,0.581794,0.932
1737145320,           2025-01-17 20:22:00,           2025-01-17 15:22:00,3.16,25.04,0.05,0.605556,0.932
1737145920,           2025-01-17 20:32:00,           2025-01-17 15:32:00,3.16,24.998,0.051,0.61719,0.932
1737146520,           2025-01-17 20:42:00,           2025-01-17 15:42:00,3.16,24.923,0.05,0.604252,0.932
1737147120,           2025-01-17 20:52:00,           2025-01-17 15:52:00,3.16,24.898,0.049,0.591894,0.932
1737147720,           2025-01-17 21:02:00,           2025-01-17 16:02:00,3.16,24.839,0.053,0.639515,0.932
1737148320,           2025-01-17 21:12:00,           2025-01-17 16:12:00,3.17,24.746,0.052,0.626371,0.932
1737148920,           2025-01-17 21:22:00,           2025-01-17 16:22:00,3.17,24.729,0.056,0.674341,0.932
1737149520,           2025-01-17 21:32:00,           2025-01-17 16:32:00,3.17,24.679,0.052,0.625595,0.932
1737150120,           2025-01-17 21:42:00,           2025-01-17 16:42:00,3.17,24.637,0.052,0.625109,0.932
1737150720,           2025-01-17 21:52:00,           2025-01-17 16:52:00,3.17,24.612,0.056,0.672883,0.932
1737151320,           2025-01-17 22:02:00,           2025-01-17 17:02:00,3.17,24.553,0.049,0.588129,0.932
1737151920,           2025-01-17 22:12:00,           2025-01-17 17:12:00,3.17,24.545,0.049,0.588042,0.932
1737152520,           2025-01-17 22:22:00,           2025-01-17 17:22:00,3.17,24.494,0.049,0.587485,0.932
1737153120,           2025-01-17 22:32:00,           2025-01-17 17:32:00,3.17,24.461,0.049,0.587126,0.932
1737153720,           2025-01-17 22:42:00,           2025-01-17 17:42:00,3.17,24.385,0.049,0.586297,0.932
1737154320,           2025-01-17 22:52:00,           2025-01-17 17:52:00,3.17,24.352,0.049,0.585938,0.932
1737154920,           2025-01-17 23:02:00,           2025-01-17 18:02:00,3.17,24.335,0.049,0.585753,0.932
1737155520,           2025-01-17 23:12:00,           2025-01-17 18:12:00,3.16,24.276,0.049,0.58511,0.932
1737156120,           2025-01-17 23:22:00,           2025-01-17 18:22:00,3.16,24.259,0.049,0.584925,0.932
1737156720,           2025-01-17 23:32:00,           2025-01-17 18:32:00,3.16,24.243,0.049,0.58475,0.932
1737157320,           2025-01-17 23:42:00,           2025-01-17 18:42:00,3.16,24.184,0.05,0.596028,0.932
1737157920,           2025-01-17 23:52:00,           2025-01-17 18:52:00,3.16,24.167,0.049,0.583923,0.932
1737158520,           2025-01-18 00:02:00,           2025-01-17 19:02:00,3.16,24.142,0.049,0.583651,0.932
1737159120,           2025-01-18 00:12:00,           2025-01-17 19:12:00,3.16,24.108,0.049,0.583281,0.932
1737159720,           2025-01-18 00:22:00,           2025-01-17 19:22:00,3.16,24.075,0.049,0.582921,0.932
1737160320,           2025-01-18 00:32:00,           2025-01-17 19:32:00,3.16,24.05,0.049,0.582649,0.932
1737160920,           2025-01-18 00:42:00,           2025-01-17 19:42:00,3.16,24.016,0.049,0.582279,0.932
1737161520,           2025-01-18 00:52:00,           2025-01-17 19:52:00,3.16,23.991,0.049,0.582007,0.932
1737162120,           2025-01-18 01:02:00,           2025-01-17 20:02:00,3.16,23.949,0.049,0.58155,0.932
1737162720,           2025-01-18 01:12:00,           2025-01-17 20:12:00,3.16,23.941,0.05,0.59333,0.932
1737163320,           2025-01-18 01:22:00,           2025-01-17 20:22:00,3.16,23.941,0.05,0.59333,0.932
1737163920,           2025-01-18 01:32:00,           2025-01-17 20:32:00,3.16,23.916,0.05,0.593053,0.932
1737164520,           2025-01-18 01:42:00,           2025-01-17 20:42:00,3.16,23.924,0.05,0.593141,0.932
1737165120,           2025-01-18 01:52:00,           2025-01-17 20:52:00,3.17,23.89,0.051,0.604619,0.932
1737165720,           2025-01-18 02:02:00,           2025-01-17 21:02:00,3.17,23.865,0.049,0.580637,0.932
1737166320,           2025-01-18 02:12:00,           2025-01-17 21:12:00,3.17,23.848,0.05,0.592298,0.932
1737166920,           2025-01-18 02:22:00,           2025-01-17 21:22:00,3.17,23.84,0.05,0.592209,0.932
1737167520,           2025-01-18 02:32:00,           2025-01-17 21:32:00,3.17,23.823,0.049,0.58018,0.932
1737168120,           2025-01-18 02:42:00,           2025-01-17 21:42:00,3.17,23.79,0.049,0.579821,0.932
1737168720,           2025-01-18 02:52:00,           2025-01-17 21:52:00,3.17,23.765,0.05,0.591377,0.932
1737169320,           2025-01-18 03:02:00,           2025-01-17 22:02:00,3.17,23.74,0.05,0.5911,0.931
1737169920,           2025-01-18 03:12:00,           2025-01-17 22:12:00,3.17,23.723,0.05,0.590911,0.932
1737170520,           2025-01-18 03:22:00,           2025-01-17 22:22:00,3.17,23.689,0.05,0.590534,0.932
1737171120,           2025-01-18 03:32:00,           2025-01-17 22:32:00,3.17,23.664,0.05,0.590257,0.931
1737171720,           2025-01-18 03:42:00,           2025-01-17 22:42:00,3.17,23.656,0.05,0.590168,0.932
1737172320,           2025-01-18 03:52:00,           2025-01-17 22:52:00,3.17,23.639,0.05,0.58998,0.932
1737172920,           2025-01-18 04:02:00,           2025-01-17 23:02:00,3.17,23.597,0.05,0.589514,0.932
1737173520,           2025-01-18 04:12:00,           2025-01-17 23:12:00,3.17,23.555,0.05,0.589049,0.931
1737174120,           2025-01-18 04:22:00,           2025-01-17 23:22:00,3.17,23.522,0.05,0.588683,0.931
1737174720,           2025-01-18 04:32:00,           2025-01-17 23:32:00,3.17,23.53,0.05,0.588772,0.931
1737175320,           2025-01-18 04:42:00,           2025-01-17 23:42:00,3.17,23.522,0.05,0.588683,0.932
1737175920,           2025-01-18 04:52:00,           2025-01-17 23:52:00,3.17,23.513,0.05,0.588584,0.931
1737176520,           2025-01-18 05:02:00,           2025-01-18 00:02:00,3.17,23.497,0.05,0.588406,0.931
1737177120,           2025-01-18 05:12:00,           2025-01-18 00:12:00,3.17,23.463,0.051,0.59979,0.932
1737177720,           2025-01-18 05:22:00,           2025-01-18 00:22:00,3.17,23.446,0.05,0.587841,0.932
1737178320,           2025-01-18 05:32:00,           2025-01-18 00:32:00,3.17,23.438,0.05,0.587753,0.931
1737178920,           2025-01-18 05:42:00,           2025-01-18 00:42:00,3.17,23.421,0.05,0.587564,0.932
1737179520,           2025-01-18 05:52:00,           2025-01-18 00:52:00,3.17,23.405,0.05,0.587387,0.931
1737180120,           2025-01-18 06:02:00,           2025-01-18 01:02:00,3.17,23.413,0.05,0.587476,0.931
1737180720,           2025-01-18 06:12:00,           2025-01-18 01:12:00,3.17,23.405,0.05,0.587387,0.931
1737181320,           2025-01-18 06:22:00,           2025-01-18 01:22:00,3.17,23.379,0.051,0.598841,0.932
1737181920,           2025-01-18 06:32:00,           2025-01-18 01:32:00,3.17,23.363,0.05,0.586922,0.931
1737182520,           2025-01-18 06:42:00,           2025-01-18 01:42:00,3.17,23.354,0.05,0.586822,0.931
1737183120,           2025-01-18 06:52:00,           2025-01-18 01:52:00,3.17,23.354,0.05,0.586822,0.932
1737183720,           2025-01-18 07:02:00,           2025-01-18 02:02:00,3.17,23.354,0.05,0.586822,0.931
1737184320,           2025-01-18 07:12:00,           2025-01-18 02:12:00,3.17,23.321,0.051,0.598186,0.931
1737184920,           2025-01-18 07:22:00,           2025-01-18 02:22:00,3.17,23.338,0.051,0.598378,0.931
1737185520,           2025-01-18 07:32:00,           2025-01-18 02:32:00,3.17,23.338,0.051,0.598378,0.931
1737186120,           2025-01-18 07:42:00,           2025-01-18 02:42:00,3.17,23.346,0.051,0.598469,0.932
1737186720,           2025-01-18 07:52:00,           2025-01-18 02:52:00,3.17,23.312,0.05,0.586357,0.931
1737187320,           2025-01-18 08:02:00,           2025-01-18 03:02:00,3.17,23.296,0.051,0.597904,0.931
1737187920,           2025-01-18 08:12:00,           2025-01-18 03:12:00,3.17,23.296,0.051,0.597904,0.931
1737188520,           2025-01-18 08:22:00,           2025-01-18 03:22:00,3.17,23.296,0.05,0.58618,0.931
1737189120,           2025-01-18 08:32:00,           2025-01-18 03:32:00,3.17,23.279,0.051,0.597712,0.932
1737189720,           2025-01-18 08:42:00,           2025-01-18 03:42:00,3.17,23.271,0.05,0.585904,0.931
1737190320,           2025-01-18 08:52:00,           2025-01-18 03:52:00,3.17,23.237,0.051,0.597238,0.932
1737190920,           2025-01-18 09:02:00,           2025-01-18 04:02:00,3.17,23.245,0.051,0.597328,0.932
1737191520,           2025-01-18 09:12:00,           2025-01-18 04:12:00,3.17,23.287,0.05,0.586081,0.932
1737192120,           2025-01-18 09:22:00,           2025-01-18 04:22:00,3.17,23.279,0.051,0.597712,0.932
1737192720,           2025-01-18 09:32:00,           2025-01-18 04:32:00,3.17,23.312,0.05,0.586357,0.932
1737193320,           2025-01-18 09:42:00,           2025-01-18 04:42:00,3.17,23.321,0.05,0.586457,0.931
1737193920,           2025-01-18 09:52:00,           2025-01-18 04:52:00,3.17,23.312,0.05,0.586357,0.931
1737194520,           2025-01-18 10:02:00,           2025-01-18 05:02:00,3.17,23.279,0.05,0.585992,0.931
1737195120,           2025-01-18 10:12:00,           2025-01-18 05:12:00,3.17,23.304,0.05,0.586269,0.932
1737195720,           2025-01-18 10:22:00,           2025-01-18 05:22:00,3.17,23.304,0.051,0.597994,0.932
1737196320,           2025-01-18 10:32:00,           2025-01-18 05:32:00,3.17,23.296,0.051,0.597904,0.931
1737196920,           2025-01-18 10:42:00,           2025-01-18 05:42:00,3.17,23.321,0.05,0.586457,0.931
1737197520,           2025-01-18 10:52:00,           2025-01-18 05:52:00,3.17,23.329,0.05,0.586546,0.931
1737198120,           2025-01-18 11:02:00,           2025-01-18 06:02:00,3.17,23.338,0.051,0.598378,0.932
1737198720,           2025-01-18 11:12:00,           2025-01-18 06:12:00,3.17,23.363,0.05,0.586922,0.932
1737199320,           2025-01-18 11:22:00,           2025-01-18 06:22:00,3.17,23.329,0.05,0.586546,0.932
1737199920,           2025-01-18 11:32:00,           2025-01-18 06:32:00,3.17,23.346,0.05,0.586734,0.932
1737200520,           2025-01-18 11:42:00,           2025-01-18 06:42:00,3.17,23.346,0.051,0.598469,0.932
1737201120,           2025-01-18 11:52:00,           2025-01-18 06:52:00,3.17,23.338,0.05,0.586645,0.931
1737201720,           2025-01-18 12:02:00,           2025-01-18 07:02:00,3.17,23.363,0.05,0.586922,0.932
1737202320,           2025-01-18 12:12:00,           2025-01-18 07:12:00,3.17,23.396,0.05,0.587288,0.932
1737202920,           2025-01-18 12:22:00,           2025-01-18 07:22:00,3.17,23.396,0.05,0.587288,0.932
1737203520,           2025-01-18 12:32:00,           2025-01-18 07:32:00,3.17,23.413,0.05,0.587476,0.932
1737204120,           2025-01-18 12:42:00,           2025-01-18 07:42:00,3.17,23.438,0.05,0.587753,0.932
1737204720,           2025-01-18 12:52:00,           2025-01-18 07:52:00,3.17,23.488,0.05,0.588307,0.932
1737205320,           2025-01-18 13:02:00,           2025-01-18 08:02:00,3.17,23.505,0.05,0.588495,0.932
1737205920,           2025-01-18 13:12:00,           2025-01-18 08:12:00,3.17,23.597,0.049,0.577724,0.932
1737206520,           2025-01-18 13:22:00,           2025-01-18 08:22:00,3.17,23.656,0.049,0.578365,0.932
1737207120,           2025-01-18 13:32:00,           2025-01-18 08:32:00,3.17,23.698,0.049,0.578821,0.932
1737207720,           2025-01-18 13:42:00,           2025-01-18 08:42:00,3.17,23.74,0.049,0.579278,0.931
1737208320,           2025-01-18 13:52:00,           2025-01-18 08:52:00,3.17,23.807,0.049,0.580006,0.932
1737208920,           2025-01-18 14:02:00,           2025-01-18 09:02:00,3.17,23.631,0.049,0.578094,0.932
1737209520,           2025-01-18 14:12:00,           2025-01-18 09:12:00,3.17,23.589,0.05,0.589426,0.932
1737210120,           2025-01-18 14:22:00,           2025-01-18 09:22:00,3.17,23.631,0.05,0.589891,0.932
1737210720,           2025-01-18 14:32:00,           2025-01-18 09:32:00,3.17,23.639,0.052,0.613579,0.932
1737211320,           2025-01-18 14:42:00,           2025-01-18 09:42:00,3.16,23.907,0.052,0.616671,0.932
1737211920,           2025-01-18 14:52:00,           2025-01-18 09:52:00,3.16,24.1,0.052,0.618899,0.932
1737212520,           2025-01-18 15:02:00,           2025-01-18 10:02:00,3.16,24.293,0.058,0.692798,0.932
1737213120,           2025-01-18 15:12:00,           2025-01-18 10:12:00,3.17,24.461,0.05,0.599108,0.932
1737213720,           2025-01-18 15:22:00,           2025-01-18 10:22:00,3.17,24.671,0.051,0.613474,0.932
1737214320,           2025-01-18 15:32:00,           2025-01-18 10:32:00,3.16,24.94,0.055,0.664885,0.932
1737214920,           2025-01-18 15:42:00,           2025-01-18 10:42:00,3.16,24.931,0.049,0.592254,0.932
1737215520,           2025-01-18 15:52:00,           2025-01-18 10:52:00,3.16,25.024,0.059,0.714346,0.933
1737216120,           2025-01-18 16:02:00,           2025-01-18 11:02:00,3.16,25.192,0.053,0.643687,0.932
1737216720,           2025-01-18 16:12:00,           2025-01-18 11:12:00,3.16,25.057,0.052,0.629975,0.932
1737217320,           2025-01-18 16:22:00,           2025-01-18 11:22:00,3.16,25.318,0.046,0.559965,0.932
1737217920,           2025-01-18 16:32:00,           2025-01-18 11:32:00,3.16,25.327,0.046,0.560058,0.932
1737218520,           2025-01-18 16:42:00,           2025-01-18 11:42:00,3.16,25.385,0.047,0.572841,0.932
1737219120,           2025-01-18 16:52:00,           2025-01-18 11:52:00,3.17,25.461,0.048,0.585844,0.932
1737219720,           2025-01-18 17:02:00,           2025-01-18 12:02:00,3.16,25.554,0.076,0.929166,0.933
1737220320,           2025-01-18 17:12:00,           2025-01-18 12:12:00,3.16,25.672,0.047,0.575856,0.933
1737220920,           2025-01-18 17:22:00,           2025-01-18 12:22:00,3.16,25.748,0.055,0.674809,0.933
1737221520,           2025-01-18 17:32:00,           2025-01-18 12:32:00,3.16,25.773,0.179,2.197197,0.936
1737222120,           2025-01-18 17:42:00,           2025-01-18 12:42:00,3.16,25.891,0.047,0.578159,0.933
1737222720,           2025-01-18 17:52:00,           2025-01-18 12:52:00,3.16,25.942,0.055,0.677197,0.933
1737223320,           2025-01-18 18:02:00,           2025-01-18 13:02:00,3.16,25.984,0.049,0.603781,0.933
1737223920,           2025-01-18 18:12:00,           2025-01-18 13:12:00,3.16,25.976,0.047,0.579053,0.933
1737224520,           2025-01-18 18:22:00,           2025-01-18 13:22:00,3.16,25.883,0.049,0.602673,0.933
1737225120,           2025-01-18 18:32:00,           2025-01-18 13:32:00,3.16,25.866,0.049,0.602487,0.933
1737225720,           2025-01-18 18:42:00,           2025-01-18 13:42:00,3.16,25.807,0.048,0.589558,0.933
1737226320,           2025-01-18 18:52:00,           2025-01-18 13:52:00,3.16,25.815,0.047,0.577359,0.932
1737226920,           2025-01-18 19:02:00,           2025-01-18 14:02:00,3.16,25.841,0.051,0.626793,0.933
1737227520,           2025-01-18 19:12:00,           2025-01-18 14:12:00,3.16,25.857,0.053,0.651563,0.933
1737228120,           2025-01-18 19:22:00,           2025-01-18 14:22:00,3.16,25.832,0.051,0.62669,0.933
1737228720,           2025-01-18 19:32:00,           2025-01-18 14:32:00,3.16,25.815,0.047,0.577359,0.933
1737229320,           2025-01-18 19:42:00,           2025-01-18 14:42:00,3.16,25.79,0.05,0.613932,0.933
1737229920,           2025-01-18 19:52:00,           2025-01-18 14:52:00,3.16,25.857,0.054,0.663856,0.933
1737230520,           2025-01-18 20:02:00,           2025-01-18 15:02:00,3.16,25.815,0.046,0.565075,0.933
1737231120,           2025-01-18 20:12:00,           2025-01-18 15:12:00,3.16,25.722,0.047,0.576381,0.933
1737231720,           2025-01-18 20:22:00,           2025-01-18 15:22:00,3.16,25.647,0.047,0.575593,0.932
1737232320,           2025-01-18 20:32:00,           2025-01-18 15:32:00,3.16,25.588,0.047,0.574973,0.932
1737232920,           2025-01-18 20:42:00,           2025-01-18 15:42:00,3.16,25.579,0.047,0.574879,0.932
1737233520,           2025-01-18 20:52:00,           2025-01-18 15:52:00,3.17,25.529,0.047,0.574353,0.932
1737234120,           2025-01-18 21:02:00,           2025-01-18 16:02:00,3.16,25.487,0.046,0.561701,0.932
1737234720,           2025-01-18 21:12:00,           2025-01-18 16:12:00,3.16,25.419,0.124,1.512268,0.934
1737235320,           2025-01-18 21:22:00,           2025-01-18 16:22:00,3.16,25.377,0.047,0.572757,0.932
1737235920,           2025-01-18 21:32:00,           2025-01-18 16:32:00,3.16,25.343,0.047,0.572401,0.932
1737236520,           2025-01-18 21:42:00,           2025-01-18 16:42:00,3.16,25.276,0.048,0.583861,0.932
1737237120,           2025-01-18 21:52:00,           2025-01-18 16:52:00,3.16,25.226,0.047,0.571173,0.932
1737237720,           2025-01-18 22:02:00,           2025-01-18 17:02:00,3.16,25.183,0.047,0.570722,0.932
1737238320,           2025-01-18 22:12:00,           2025-01-18 17:12:00,3.16,25.167,0.047,0.570554,0.932
1737238920,           2025-01-18 22:22:00,           2025-01-18 17:22:00,3.16,25.116,0.047,0.570019,0.932
1737239520,           2025-01-18 22:32:00,           2025-01-18 17:32:00,3.16,25.099,0.047,0.569841,0.932
1737240120,           2025-01-18 22:42:00,           2025-01-18 17:42:00,3.16,25.066,0.047,0.569495,0.932
1737240720,           2025-01-18 22:52:00,           2025-01-18 17:52:00,3.16,25.04,0.047,0.569223,0.932
1737241320,           2025-01-18 23:02:00,           2025-01-18 18:02:00,3.16,24.973,0.047,0.568521,0.932
1737241920,           2025-01-18 23:12:00,           2025-01-18 18:12:00,3.16,24.923,0.047,0.567997,0.932
1737242520,           2025-01-18 23:22:00,           2025-01-18 18:22:00,3.16,24.889,0.047,0.567641,0.932
1737243120,           2025-01-18 23:32:00,           2025-01-18 18:32:00,3.16,24.872,0.047,0.567462,0.932
1737243720,           2025-01-18 23:42:00,           2025-01-18 18:42:00,3.16,24.83,0.245,2.955756,0.937
1737244320,           2025-01-18 23:52:00,           2025-01-18 18:52:00,3.16,24.805,0.056,0.675289,0.932
1737244920,           2025-01-19 00:02:00,           2025-01-18 19:02:00,3.16,24.771,0.09,1.084605,0.933
1737245520,           2025-01-19 00:12:00,           2025-01-18 19:12:00,3.16,24.746,0.06,0.722736,0.932
1737246120,           2025-01-19 00:22:00,           2025-01-18 19:22:00,3.16,24.729,0.079,0.951303,0.933
1737246720,           2025-01-19 00:32:00,           2025-01-18 19:32:00,3.16,24.679,0.057,0.685749,0.932
1737247320,           2025-01-19 00:42:00,           2025-01-18 19:42:00,3.16,24.662,0.057,0.685533,0.932
1737247920,           2025-01-19 00:52:00,           2025-01-18 19:52:00,3.16,24.662,0.055,0.661479,0.932
1737248520,           2025-01-19 01:02:00,           2025-01-18 20:02:00,3.17,24.612,0.063,0.756993,0.932
1737249120,           2025-01-19 01:12:00,           2025-01-18 20:12:00,3.17,24.612,0.057,0.684898,0.932
1737249720,           2025-01-19 01:22:00,           2025-01-18 20:22:00,3.17,24.561,0.177,2.12478,0.935
1737250320,           2025-01-19 01:32:00,           2025-01-18 20:32:00,3.17,24.545,0.079,0.948067,0.933
1737250920,           2025-01-19 01:42:00,           2025-01-18 20:42:00,3.17,24.536,0.138,1.655841,0.934
1737251520,           2025-01-19 01:52:00,           2025-01-18 20:52:00,3.17,24.511,0.059,0.707604,0.932
1737252120,           2025-01-19 02:02:00,           2025-01-18 21:02:00,3.17,24.503,0.06,0.71949,0.932
1737252720,           2025-01-19 02:12:00,           2025-01-18 21:12:00,3.17,24.469,0.059,0.707052,0.932
1737253320,           2025-01-19 02:22:00,           2025-01-18 21:22:00,3.17,24.436,0.056,0.670689,0.932
1737253920,           2025-01-19 02:32:00,           2025-01-18 21:32:00,3.17,24.402,0.066,0.789956,0.932
1737254520,           2025-01-19 02:42:00,           2025-01-18 21:42:00,3.17,24.368,0.11,1.315762,0.933
1737255120,           2025-01-19 02:52:00,           2025-01-18 21:52:00,3.17,24.326,0.061,0.72908,0.932
1737255720,           2025-01-19 03:02:00,           2025-01-18 22:02:00,3.16,24.335,0.066,0.788973,0.932
1737256320,           2025-01-19 03:12:00,           2025-01-18 22:12:00,3.16,24.301,0.057,0.680955,0.932
1737256920,           2025-01-19 03:22:00,           2025-01-18 22:22:00,3.16,24.285,0.054,0.644923,0.932
1737257520,           2025-01-19 03:32:00,           2025-01-18 22:32:00,3.16,24.259,0.055,0.656548,0.932
1737258120,           2025-01-19 03:42:00,           2025-01-18 22:42:00,3.16,24.234,0.057,0.680106,0.932
1737258720,           2025-01-19 03:52:00,           2025-01-18 22:52:00,3.16,24.234,0.051,0.608516,0.932
1737259320,           2025-01-19 04:02:00,           2025-01-18 23:02:00,3.16,24.209,0.051,0.608232,0.932
1737259920,           2025-01-19 04:12:00,           2025-01-18 23:12:00,3.16,24.209,0.05,0.596306,0.932
1737260520,           2025-01-19 04:22:00,           2025-01-18 23:22:00,3.16,24.184,0.05,0.596028,0.932
1737261120,           2025-01-19 04:32:00,           2025-01-18 23:32:00,3.16,24.159,0.053,0.631496,0.932
1737261720,           2025-01-19 04:42:00,           2025-01-18 23:42:00,3.16,24.15,0.051,0.607564,0.932
1737262320,           2025-01-19 04:52:00,           2025-01-18 23:52:00,3.16,24.159,0.049,0.583836,0.932
1737262920,           2025-01-19 05:02:00,           2025-01-19 00:02:00,3.16,24.108,0.05,0.595184,0.932
1737263520,           2025-01-19 05:12:00,           2025-01-19 00:12:00,3.16,24.075,0.049,0.582921,0.932
1737264120,           2025-01-19 05:22:00,           2025-01-19 00:22:00,3.16,24.058,0.049,0.582736,0.932
1737264720,           2025-01-19 05:32:00,           2025-01-19 00:32:00,3.16,24.05,0.049,0.582649,0.932
1737265320,           2025-01-19 05:42:00,           2025-01-19 00:42:00,3.16,24.041,0.049,0.582551,0.932
1737265920,           2025-01-19 05:52:00,           2025-01-19 00:52:00,3.16,24.033,0.05,0.594351,0.932
1737266520,           2025-01-19 06:02:00,           2025-01-19 01:02:00,3.16,24.016,0.053,0.629812,0.932
1737267120,           2025-01-19 06:12:00,           2025-01-19 01:12:00,3.16,24.008,0.05,0.594074,0.932
1737267720,           2025-01-19 06:22:00,           2025-01-19 01:22:00,3.16,23.991,0.048,0.57013,0.932
1737268320,           2025-01-19 06:32:00,           2025-01-19 01:32:00,3.16,23.974,0.049,0.581822,0.932
1737268920,           2025-01-19 06:42:00,           2025-01-19 01:42:00,3.16,23.949,0.05,0.593419,0.932
1737269520,           2025-01-19 06:52:00,           2025-01-19 01:52:00,3.16,23.949,0.049,0.58155,0.932
1737270120,           2025-01-19 07:02:00,           2025-01-19 02:02:00,3.16,23.932,0.049,0.581365,0.932
1737270720,           2025-01-19 07:12:00,           2025-01-19 02:12:00,3.16,23.907,0.049,0.581094,0.932
1737271320,           2025-01-19 07:22:00,           2025-01-19 02:22:00,3.16,23.899,0.049,0.581007,0.932
1737271920,           2025-01-19 07:32:00,           2025-01-19 02:32:00,3.16,23.874,0.05,0.592586,0.932
1737272520,           2025-01-19 07:42:00,           2025-01-19 02:42:00,3.16,23.84,0.067,0.79356,0.932
1737273120,           2025-01-19 07:52:00,           2025-01-19 02:52:00,3.16,23.857,0.05,0.592398,0.932
1737273720,           2025-01-19 08:02:00,           2025-01-19 03:02:00,3.16,23.848,0.05,0.592298,0.932
1737274320,           2025-01-19 08:12:00,           2025-01-19 03:12:00,3.16,23.823,0.049,0.58018,0.931
1737274920,           2025-01-19 08:22:00,           2025-01-19 03:22:00,3.16,23.807,0.05,0.591843,0.932
1737275520,           2025-01-19 08:32:00,           2025-01-19 03:32:00,3.16,23.807,0.05,0.591843,0.932
1737276120,           2025-01-19 08:42:00,           2025-01-19 03:42:00,3.16,23.832,0.049,0.580278,0.932
1737276720,           2025-01-19 08:52:00,           2025-01-19 03:52:00,3.16,23.815,0.049,0.580093,0.932
1737277320,           2025-01-19 09:02:00,           2025-01-19 04:02:00,3.16,23.781,0.057,0.674372,0.932
1737277920,           2025-01-19 09:12:00,           2025-01-19 04:12:00,3.16,23.773,0.05,0.591466,0.932
1737278520,           2025-01-19 09:22:00,           2025-01-19 04:22:00,3.16,23.781,0.049,0.579724,0.932
1737279120,           2025-01-19 09:32:00,           2025-01-19 04:32:00,3.16,23.765,0.049,0.57955,0.932
1737279720,           2025-01-19 09:42:00,           2025-01-19 04:42:00,3.16,23.74,0.05,0.5911,0.931
1737280320,           2025-01-19 09:52:00,           2025-01-19 04:52:00,3.16,23.74,0.05,0.5911,0.932
1737280920,           2025-01-19 10:02:00,           2025-01-19 05:02:00,3.16,23.74,0.049,0.579278,0.931
1737281520,           2025-01-19 10:12:00,           2025-01-19 05:12:00,3.16,23.731,0.049,0.57918,0.931
1737282120,           2025-01-19 10:22:00,           2025-01-19 05:22:00,3.17,23.714,0.049,0.578995,0.932
1737282720,           2025-01-19 10:32:00,           2025-01-19 05:32:00,3.17,23.698,0.049,0.578821,0.931
1737283320,           2025-01-19 10:42:00,           2025-01-19 05:42:00,3.17,23.681,0.049,0.578637,0.932
1737283920,           2025-01-19 10:52:00,           2025-01-19 05:52:00,3.17,23.706,0.049,0.578908,0.931
1737284520,           2025-01-19 11:02:00,           2025-01-19 06:02:00,3.17,23.689,0.049,0.578724,0.931
1737285120,           2025-01-19 11:12:00,           2025-01-19 06:12:00,3.17,23.673,0.049,0.57855,0.931
1737285720,           2025-01-19 11:22:00,           2025-01-19 06:22:00,3.17,23.664,0.049,0.578452,0.931
1737286320,           2025-01-19 11:32:00,           2025-01-19 06:32:00,3.17,23.656,0.05,0.590168,0.932
1737286920,           2025-01-19 11:42:00,           2025-01-19 06:42:00,3.17,23.681,0.049,0.578637,0.931
1737287520,           2025-01-19 11:52:00,           2025-01-19 06:52:00,3.16,23.714,0.05,0.590812,0.932
1737288120,           2025-01-19 12:02:00,           2025-01-19 07:02:00,3.16,23.723,0.049,0.579093,0.931
1737288720,           2025-01-19 12:12:00,           2025-01-19 07:12:00,3.16,23.765,0.049,0.57955,0.931
1737289320,           2025-01-19 12:22:00,           2025-01-19 07:22:00,3.16,23.731,0.05,0.591,0.932
1737289920,           2025-01-19 12:32:00,           2025-01-19 07:32:00,3.16,23.798,0.049,0.579908,0.932
1737290520,           2025-01-19 12:42:00,           2025-01-19 07:42:00,3.16,23.823,0.049,0.58018,0.932
1737291120,           2025-01-19 12:52:00,           2025-01-19 07:52:00,3.16,23.907,0.048,0.569235,0.932
1737291720,           2025-01-19 13:02:00,           2025-01-19 08:02:00,3.16,23.999,0.048,0.570215,0.932
1737292320,           2025-01-19 13:12:00,           2025-01-19 08:12:00,3.16,24.041,0.049,0.582551,0.932
1737292920,           2025-01-19 13:22:00,           2025-01-19 08:22:00,3.16,24.15,0.049,0.583738,0.932
1737293520,           2025-01-19 13:32:00,           2025-01-19 08:32:00,3.16,24.175,0.051,0.607847,0.932
1737294120,           2025-01-19 13:42:00,           2025-01-19 08:42:00,3.16,24.251,0.049,0.584838,0.932
1737294720,           2025-01-19 13:52:00,           2025-01-19 08:52:00,3.17,24.402,0.05,0.598452,0.932
1737295320,           2025-01-19 14:02:00,           2025-01-19 09:02:00,3.17,24.528,0.05,0.599853,0.932
1737295920,           2025-01-19 14:12:00,           2025-01-19 09:12:00,3.17,24.578,0.052,0.624426,0.932
1737296520,           2025-01-19 14:22:00,           2025-01-19 09:22:00,3.16,24.78,0.048,0.578552,0.932
1737297120,           2025-01-19 14:32:00,           2025-01-19 09:32:00,3.16,24.763,0.05,0.602469,0.932
1737297720,           2025-01-19 14:42:00,           2025-01-19 09:42:00,3.16,24.822,0.055,0.663439,0.932
1737298320,           2025-01-19 14:52:00,           2025-01-19 09:52:00,3.16,24.889,0.053,0.640105,0.932
1737298920,           2025-01-19 15:02:00,           2025-01-19 10:02:00,3.16,25.15,0.054,0.655326,0.932
1737299520,           2025-01-19 15:12:00,           2025-01-19 10:12:00,3.16,25.293,0.051,0.620546,0.932
1737300120,           2025-01-19 15:22:00,           2025-01-19 10:22:00,3.16,25.352,0.05,0.609037,0.932
1737300720,           2025-01-19 15:32:00,           2025-01-19 10:32:00,3.16,25.385,0.048,0.58503,0.932
1737301320,           2025-01-19 15:42:00,           2025-01-19 10:42:00,3.16,25.385,0.047,0.572841,0.932
1737301920,           2025-01-19 15:52:00,           2025-01-19 10:52:00,3.16,25.377,0.048,0.584944,0.932
1737302520,           2025-01-19 16:02:00,           2025-01-19 11:02:00,3.16,25.419,0.053,0.646373,0.932
1737303120,           2025-01-19 16:12:00,           2025-01-19 11:12:00,3.16,25.596,0.05,0.611763,0.932
1737303720,           2025-01-19 16:22:00,           2025-01-19 11:22:00,3.16,25.655,0.047,0.575677,0.932
1737304320,           2025-01-19 16:32:00,           2025-01-19 11:32:00,3.16,25.739,0.049,0.601095,0.932
1737304920,           2025-01-19 16:42:00,           2025-01-19 11:42:00,3.16,25.537,0.047,0.574438,0.932
1737305520,           2025-01-19 16:52:00,           2025-01-19 11:52:00,3.16,25.487,0.049,0.598334,0.932
1737306120,           2025-01-19 17:02:00,           2025-01-19 12:02:00,3.16,25.579,0.055,0.67273,0.932
1737306720,           2025-01-19 17:12:00,           2025-01-19 12:12:00,3.16,25.63,0.05,0.612143,0.932
1737307320,           2025-01-19 17:22:00,           2025-01-19 12:22:00,3.16,25.765,0.05,0.613653,0.933
1737307920,           2025-01-19 17:32:00,           2025-01-19 12:32:00,3.16,25.756,0.051,0.625823,0.932
1737308520,           2025-01-19 17:42:00,           2025-01-19 12:42:00,3.16,25.655,0.048,0.587926,0.932
1737309120,           2025-01-19 17:52:00,           2025-01-19 12:52:00,3.16,25.663,0.051,0.624762,0.932
1737309720,           2025-01-19 18:02:00,           2025-01-19 13:02:00,3.16,25.815,0.064,0.786191,0.933
1737310320,           2025-01-19 18:12:00,           2025-01-19 13:12:00,3.16,25.824,0.056,0.68803,0.933
1737310920,           2025-01-19 18:22:00,           2025-01-19 13:22:00,3.16,25.866,0.05,0.614783,0.932
1737311520,           2025-01-19 18:32:00,           2025-01-19 13:32:00,3.16,25.984,0.218,2.686211,0.936
1737312120,           2025-01-19 18:42:00,           2025-01-19 13:42:00,3.16,26.06,0.059,0.728006,0.933
1737312720,           2025-01-19 18:52:00,           2025-01-19 13:52:00,3.16,26.068,0.07,0.863862,0.933
1737313320,           2025-01-19 19:02:00,           2025-01-19 14:02:00,3.16,26.026,0.09,1.109833,0.933
1737313920,           2025-01-19 19:12:00,           2025-01-19 14:12:00,3.16,26.001,0.062,0.764204,0.933
1737314520,           2025-01-19 19:22:00,           2025-01-19 14:22:00,3.16,26.009,0.06,0.73966,0.933
1737315120,           2025-01-19 19:32:00,           2025-01-19 14:32:00,3.16,26.018,0.059,0.727451,0.933
1737315720,           2025-01-19 19:42:00,           2025-01-19 14:42:00,3.16,26.077,7.802,96.299285,0.955
1737316320,           2025-01-19 19:52:00,           2025-01-19 14:52:00,3.16,25.024,8.13,98.434412,0.951
1737316920,           2025-01-19 20:02:00,           2025-01-19 15:02:00,3.16,24.117,8.258,98.317137,0.95
1737317520,           2025-01-19 20:12:00,           2025-01-19 15:12:00,3.16,24.226,8.227,98.147316,0.951
1737318120,           2025-01-19 20:22:00,           2025-01-19 15:22:00,3.16,24.561,8.21,98.556196,0.951
1737318720,           2025-01-19 20:32:00,           2025-01-19 15:32:00,3.17,24.511,8.203,98.380893,0.951
1737319320,           2025-01-19 20:42:00,           2025-01-19 15:42:00,3.16,24.721,8.208,98.824568,0.952
1737319920,           2025-01-19 20:52:00,           2025-01-19 15:52:00,3.16,25.967,8.034,98.964918,0.953
1737320520,           2025-01-19 21:02:00,           2025-01-19 16:02:00,3.16,26.703,7.923,98.905379,0.953
1737321120,           2025-01-19 21:12:00,           2025-01-19 16:12:00,3.16,27.16,7.874,99.102892,0.953
1737321720,           2025-01-19 21:22:00,           2025-01-19 16:22:00,3.16,27.508,7.877,99.758231,0.954
1737322320,           2025-01-19 21:32:00,           2025-01-19 16:32:00,3.16,28.275,7.65,98.208843,0.954
1737322920,           2025-01-19 21:42:00,           2025-01-19 16:42:00,3.16,28.797,7.697,99.722705,0.954
1737323520,           2025-01-19 21:52:00,           2025-01-19 16:52:00,3.16,28.437,7.721,99.403515,0.954
1737324120,           2025-01-19 22:02:00,           2025-01-19 17:02:00,3.15,28.506,7.731,99.653104,0.953
1737324720,           2025-01-19 22:12:00,           2025-01-19 17:12:00,3.16,28.292,7.74,99.394022,0.953
1737325320,           2025-01-19 22:22:00,           2025-01-19 17:22:00,3.16,28.139,7.79,99.76644,0.952
1737325920,           2025-01-19 22:32:00,           2025-01-19 17:32:00,3.16,27.9,7.855,100.174551,0.952
1737326520,           2025-01-19 22:42:00,           2025-01-19 17:42:00,3.16,27.84,7.863,100.170013,0.952
1737327120,           2025-01-19 22:52:00,           2025-01-19 17:52:00,3.16,28.07,7.715,98.685541,0.952
1737327720,           2025-01-19 23:02:00,           2025-01-19 18:02:00,3.16,28.446,7.7,99.148849,0.953
1737328320,           2025-01-19 23:12:00,           2025-01-19 18:12:00,3.16,28.771,7.659,99.185193,0.953
1737328920,           2025-01-19 23:22:00,           2025-01-19 18:22:00,3.16,29.019,7.614,99.031116,0.953
1737329520,           2025-01-19 23:32:00,           2025-01-19 18:32:00,3.16,29.165,7.615,99.296779,0.955
1737330120,           2025-01-19 23:42:00,           2025-01-19 18:42:00,3.16,29.285,7.584,99.099511,0.953
1737330720,           2025-01-19 23:52:00,           2025-01-19 18:52:00,3.15,29.363,7.551,98.802311,0.953
1737331320,           2025-01-20 00:02:00,           2025-01-19 19:02:00,3.15,29.371,7.565,98.99927,0.954
1737331920,           2025-01-20 00:12:00,           2025-01-19 19:12:00,3.15,29.363,7.571,99.064005,0.954
1737332520,           2025-01-20 00:22:00,           2025-01-19 19:22:00,3.16,29.337,7.558,98.849187,0.953
1737333120,           2025-01-20 00:32:00,           2025-01-19 19:32:00,3.16,29.294,7.567,98.892866,0.953
1737333720,           2025-01-20 00:42:00,           2025-01-19 19:42:00,3.16,29.242,7.579,98.96005,0.954
1737334320,           2025-01-20 00:52:00,           2025-01-19 19:52:00,3.16,29.174,7.646,99.716652,0.954
1737334920,           2025-01-20 01:02:00,           2025-01-19 20:02:00,3.15,28.574,7.752,100.043252,0.953
1737335520,           2025-01-20 01:12:00,           2025-01-19 20:12:00,3.16,27.687,7.844,99.657029,0.952
1737336120,           2025-01-20 01:22:00,           2025-01-19 20:22:00,3.16,26.686,7.922,98.862643,0.951
1737336720,           2025-01-20 01:32:00,           2025-01-19 20:32:00,3.16,26.052,7.984,98.500983,0.95
1737337320,           2025-01-20 01:42:00,           2025-01-19 20:42:00,3.16,26.813,7.755,96.999858,0.952
1737337920,           2025-01-20 01:52:00,           2025-01-19 20:52:00,3.16,27.398,7.663,96.858014,0.952
1737338520,           2025-01-20 02:02:00,           2025-01-19 21:02:00,3.16,27.602,7.657,97.134369,0.952
1737339120,           2025-01-20 02:12:00,           2025-01-19 21:12:00,3.16,27.585,7.679,97.384008,0.953
1737339720,           2025-01-20 02:22:00,           2025-01-19 21:22:00,3.16,27.466,7.69,97.317152,0.953
1737340320,           2025-01-20 02:32:00,           2025-01-19 21:32:00,3.16,27.33,7.715,97.397067,0.953
1737340920,           2025-01-20 02:42:00,           2025-01-19 21:42:00,3.16,27.228,7.717,97.245024,0.952
1737341520,           2025-01-20 02:52:00,           2025-01-19 21:52:00,3.16,27.126,7.745,97.420012,0.953
1737342120,           2025-01-20 03:02:00,           2025-01-19 22:02:00,3.16,27.058,7.742,97.263802,0.952
1737342720,           2025-01-20 03:12:00,           2025-01-19 22:12:00,3.16,26.999,7.761,97.399486,0.953
1737343320,           2025-01-20 03:22:00,           2025-01-19 22:22:00,3.16,26.914,7.77,97.363899,0.953
1737343920,           2025-01-20 03:32:00,           2025-01-19 22:32:00,3.16,26.906,7.765,97.287277,0.953
1737344520,           2025-01-20 03:42:00,           2025-01-19 22:42:00,3.16,26.906,7.766,97.299806,0.953
1737345120,           2025-01-20 03:52:00,           2025-01-19 22:52:00,3.16,26.948,7.759,97.285384,0.953
1737345720,           2025-01-20 04:02:00,           2025-01-19 23:02:00,3.16,26.94,7.753,97.196205,0.952
1737346320,           2025-01-20 04:12:00,           2025-01-19 23:12:00,3.16,26.897,7.765,97.271564,0.952
1737346920,           2025-01-20 04:22:00,           2025-01-19 23:22:00,3.16,26.863,7.787,97.487633,0.953
1737347520,           2025-01-20 04:32:00,           2025-01-19 23:32:00,3.16,26.813,7.776,97.262527,0.952
1737348120,           2025-01-20 04:42:00,           2025-01-19 23:42:00,3.16,26.804,7.786,97.371858,0.953
1737348720,           2025-01-20 04:52:00,           2025-01-19 23:52:00,3.16,26.787,7.788,97.367116,0.953
1737349320,           2025-01-20 05:02:00,           2025-01-20 00:02:00,3.16,26.762,7.79,97.348358,0.953
1737349920,           2025-01-20 05:12:00,           2025-01-20 00:12:00,3.16,26.736,7.778,97.15296,0.952
1737350520,           2025-01-20 05:22:00,           2025-01-20 00:22:00,3.16,26.711,7.797,97.346492,0.952
1737351120,           2025-01-20 05:32:00,           2025-01-20 00:32:00,3.16,26.669,7.803,97.347787,0.953
1737351720,           2025-01-20 05:42:00,           2025-01-20 00:42:00,3.16,26.626,7.801,97.2475,0.952
1737352320,           2025-01-20 05:52:00,           2025-01-20 00:52:00,3.16,26.601,7.804,97.241089,0.952
1737352920,           2025-01-20 06:02:00,           2025-01-20 01:02:00,3.16,26.567,7.818,97.355855,0.953
1737353520,           2025-01-20 06:12:00,           2025-01-20 01:12:00,3.16,26.542,7.82,97.336873,0.953
1737354120,           2025-01-20 06:22:00,           2025-01-20 01:22:00,3.16,26.525,7.813,97.219928,0.952
1737354720,           2025-01-20 06:32:00,           2025-01-20 01:32:00,3.16,26.499,7.822,97.286273,0.952
1737355320,           2025-01-20 06:42:00,           2025-01-20 01:42:00,3.16,26.466,7.837,97.414797,0.953
1737355920,           2025-01-20 06:52:00,           2025-01-20 01:52:00,3.16,26.457,7.82,97.187692,0.952
1737356520,           2025-01-20 07:02:00,           2025-01-20 02:02:00,3.16,26.406,7.836,97.296877,0.952
1737357120,           2025-01-20 07:12:00,           2025-01-20 02:12:00,3.16,26.398,7.833,97.245569,0.952
1737357720,           2025-01-20 07:22:00,           2025-01-20 02:22:00,3.16,26.356,7.845,97.320639,0.953
1737358320,           2025-01-20 07:32:00,           2025-01-20 02:32:00,3.16,26.33,7.854,97.38649,0.953
1737358920,           2025-01-20 07:42:00,           2025-01-20 02:42:00,3.16,26.322,7.846,97.273217,0.952
1737359520,           2025-01-20 07:52:00,           2025-01-20 02:52:00,3.16,26.288,7.847,97.225788,0.952
1737360120,           2025-01-20 08:02:00,           2025-01-20 03:02:00,3.16,26.254,7.855,97.265032,0.952
1737360720,           2025-01-20 08:12:00,           2025-01-20 03:12:00,3.16,26.254,7.846,97.153589,0.952
1737361320,           2025-01-20 08:22:00,           2025-01-20 03:22:00,3.16,26.22,7.869,97.378412,0.953
1737361920,           2025-01-20 08:32:00,           2025-01-20 03:32:00,3.16,26.187,7.87,97.332576,0.953
1737362520,           2025-01-20 08:42:00,           2025-01-20 03:42:00,3.16,26.153,7.867,97.235531,0.952
1737363120,           2025-01-20 08:52:00,           2025-01-20 03:52:00,3.16,26.119,7.87,97.212654,0.952
1737363720,           2025-01-20 09:02:00,           2025-01-20 04:02:00,3.16,26.102,7.869,97.170331,0.952
1737364320,           2025-01-20 09:12:00,           2025-01-20 04:12:00,3.16,26.06,7.896,97.429449,0.953
1737364920,           2025-01-20 09:22:00,           2025-01-20 04:22:00,3.16,26.035,7.889,97.298901,0.952
1737365520,           2025-01-20 09:32:00,           2025-01-20 04:32:00,3.16,26.018,7.888,97.256535,0.952
1737366120,           2025-01-20 09:42:00,           2025-01-20 04:42:00,3.16,25.992,7.886,97.18596,0.951
1737366720,           2025-01-20 09:52:00,           2025-01-20 04:52:00,3.16,26.001,7.89,97.251157,0.952
1737367320,           2025-01-20 10:02:00,           2025-01-20 05:02:00,3.16,25.976,7.903,97.367152,0.952
1737367920,           2025-01-20 10:12:00,           2025-01-20 05:12:00,3.16,25.976,7.89,97.206988,0.952
1737368520,           2025-01-20 10:22:00,           2025-01-20 05:22:00,3.16,25.984,7.883,97.134867,0.952
1737369120,           2025-01-20 10:32:00,           2025-01-20 05:32:00,3.16,25.984,7.888,97.196477,0.952
1737369720,           2025-01-20 10:42:00,           2025-01-20 05:42:00,3.16,26.009,7.885,97.203654,0.952
1737370320,           2025-01-20 10:52:00,           2025-01-20 05:52:00,3.16,26.018,7.886,97.231876,0.952
1737370920,           2025-01-20 11:02:00,           2025-01-20 06:02:00,3.16,26.009,7.89,97.265292,0.952
1737371520,           2025-01-20 11:12:00,           2025-01-20 06:12:00,3.16,26.001,7.89,97.251157,0.952
1737372120,           2025-01-20 11:22:00,           2025-01-20 06:22:00,3.16,26.026,7.887,97.258336,0.952
1737372720,           2025-01-20 11:32:00,           2025-01-20 06:32:00,3.16,26.009,7.884,97.191326,0.952
1737373320,           2025-01-20 11:42:00,           2025-01-20 06:42:00,3.16,26.009,7.885,97.203654,0.952
1737373920,           2025-01-20 11:52:00,           2025-01-20 06:52:00,3.16,26.026,7.883,97.20901,0.952
1737374520,           2025-01-20 12:02:00,           2025-01-20 07:02:00,3.16,26.035,7.877,97.150899,0.952
1737375120,           2025-01-20 12:12:00,           2025-01-20 07:12:00,3.16,26.035,7.887,97.274234,0.952
1737375720,           2025-01-20 12:22:00,           2025-01-20 07:22:00,3.16,26.06,7.884,97.28138,0.952
1737376320,           2025-01-20 12:32:00,           2025-01-20 07:32:00,3.16,26.077,7.887,97.348432,0.952
1737376920,           2025-01-20 12:42:00,           2025-01-20 07:42:00,3.16,26.077,7.876,97.21266,0.952
1737377520,           2025-01-20 12:52:00,           2025-01-20 07:52:00,3.16,26.068,7.899,97.480622,0.953
1737378120,           2025-01-20 13:02:00,           2025-01-20 08:02:00,3.16,26.102,7.881,97.318513,0.952
1737378720,           2025-01-20 13:12:00,           2025-01-20 08:12:00,3.16,26.136,7.875,97.304412,0.952
1737379320,           2025-01-20 13:22:00,           2025-01-20 08:22:00,3.16,26.178,7.861,97.205412,0.952
1737379920,           2025-01-20 13:32:00,           2025-01-20 08:32:00,3.16,26.356,7.835,97.196585,0.952
1737380520,           2025-01-20 13:42:00,           2025-01-20 08:42:00,3.16,26.389,7.829,97.180103,0.952
1737381120,           2025-01-20 13:52:00,           2025-01-20 08:52:00,3.16,26.381,7.843,97.339808,0.953
1737381720,           2025-01-20 14:02:00,           2025-01-20 09:02:00,3.16,26.356,7.837,97.221396,0.952
1737382320,           2025-01-20 14:12:00,           2025-01-20 09:12:00,3.16,26.364,7.836,97.223051,0.953
1737382920,           2025-01-20 14:22:00,           2025-01-20 09:22:00,3.16,26.373,7.832,97.189233,0.952
1737383520,           2025-01-20 14:32:00,           2025-01-20 09:32:00,3.16,26.347,7.838,97.21798,0.953
1737384120,           2025-01-20 14:42:00,           2025-01-20 09:42:00,3.16,26.322,7.845,97.260819,0.953
1737384720,           2025-01-20 14:52:00,           2025-01-20 09:52:00,3.16,26.313,7.832,97.083841,0.952
1737385320,           2025-01-20 15:02:00,           2025-01-20 10:02:00,3.16,26.313,7.843,97.220194,0.952
1737385920,           2025-01-20 15:12:00,           2025-01-20 10:12:00,3.16,26.305,7.85,97.292882,0.952
