            Unix Timestamp,               UTC_Date_&_Time,         Eastern Standard Time,       Battery,   Temperature,  Dissolved Oxygen,  Dissolved Oxygen Saturation,             Q
1736611440,           2025-01-11 16:04:00,           2025-01-11 11:04:00,2.91,30.127,7.465,98.977593,0.894
1736612040,           2025-01-11 16:14:00,           2025-01-11 11:14:00,2.91,29.843,7.434,98.084496,0.894
1736612640,           2025-01-11 16:24:00,           2025-01-11 11:24:00,2.91,29.378,7.483,97.938099,0.894
1736613240,           2025-01-11 16:34:00,           2025-01-11 11:34:00,2.91,28.863,7.53,97.671833,0.894
1736613840,           2025-01-11 16:44:00,           2025-01-11 11:44:00,2.91,28.41,7.577,97.503263,0.894
1736614440,           2025-01-11 16:54:00,           2025-01-11 11:54:00,2.91,27.898,7.644,97.480221,0.895
1736615040,           2025-01-11 17:04:00,           2025-01-11 12:04:00,2.92,24.796,0.533,6.42624,0.888
1736615640,           2025-01-11 17:14:00,           2025-01-11 12:14:00,2.91,24.259,0.411,4.906205,0.886
1736616240,           2025-01-11 17:24:00,           2025-01-11 12:24:00,2.92,24.141,0.403,4.800139,0.885
1736616840,           2025-01-11 17:34:00,           2025-01-11 12:34:00,2.92,24.208,0.48,5.724434,0.887
1736617440,           2025-01-11 17:44:00,           2025-01-11 12:44:00,2.92,24.535,0.417,5.003426,0.886
1736618040,           2025-01-11 17:54:00,           2025-01-11 12:54:00,2.92,24.535,0.51,6.119298,0.888
1736618640,           2025-01-11 18:04:00,           2025-01-11 13:04:00,2.92,24.561,0.483,5.798129,0.887
1736619240,           2025-01-11 18:14:00,           2025-01-11 13:14:00,2.92,24.603,0.5,6.006879,0.887
1736619840,           2025-01-11 18:24:00,           2025-01-11 13:24:00,2.92,24.703,0.525,6.318911,0.888
1736620440,           2025-01-11 18:34:00,           2025-01-11 13:34:00,2.92,24.846,0.429,5.177119,0.886
1736621040,           2025-01-11 18:44:00,           2025-01-11 13:44:00,2.92,24.821,0.404,4.873171,0.885
1736621640,           2025-01-11 18:54:00,           2025-01-11 13:54:00,2.92,24.964,0.418,5.055366,0.885
1736622240,           2025-01-11 19:04:00,           2025-01-11 14:04:00,2.92,25.023,0.438,5.303011,0.886
1736622840,           2025-01-11 19:14:00,           2025-01-11 14:14:00,2.92,24.989,0.44,5.32389,0.886
1736623440,           2025-01-11 19:24:00,           2025-01-11 14:24:00,2.92,24.972,0.389,4.705328,0.885
1736624040,           2025-01-11 19:34:00,           2025-01-11 14:34:00,2.92,24.964,0.384,4.644164,0.884
1736624640,           2025-01-11 19:44:00,           2025-01-11 14:44:00,2.92,24.947,0.406,4.908697,0.885
1736625240,           2025-01-11 19:54:00,           2025-01-11 14:54:00,2.92,24.972,0.406,4.91096,0.885
1736625840,           2025-01-11 20:04:00,           2025-01-11 15:04:00,2.92,24.955,0.427,5.163356,0.886
1736626440,           2025-01-11 20:14:00,           2025-01-11 15:14:00,2.92,24.981,0.432,5.226321,0.886
1736627040,           2025-01-11 20:24:00,           2025-01-11 15:24:00,2.92,24.947,0.621,7.50813,0.89
1736627640,           2025-01-11 20:34:00,           2025-01-11 15:34:00,2.92,24.947,0.553,6.685984,0.888
1736628240,           2025-01-11 20:44:00,           2025-01-11 15:44:00,2.92,24.93,0.53,6.405896,0.888
1736628840,           2025-01-11 20:54:00,           2025-01-11 15:54:00,2.92,24.93,0.518,6.260857,0.888
1736629440,           2025-01-11 21:04:00,           2025-01-11 16:04:00,2.92,24.88,0.483,5.832444,0.887
1736630040,           2025-01-11 21:14:00,           2025-01-11 16:14:00,2.92,24.88,0.563,6.79848,0.888
1736630640,           2025-01-11 21:24:00,           2025-01-11 16:24:00,2.92,24.863,0.571,6.89292,0.889
1736631240,           2025-01-11 21:34:00,           2025-01-11 16:34:00,2.92,24.804,0.532,6.415132,0.888
1736631840,           2025-01-11 21:44:00,           2025-01-11 16:44:00,2.92,24.796,0.631,7.6078,0.89
1736632440,           2025-01-11 21:54:00,           2025-01-11 16:54:00,2.92,24.712,0.883,10.629577,0.894
1736633040,           2025-01-11 22:04:00,           2025-01-11 17:04:00,2.92,24.695,0.984,11.841692,0.895
1736633640,           2025-01-11 22:14:00,           2025-01-11 17:14:00,2.92,24.653,0.99,11.904639,0.895
1736634240,           2025-01-11 22:24:00,           2025-01-11 17:24:00,2.92,24.603,1.035,12.434239,0.895
1736634840,           2025-01-11 22:34:00,           2025-01-11 17:34:00,2.92,24.535,0.869,10.426803,0.893
1736635440,           2025-01-11 22:44:00,           2025-01-11 17:44:00,2.92,24.519,0.717,8.60046,0.891
1736636040,           2025-01-11 22:54:00,           2025-01-11 17:54:00,2.92,24.451,1.028,12.315371,0.895
1736636640,           2025-01-11 23:04:00,           2025-01-11 18:04:00,2.92,24.426,1.127,13.495117,0.896
1736637240,           2025-01-11 23:14:00,           2025-01-11 18:14:00,2.92,24.393,1.153,13.797988,0.896
1736637840,           2025-01-11 23:24:00,           2025-01-11 18:24:00,2.92,24.368,1.109,13.265273,0.896
1736638440,           2025-01-11 23:34:00,           2025-01-11 18:34:00,2.92,24.326,1.105,13.207107,0.895
1736639040,           2025-01-11 23:44:00,           2025-01-11 18:44:00,2.92,24.284,1.204,14.379126,0.896
1736639640,           2025-01-11 23:54:00,           2025-01-11 18:54:00,2.92,24.259,1.238,14.778301,0.896
1736640240,           2025-01-12 00:04:00,           2025-01-11 19:04:00,2.91,24.233,1.204,14.365477,0.896
1736640840,           2025-01-12 00:14:00,           2025-01-11 19:14:00,2.91,24.217,1.237,14.754816,0.896
1736641440,           2025-01-12 00:24:00,           2025-01-11 19:24:00,2.91,24.175,1.182,14.08775,0.896
1736642040,           2025-01-12 00:34:00,           2025-01-11 19:34:00,2.91,24.149,1.146,13.652061,0.896
1736642640,           2025-01-12 00:44:00,           2025-01-11 19:44:00,2.92,24.133,1.132,13.481258,0.896
1736643240,           2025-01-12 00:54:00,           2025-01-11 19:54:00,2.92,24.116,1.067,12.703128,0.895
1736643840,           2025-01-12 01:04:00,           2025-01-11 20:04:00,2.92,24.091,1.106,13.161299,0.895
1736644440,           2025-01-12 01:14:00,           2025-01-11 20:14:00,2.92,24.066,1.145,13.619037,0.896
1736645040,           2025-01-12 01:24:00,           2025-01-11 20:24:00,2.92,24.04,1.073,12.756447,0.895
1736645640,           2025-01-12 01:34:00,           2025-01-11 20:34:00,2.92,24.04,1.077,12.804002,0.895
1736646240,           2025-01-12 01:44:00,           2025-01-11 20:44:00,2.92,24.024,1.123,13.346886,0.895
1736646840,           2025-01-12 01:54:00,           2025-01-11 20:54:00,2.92,23.99,1.115,13.243388,0.895
1736647440,           2025-01-12 02:04:00,           2025-01-11 21:04:00,2.92,23.973,1.2,14.248445,0.896
1736648040,           2025-01-12 02:14:00,           2025-01-11 21:14:00,2.92,23.94,1.209,14.346451,0.896
1736648640,           2025-01-12 02:24:00,           2025-01-11 21:24:00,2.92,23.923,1.195,14.175812,0.896
1736649240,           2025-01-12 02:34:00,           2025-01-11 21:34:00,2.92,23.915,1.185,14.055081,0.896
1736649840,           2025-01-12 02:44:00,           2025-01-11 21:44:00,2.92,23.864,1.093,12.951514,0.895
1736650440,           2025-01-12 02:54:00,           2025-01-11 21:54:00,2.92,23.864,1.033,12.240543,0.895
1736651040,           2025-01-12 03:04:00,           2025-01-11 22:04:00,2.92,23.814,1.024,12.122536,0.894
1736651640,           2025-01-12 03:14:00,           2025-01-11 22:14:00,2.92,23.797,0.947,11.207407,0.894
1736652240,           2025-01-12 03:24:00,           2025-01-11 22:24:00,2.92,23.806,0.852,10.084817,0.892
1736652840,           2025-01-12 03:34:00,           2025-01-11 22:34:00,2.92,23.772,0.826,9.770834,0.892
1736653440,           2025-01-12 03:44:00,           2025-01-11 22:44:00,2.92,23.756,0.858,10.14632,0.893
1736654040,           2025-01-12 03:54:00,           2025-01-11 22:54:00,2.92,23.739,0.82,9.693857,0.892
1736654640,           2025-01-12 04:04:00,           2025-01-11 23:04:00,2.92,23.739,0.819,9.682035,0.892
1736655240,           2025-01-12 04:14:00,           2025-01-11 23:14:00,2.92,23.739,0.792,9.362847,0.892
1736655840,           2025-01-12 04:24:00,           2025-01-11 23:24:00,2.92,23.689,0.801,9.460361,0.892
1736656440,           2025-01-12 04:34:00,           2025-01-11 23:34:00,2.92,23.697,0.786,9.284595,0.892
1736657040,           2025-01-12 04:44:00,           2025-01-11 23:44:00,2.92,23.68,0.747,8.821093,0.891
1736657640,           2025-01-12 04:54:00,           2025-01-11 23:54:00,2.92,23.663,0.715,8.440519,0.891
1736658240,           2025-01-12 05:04:00,           2025-01-12 00:04:00,2.92,23.663,0.741,8.747447,0.891
1736658840,           2025-01-12 05:14:00,           2025-01-12 00:14:00,2.92,23.605,0.713,8.407741,0.891
1736659440,           2025-01-12 05:24:00,           2025-01-12 00:24:00,2.92,23.613,0.709,8.36183,0.89
1736660040,           2025-01-12 05:34:00,           2025-01-12 00:34:00,2.92,23.58,0.668,7.873396,0.89
1736660640,           2025-01-12 05:44:00,           2025-01-12 00:44:00,2.92,23.563,0.648,7.635224,0.889
1736661240,           2025-01-12 05:54:00,           2025-01-12 00:54:00,2.92,23.563,0.633,7.458482,0.889
1736661840,           2025-01-12 06:04:00,           2025-01-12 01:04:00,2.92,23.529,0.618,7.277084,0.889
1736662440,           2025-01-12 06:14:00,           2025-01-12 01:14:00,2.92,23.529,0.578,6.806076,0.888
1736663040,           2025-01-12 06:24:00,           2025-01-12 01:24:00,2.92,23.521,0.586,6.899238,0.888
1736663640,           2025-01-12 06:34:00,           2025-01-12 01:34:00,2.92,23.488,0.573,6.741994,0.888
1736664240,           2025-01-12 06:44:00,           2025-01-12 01:44:00,2.92,23.462,0.544,6.397642,0.887
1736664840,           2025-01-12 06:54:00,           2025-01-12 01:54:00,2.92,23.471,0.529,6.222291,0.887
1736665440,           2025-01-12 07:04:00,           2025-01-12 02:04:00,2.92,23.446,0.532,6.254632,0.887
1736666040,           2025-01-12 07:14:00,           2025-01-12 02:14:00,2.92,23.412,0.523,6.144881,0.887
1736666640,           2025-01-12 07:24:00,           2025-01-12 02:24:00,2.92,23.387,0.531,6.235935,0.887
1736667240,           2025-01-12 07:34:00,           2025-01-12 02:34:00,2.92,23.379,0.517,6.070606,0.887
1736667840,           2025-01-12 07:44:00,           2025-01-12 02:44:00,2.92,23.345,0.477,5.597335,0.886
1736668440,           2025-01-12 07:54:00,           2025-01-12 02:54:00,2.92,23.337,0.533,6.25352,0.887
1736669040,           2025-01-12 08:04:00,           2025-01-12 03:04:00,2.92,23.328,0.537,6.299381,0.887
1736669640,           2025-01-12 08:14:00,           2025-01-12 03:14:00,2.92,23.278,0.543,6.363754,0.887
1736670240,           2025-01-12 08:24:00,           2025-01-12 03:24:00,2.92,23.261,0.513,6.010234,0.887
1736670840,           2025-01-12 08:34:00,           2025-01-12 03:34:00,2.92,23.253,0.5,5.857043,0.886
1736671440,           2025-01-12 08:44:00,           2025-01-12 03:44:00,2.92,23.236,0.503,5.890292,0.887
1736672040,           2025-01-12 08:54:00,           2025-01-12 03:54:00,2.92,23.22,0.52,6.087526,0.887
1736672640,           2025-01-12 09:04:00,           2025-01-12 04:04:00,2.92,23.195,0.496,5.803819,0.886
1736673240,           2025-01-12 09:14:00,           2025-01-12 04:14:00,2.92,23.144,0.498,5.821601,0.886
1736673840,           2025-01-12 09:24:00,           2025-01-12 04:24:00,2.92,23.153,0.458,5.354915,0.886
1736674440,           2025-01-12 09:34:00,           2025-01-12 04:34:00,2.92,23.128,0.464,5.4225,0.886
1736675040,           2025-01-12 09:44:00,           2025-01-12 04:44:00,2.92,23.086,0.485,5.663408,0.886
1736675640,           2025-01-12 09:54:00,           2025-01-12 04:54:00,2.92,23.086,0.502,5.861919,0.887
1736676240,           2025-01-12 10:04:00,           2025-01-12 05:04:00,2.92,23.077,0.467,5.45229,0.886
1736676840,           2025-01-12 10:14:00,           2025-01-12 05:14:00,2.92,23.052,0.482,5.624751,0.886
1736677440,           2025-01-12 10:24:00,           2025-01-12 05:24:00,2.92,23.027,0.476,5.552102,0.886
1736678040,           2025-01-12 10:34:00,           2025-01-12 05:34:00,2.92,23.002,0.469,5.46786,0.886
1736678640,           2025-01-12 10:44:00,           2025-01-12 05:44:00,2.92,22.985,0.459,5.349549,0.886
1736679240,           2025-01-12 10:54:00,           2025-01-12 05:54:00,2.92,22.96,0.464,5.405258,0.886
1736679840,           2025-01-12 11:04:00,           2025-01-12 06:04:00,2.92,22.944,0.464,5.403616,0.886
1736680440,           2025-01-12 11:14:00,           2025-01-12 06:14:00,2.92,22.935,0.47,5.472556,0.886
1736681040,           2025-01-12 11:24:00,           2025-01-12 06:24:00,2.92,22.927,0.444,5.169033,0.885
1736681640,           2025-01-12 11:34:00,           2025-01-12 06:34:00,2.92,22.893,0.456,5.305309,0.886
1736682240,           2025-01-12 11:44:00,           2025-01-12 06:44:00,2.92,22.885,0.441,5.130013,0.886
1736682840,           2025-01-12 11:54:00,           2025-01-12 06:54:00,2.92,22.86,0.419,4.871779,0.885
1736683440,           2025-01-12 12:04:00,           2025-01-12 07:04:00,2.92,22.86,0.423,4.918287,0.885
1736684040,           2025-01-12 12:14:00,           2025-01-12 07:14:00,2.92,22.86,0.43,4.999677,0.885
1736684640,           2025-01-12 12:24:00,           2025-01-12 07:24:00,2.92,22.868,0.407,4.732972,0.884
1736685240,           2025-01-12 12:34:00,           2025-01-12 07:34:00,2.92,22.86,0.406,4.720625,0.884
1736685840,           2025-01-12 12:44:00,           2025-01-12 07:44:00,2.92,22.868,0.403,4.686457,0.884
1736686440,           2025-01-12 12:54:00,           2025-01-12 07:54:00,2.92,22.885,0.396,4.606542,0.884
1736687040,           2025-01-12 13:04:00,           2025-01-12 08:04:00,2.92,22.868,0.433,5.035324,0.885
1736687640,           2025-01-12 13:14:00,           2025-01-12 08:14:00,2.92,22.935,0.406,4.727357,0.885
1736688240,           2025-01-12 13:24:00,           2025-01-12 08:24:00,2.92,22.952,0.343,3.99509,0.883
1736688840,           2025-01-12 13:34:00,           2025-01-12 08:34:00,2.92,22.985,0.302,3.519747,0.882
1736689440,           2025-01-12 13:44:00,           2025-01-12 08:44:00,2.92,23.01,0.289,3.369832,0.882
1736690040,           2025-01-12 13:54:00,           2025-01-12 08:54:00,2.92,23.044,0.207,2.415243,0.88
1736690640,           2025-01-12 14:04:00,           2025-01-12 09:04:00,2.92,23.069,0.199,2.323,0.88
1736691240,           2025-01-12 14:14:00,           2025-01-12 09:14:00,2.92,23.086,0.223,2.604,0.88
1736691840,           2025-01-12 14:24:00,           2025-01-12 09:24:00,2.92,23.144,0.215,2.513342,0.88
1736692440,           2025-01-12 14:34:00,           2025-01-12 09:34:00,2.92,23.186,0.243,2.842919,0.881
1736693040,           2025-01-12 14:44:00,           2025-01-12 09:44:00,2.92,23.22,0.225,2.634026,0.88
1736693640,           2025-01-12 14:54:00,           2025-01-12 09:54:00,2.92,23.261,0.214,2.507193,0.88
1736694240,           2025-01-12 15:04:00,           2025-01-12 10:04:00,2.92,23.328,0.187,2.193639,0.879
1736694840,           2025-01-12 15:14:00,           2025-01-12 10:14:00,2.92,23.387,0.143,1.679357,0.878
1736695440,           2025-01-12 15:24:00,           2025-01-12 10:24:00,2.92,23.454,0.167,1.963686,0.879
1736696040,           2025-01-12 15:34:00,           2025-01-12 10:34:00,2.92,23.58,0.223,2.628394,0.88
1736696640,           2025-01-12 15:44:00,           2025-01-12 10:44:00,2.92,23.596,0.228,2.688135,0.881
1736697240,           2025-01-12 15:54:00,           2025-01-12 10:54:00,2.92,23.622,0.195,2.300187,0.88
1736697840,           2025-01-12 16:04:00,           2025-01-12 11:04:00,2.92,23.705,0.166,1.961163,0.879
1736698440,           2025-01-12 16:14:00,           2025-01-12 11:14:00,2.92,23.797,0.137,1.621346,0.878
1736699040,           2025-01-12 16:24:00,           2025-01-12 11:24:00,2.92,23.948,0.132,1.566596,0.878
1736699640,           2025-01-12 16:34:00,           2025-01-12 11:34:00,2.92,23.957,0.137,1.626211,0.878
1736700240,           2025-01-12 16:44:00,           2025-01-12 11:44:00,2.92,23.948,0.15,1.780223,0.879
1736700840,           2025-01-12 16:54:00,           2025-01-12 11:54:00,2.92,24.099,0.162,1.928073,0.879
1736701440,           2025-01-12 17:04:00,           2025-01-12 12:04:00,2.92,24.376,0.199,2.380687,0.88
1736702040,           2025-01-12 17:14:00,           2025-01-12 12:14:00,2.91,24.141,0.141,1.679453,0.878
1736702640,           2025-01-12 17:24:00,           2025-01-12 12:24:00,2.92,24.166,0.114,1.358489,0.878
1736703240,           2025-01-12 17:34:00,           2025-01-12 12:34:00,2.91,24.217,0.089,1.061583,0.877
1736703840,           2025-01-12 17:44:00,           2025-01-12 12:44:00,2.92,24.292,0.133,1.588628,0.878
1736704440,           2025-01-12 17:54:00,           2025-01-12 12:54:00,2.92,24.3,0.097,1.158796,0.877
1736705040,           2025-01-12 18:04:00,           2025-01-12 13:04:00,2.92,24.368,0.09,1.076533,0.877
1736705640,           2025-01-12 18:14:00,           2025-01-12 13:14:00,2.92,24.401,0.072,0.861754,0.876
1736706240,           2025-01-12 18:24:00,           2025-01-12 13:24:00,2.92,24.468,0.085,1.018616,0.877
1736706840,           2025-01-12 18:34:00,           2025-01-12 13:34:00,2.92,24.468,0.083,0.994648,0.877
1736707440,           2025-01-12 18:44:00,           2025-01-12 13:44:00,2.92,24.552,0.354,4.248852,0.884
1736708040,           2025-01-12 18:54:00,           2025-01-12 13:54:00,2.92,24.586,0.384,4.61183,0.885
1736708640,           2025-01-12 19:04:00,           2025-01-12 14:04:00,2.92,24.745,0.618,7.444042,0.89
1736709240,           2025-01-12 19:14:00,           2025-01-12 14:14:00,2.92,24.737,0.716,8.623213,0.891
1736709840,           2025-01-12 19:24:00,           2025-01-12 14:24:00,2.92,24.745,0.79,9.515847,0.892
1736710440,           2025-01-12 19:34:00,           2025-01-12 14:34:00,2.92,24.703,0.565,6.800352,0.888
1736711040,           2025-01-12 19:44:00,           2025-01-12 14:44:00,2.92,24.678,0.573,6.89345,0.888
1736711640,           2025-01-12 19:54:00,           2025-01-12 14:54:00,2.92,24.653,0.593,7.130759,0.889
1736712240,           2025-01-12 20:04:00,           2025-01-12 15:04:00,2.92,24.771,0.567,6.833012,0.888
1736712840,           2025-01-12 20:14:00,           2025-01-12 15:14:00,2.92,24.703,0.522,6.282803,0.887
1736713440,           2025-01-12 20:24:00,           2025-01-12 15:24:00,2.92,24.687,0.452,5.438671,0.886
1736714040,           2025-01-12 20:34:00,           2025-01-12 15:34:00,2.92,24.695,0.445,5.355237,0.886
1736714640,           2025-01-12 20:44:00,           2025-01-12 15:44:00,2.92,24.67,0.421,5.064071,0.885
1736715240,           2025-01-12 20:54:00,           2025-01-12 15:54:00,2.92,24.703,0.375,4.513508,0.884
1736715840,           2025-01-12 21:04:00,           2025-01-12 16:04:00,2.92,24.678,0.362,4.355025,0.884
1736716440,           2025-01-12 21:14:00,           2025-01-12 16:14:00,2.92,24.653,0.343,4.124537,0.883
1736717040,           2025-01-12 21:24:00,           2025-01-12 16:24:00,2.92,24.653,0.327,3.932138,0.883
1736717640,           2025-01-12 21:34:00,           2025-01-12 16:34:00,2.92,24.636,0.307,3.690479,0.883
1736718240,           2025-01-12 21:44:00,           2025-01-12 16:44:00,2.92,24.603,0.272,3.267742,0.882
1736718840,           2025-01-12 21:54:00,           2025-01-12 16:54:00,2.92,24.561,0.258,3.097137,0.881
1736719440,           2025-01-12 22:04:00,           2025-01-12 17:04:00,2.92,24.544,0.241,2.892151,0.881
1736720040,           2025-01-12 22:14:00,           2025-01-12 17:14:00,2.92,24.519,0.258,3.094726,0.881
1736720640,           2025-01-12 22:24:00,           2025-01-12 17:24:00,2.92,24.477,0.257,3.080329,0.881
1736721240,           2025-01-12 22:34:00,           2025-01-12 17:34:00,2.92,24.46,0.252,3.019448,0.881
1736721840,           2025-01-12 22:44:00,           2025-01-12 17:44:00,2.92,24.376,0.239,2.859217,0.881
1736722440,           2025-01-12 22:54:00,           2025-01-12 17:54:00,2.92,24.359,0.213,2.547367,0.88
1736723040,           2025-01-12 23:04:00,           2025-01-12 18:04:00,2.92,24.309,0.237,2.83176,0.881
1736723640,           2025-01-12 23:14:00,           2025-01-12 18:14:00,2.91,24.284,0.259,3.093184,0.882
1736724240,           2025-01-12 23:24:00,           2025-01-12 18:24:00,2.91,24.233,0.374,4.462366,0.885
1736724840,           2025-01-12 23:34:00,           2025-01-12 18:34:00,2.91,24.225,0.513,6.119927,0.887
1736725440,           2025-01-12 23:44:00,           2025-01-12 18:44:00,2.91,24.191,0.795,9.47809,0.892
1736726040,           2025-01-12 23:54:00,           2025-01-12 18:54:00,2.91,24.149,1.317,15.689148,0.897
1736726640,           2025-01-13 00:04:00,           2025-01-12 19:04:00,2.91,24.124,1.277,15.205544,0.897
1736727240,           2025-01-13 00:14:00,           2025-01-12 19:14:00,2.91,24.108,1.195,14.224903,0.896
1736727840,           2025-01-13 00:24:00,           2025-01-12 19:24:00,2.91,24.057,1.347,16.019004,0.896
1736728440,           2025-01-13 00:34:00,           2025-01-12 19:34:00,2.92,24.04,1.336,15.883144,0.897
1736729040,           2025-01-13 00:44:00,           2025-01-12 19:44:00,2.92,24.007,1.321,15.695135,0.896
1736729640,           2025-01-13 00:54:00,           2025-01-12 19:54:00,2.92,23.982,1.288,15.295904,0.896
1736730240,           2025-01-13 01:04:00,           2025-01-12 20:04:00,2.92,23.957,1.256,14.90891,0.896
1736730840,           2025-01-13 01:14:00,           2025-01-12 20:14:00,2.92,23.94,1.206,14.310851,0.896
1736731440,           2025-01-13 01:24:00,           2025-01-12 20:24:00,2.92,23.915,1.19,14.114386,0.896
1736732040,           2025-01-13 01:34:00,           2025-01-12 20:34:00,2.92,23.898,1.093,12.959761,0.895
1736732640,           2025-01-13 01:44:00,           2025-01-12 20:44:00,2.92,23.873,1.02,12.088537,0.894
1736733240,           2025-01-13 01:54:00,           2025-01-12 20:54:00,2.92,23.864,0.987,11.695466,0.894
1736733840,           2025-01-13 02:04:00,           2025-01-12 21:04:00,2.92,23.839,1.034,12.246656,0.894
1736734440,           2025-01-13 02:14:00,           2025-01-12 21:14:00,2.92,23.848,1.067,12.639638,0.895
1736735040,           2025-01-13 02:24:00,           2025-01-12 21:24:00,2.92,23.823,0.99,11.722007,0.894
1736735640,           2025-01-13 02:34:00,           2025-01-12 21:34:00,2.92,23.806,0.967,11.44603,0.894
1736736240,           2025-01-13 02:44:00,           2025-01-12 21:44:00,2.92,23.781,1.086,12.848567,0.895
1736736840,           2025-01-13 02:54:00,           2025-01-12 21:54:00,2.92,23.764,1.047,12.383206,0.894
1736737440,           2025-01-13 03:04:00,           2025-01-12 22:04:00,2.92,23.739,0.986,11.656272,0.894
1736738040,           2025-01-13 03:14:00,           2025-01-12 22:14:00,2.92,23.722,0.995,11.758916,0.894
1736738640,           2025-01-13 03:24:00,           2025-01-12 22:24:00,2.92,23.705,0.963,11.377109,0.894
1736739240,           2025-01-13 03:34:00,           2025-01-12 22:34:00,2.92,23.68,1.034,12.210187,0.894
1736739840,           2025-01-13 03:44:00,           2025-01-12 22:44:00,2.92,23.68,1.043,12.316465,0.894
1736740440,           2025-01-13 03:54:00,           2025-01-12 22:54:00,2.92,23.647,0.97,11.447333,0.894
1736741040,           2025-01-13 04:04:00,           2025-01-12 23:04:00,2.92,23.622,0.862,10.168007,0.893
1736741640,           2025-01-13 04:14:00,           2025-01-12 23:14:00,2.92,23.605,0.852,10.046837,0.892
1736742240,           2025-01-13 04:24:00,           2025-01-12 23:24:00,2.92,23.58,0.835,9.841745,0.892
1736742840,           2025-01-13 04:34:00,           2025-01-12 23:34:00,2.92,23.571,0.859,10.122908,0.892
1736743440,           2025-01-13 04:44:00,           2025-01-12 23:44:00,2.92,23.546,0.838,9.870789,0.892
1736744040,           2025-01-13 04:54:00,           2025-01-12 23:54:00,2.92,23.538,0.786,9.256889,0.891
1736744640,           2025-01-13 05:04:00,           2025-01-13 00:04:00,2.92,23.513,0.779,9.170132,0.891
1736745240,           2025-01-13 05:14:00,           2025-01-13 00:14:00,2.92,23.496,0.743,8.743553,0.891
1736745840,           2025-01-13 05:24:00,           2025-01-13 00:24:00,2.92,23.471,0.665,7.821973,0.889
1736746440,           2025-01-13 05:34:00,           2025-01-13 00:34:00,2.92,23.471,0.584,6.869221,0.888
1736747040,           2025-01-13 05:44:00,           2025-01-13 00:44:00,2.92,23.446,0.54,6.348686,0.887
1736747640,           2025-01-13 05:54:00,           2025-01-13 00:54:00,2.92,23.454,0.518,6.090954,0.887
1736748240,           2025-01-13 06:04:00,           2025-01-13 01:04:00,2.92,23.454,0.568,6.678884,0.888
1736748840,           2025-01-13 06:14:00,           2025-01-13 01:14:00,2.92,23.437,0.629,7.39379,0.889
1736749440,           2025-01-13 06:24:00,           2025-01-13 01:24:00,2.92,23.421,0.532,6.251685,0.887
1736750040,           2025-01-13 06:34:00,           2025-01-13 01:34:00,2.92,23.387,0.506,5.942341,0.887
1736750640,           2025-01-13 06:44:00,           2025-01-13 01:44:00,2.92,23.379,0.54,6.340672,0.887
1736751240,           2025-01-13 06:54:00,           2025-01-13 01:54:00,2.92,23.37,0.562,6.597875,0.888
1736751840,           2025-01-13 07:04:00,           2025-01-13 02:04:00,2.92,23.354,0.576,6.760194,0.888
1736752440,           2025-01-13 07:14:00,           2025-01-13 02:14:00,2.92,23.337,0.537,6.300451,0.887
1736753040,           2025-01-13 07:24:00,           2025-01-13 02:24:00,2.92,23.328,0.474,5.560347,0.886
1736753640,           2025-01-13 07:34:00,           2025-01-13 02:34:00,2.92,23.303,0.519,6.085355,0.887
1736754240,           2025-01-13 07:44:00,           2025-01-13 02:44:00,2.92,23.287,0.527,6.17729,0.887
1736754840,           2025-01-13 07:54:00,           2025-01-13 02:54:00,2.92,23.278,0.484,5.672296,0.886
1736755440,           2025-01-13 08:04:00,           2025-01-13 03:04:00,2.92,23.245,0.507,5.938143,0.887
1736756040,           2025-01-13 08:14:00,           2025-01-13 03:14:00,2.92,23.261,0.513,6.010234,0.887
1736756640,           2025-01-13 08:24:00,           2025-01-13 03:24:00,2.92,23.236,0.495,5.79661,0.887
1736757240,           2025-01-13 08:34:00,           2025-01-13 03:34:00,2.92,23.211,0.556,6.507863,0.888
1736757840,           2025-01-13 08:44:00,           2025-01-13 03:44:00,2.92,23.203,0.493,5.769588,0.886
1736758440,           2025-01-13 08:54:00,           2025-01-13 03:54:00,2.92,23.186,0.553,6.469688,0.888
1736759040,           2025-01-13 09:04:00,           2025-01-13 04:04:00,2.92,23.169,0.46,5.379927,0.886
1736759640,           2025-01-13 09:14:00,           2025-01-13 04:14:00,2.92,23.169,0.388,4.537852,0.884
1736760240,           2025-01-13 09:24:00,           2025-01-13 04:24:00,2.92,23.136,0.388,4.535018,0.884
1736760840,           2025-01-13 09:34:00,           2025-01-13 04:34:00,2.92,23.111,0.444,5.187101,0.886
1736761440,           2025-01-13 09:44:00,           2025-01-13 04:44:00,2.92,23.102,0.44,5.139494,0.886
1736762040,           2025-01-13 09:54:00,           2025-01-13 04:54:00,2.92,23.086,0.435,5.079551,0.885
1736762640,           2025-01-13 10:04:00,           2025-01-13 05:04:00,2.92,23.102,0.39,4.555461,0.884
1736763240,           2025-01-13 10:14:00,           2025-01-13 05:14:00,2.92,23.086,0.32,3.736681,0.883
1736763840,           2025-01-13 10:24:00,           2025-01-13 05:24:00,2.92,23.069,0.33,3.852212,0.883
1736764440,           2025-01-13 10:34:00,           2025-01-13 05:34:00,2.92,23.061,0.346,4.038373,0.883
1736765040,           2025-01-13 10:44:00,           2025-01-13 05:44:00,2.92,23.036,0.353,4.118123,0.884
1736765640,           2025-01-13 10:54:00,           2025-01-13 05:54:00,2.92,23.01,0.4,4.664128,0.885
1736766240,           2025-01-13 11:04:00,           2025-01-13 06:04:00,2.92,23.002,0.373,4.348639,0.884
1736766840,           2025-01-13 11:14:00,           2025-01-13 06:14:00,2.92,22.985,0.365,4.253999,0.884
1736767440,           2025-01-13 11:24:00,           2025-01-13 06:24:00,2.92,23.002,0.329,3.835663,0.883
1736768040,           2025-01-13 11:34:00,           2025-01-13 06:34:00,2.92,22.977,0.326,3.798885,0.883
1736768640,           2025-01-13 11:44:00,           2025-01-13 06:44:00,2.92,22.952,0.319,3.715551,0.883
1736769240,           2025-01-13 11:54:00,           2025-01-13 06:54:00,2.92,22.952,0.333,3.878615,0.883
1736769840,           2025-01-13 12:04:00,           2025-01-13 07:04:00,2.92,22.935,0.295,3.434902,0.882
1736770440,           2025-01-13 12:14:00,           2025-01-13 07:14:00,2.92,22.935,0.309,3.597914,0.883
1736771040,           2025-01-13 12:24:00,           2025-01-13 07:24:00,2.92,22.944,0.323,3.761569,0.883
1736771640,           2025-01-13 12:34:00,           2025-01-13 07:34:00,2.92,22.96,0.344,4.007346,0.883
1736772240,           2025-01-13 12:44:00,           2025-01-13 07:44:00,2.92,22.952,0.314,3.657313,0.883
1736772840,           2025-01-13 12:54:00,           2025-01-13 07:54:00,2.92,22.944,0.313,3.645112,0.883
1736773440,           2025-01-13 13:04:00,           2025-01-13 08:04:00,2.92,22.985,0.313,3.647949,0.883
1736774040,           2025-01-13 13:14:00,           2025-01-13 08:14:00,2.92,22.994,0.281,3.275555,0.882
1736774640,           2025-01-13 13:24:00,           2025-01-13 08:24:00,2.92,23.027,0.254,2.962676,0.881
1736775240,           2025-01-13 13:34:00,           2025-01-13 08:34:00,2.92,23.044,0.25,2.91696,0.881
1736775840,           2025-01-13 13:44:00,           2025-01-13 08:44:00,2.92,23.052,0.178,2.07719,0.879
1736776440,           2025-01-13 13:54:00,           2025-01-13 08:54:00,2.92,23.086,0.159,1.856664,0.879
1736777040,           2025-01-13 14:04:00,           2025-01-13 09:04:00,2.92,23.102,0.172,2.009075,0.879
1736777640,           2025-01-13 14:14:00,           2025-01-13 09:14:00,2.92,23.102,0.197,2.301092,0.88
1736778240,           2025-01-13 14:24:00,           2025-01-13 09:24:00,2.92,23.144,0.21,2.454892,0.88
1736778840,           2025-01-13 14:34:00,           2025-01-13 09:34:00,2.92,23.178,0.261,3.053044,0.882
1736779440,           2025-01-13 14:44:00,           2025-01-13 09:44:00,2.92,23.186,0.19,2.222859,0.88
1736780040,           2025-01-13 14:54:00,           2025-01-13 09:54:00,2.92,23.22,0.139,1.627243,0.879
1736780640,           2025-01-13 15:04:00,           2025-01-13 10:04:00,2.92,23.228,0.134,1.568946,0.878
1736781240,           2025-01-13 15:14:00,           2025-01-13 10:14:00,2.92,23.261,0.167,1.956548,0.879
1736781840,           2025-01-13 15:24:00,           2025-01-13 10:24:00,2.92,23.295,0.191,2.239166,0.88
1736782440,           2025-01-13 15:34:00,           2025-01-13 10:34:00,2.92,23.437,0.248,2.915198,0.882
1736783040,           2025-01-13 15:44:00,           2025-01-13 10:44:00,2.92,23.421,0.251,2.949573,0.882
1736783640,           2025-01-13 15:54:00,           2025-01-13 10:54:00,2.92,23.446,0.237,2.786368,0.881
1736784240,           2025-01-13 16:04:00,           2025-01-13 11:04:00,2.92,23.538,0.193,2.273002,0.88
1736784840,           2025-01-13 16:14:00,           2025-01-13 11:14:00,2.92,23.63,0.17,2.005593,0.879
1736785440,           2025-01-13 16:24:00,           2025-01-13 11:24:00,2.92,23.73,0.236,2.789468,0.881
1736786040,           2025-01-13 16:34:00,           2025-01-13 11:34:00,2.92,23.781,0.274,3.24172,0.882
1736786640,           2025-01-13 16:44:00,           2025-01-13 11:44:00,2.92,23.806,0.231,2.734264,0.881
1736787240,           2025-01-13 16:54:00,           2025-01-13 11:54:00,2.92,23.898,0.236,2.798265,0.881
1736787840,           2025-01-13 17:04:00,           2025-01-13 12:04:00,2.91,24.149,0.389,4.634077,0.885
1736788440,           2025-01-13 17:14:00,           2025-01-13 12:14:00,2.92,24.074,0.395,4.698972,0.885
1736789040,           2025-01-13 17:24:00,           2025-01-13 12:24:00,2.92,24.091,0.317,3.772271,0.883
1736789640,           2025-01-13 17:34:00,           2025-01-13 12:34:00,2.91,24.141,0.268,3.192152,0.882
1736790240,           2025-01-13 17:44:00,           2025-01-13 12:44:00,2.92,24.292,0.382,4.562827,0.885
1736790840,           2025-01-13 17:54:00,           2025-01-13 12:54:00,2.92,24.326,0.334,3.992012,0.883
1736791440,           2025-01-13 18:04:00,           2025-01-13 13:04:00,2.92,24.384,0.356,4.259551,0.884
1736792040,           2025-01-13 18:14:00,           2025-01-13 13:14:00,2.92,24.401,0.316,3.782144,0.883
1736792640,           2025-01-13 18:24:00,           2025-01-13 13:24:00,2.92,24.493,0.307,3.680708,0.883
1736793240,           2025-01-13 18:34:00,           2025-01-13 13:34:00,2.92,24.645,0.409,4.917451,0.885
1736793840,           2025-01-13 18:44:00,           2025-01-13 13:44:00,2.92,24.678,0.501,6.027258,0.887
1736794440,           2025-01-13 18:54:00,           2025-01-13 13:54:00,2.92,24.72,0.488,5.875426,0.887
1736795040,           2025-01-13 19:04:00,           2025-01-13 14:04:00,2.92,24.88,0.586,7.076215,0.889
1736795640,           2025-01-13 19:14:00,           2025-01-13 14:14:00,2.92,24.787,0.739,8.908446,0.891
1736796240,           2025-01-13 19:24:00,           2025-01-13 14:24:00,2.92,24.829,0.715,8.625823,0.891
1736796840,           2025-01-13 19:34:00,           2025-01-13 14:34:00,2.92,24.771,0.663,7.989924,0.89
1736797440,           2025-01-13 19:44:00,           2025-01-13 14:44:00,2.92,24.729,0.654,7.875345,0.89
1736798040,           2025-01-13 19:54:00,           2025-01-13 14:54:00,2.92,24.712,0.621,7.475614,0.889
1736798640,           2025-01-13 20:04:00,           2025-01-13 15:04:00,2.92,24.855,0.533,6.433247,0.887
1736799240,           2025-01-13 20:14:00,           2025-01-13 15:14:00,2.92,24.787,0.394,4.749564,0.884
1736799840,           2025-01-13 20:24:00,           2025-01-13 15:24:00,2.92,24.762,0.384,4.626878,0.884
1736800440,           2025-01-13 20:34:00,           2025-01-13 15:34:00,2.92,24.745,0.486,5.854052,0.886
1736801040,           2025-01-13 20:44:00,           2025-01-13 15:44:00,2.92,24.72,0.423,5.092839,0.885
1736801640,           2025-01-13 20:54:00,           2025-01-13 15:54:00,2.92,24.712,0.421,5.068009,0.885
1736802240,           2025-01-13 21:04:00,           2025-01-13 16:04:00,2.92,24.687,0.443,5.330379,0.886
1736802840,           2025-01-13 21:14:00,           2025-01-13 16:14:00,2.92,24.661,0.512,6.157655,0.887
1736803440,           2025-01-13 21:24:00,           2025-01-13 16:24:00,2.92,24.619,0.422,5.071309,0.885
1736804040,           2025-01-13 21:34:00,           2025-01-13 16:34:00,2.92,24.636,0.347,4.171323,0.883
1736804640,           2025-01-13 21:44:00,           2025-01-13 16:44:00,2.92,24.586,0.355,4.26354,0.883
1736805240,           2025-01-13 21:54:00,           2025-01-13 16:54:00,2.92,24.561,0.315,3.781389,0.883
1736805840,           2025-01-13 22:04:00,           2025-01-13 17:04:00,2.92,24.544,0.331,3.972207,0.883
1736806440,           2025-01-13 22:14:00,           2025-01-13 17:14:00,2.92,24.51,0.425,5.09705,0.886
1736807040,           2025-01-13 22:24:00,           2025-01-13 17:24:00,2.92,24.451,0.413,4.947712,0.885
1736807640,           2025-01-13 22:34:00,           2025-01-13 17:34:00,2.92,24.393,0.368,4.403868,0.884
1736808240,           2025-01-13 22:44:00,           2025-01-13 17:44:00,2.92,24.326,0.553,6.60953,0.888
1736808840,           2025-01-13 22:54:00,           2025-01-13 17:54:00,2.91,24.3,0.647,7.72929,0.89
1736809440,           2025-01-13 23:04:00,           2025-01-13 18:04:00,2.91,24.208,0.34,4.054807,0.884
1736810040,           2025-01-13 23:14:00,           2025-01-13 18:14:00,2.92,24.141,1.146,13.650024,0.896
1736810640,           2025-01-13 23:24:00,           2025-01-13 18:24:00,2.91,24.116,1.107,13.179346,0.895
1736811240,           2025-01-13 23:34:00,           2025-01-13 18:34:00,2.92,24.049,1.06,12.604015,0.895
1736811840,           2025-01-13 23:44:00,           2025-01-13 18:44:00,2.92,24.007,0.837,9.944609,0.892
1736812440,           2025-01-13 23:54:00,           2025-01-13 18:54:00,2.92,23.94,0.838,9.944024,0.892
1736813040,           2025-01-14 00:04:00,           2025-01-13 19:04:00,2.92,23.915,0.928,11.006849,0.893
1736813640,           2025-01-14 00:14:00,           2025-01-13 19:14:00,2.92,23.864,0.74,8.768637,0.891
1736814240,           2025-01-14 00:24:00,           2025-01-13 19:24:00,2.92,23.831,0.694,8.218477,0.89
1736814840,           2025-01-14 00:34:00,           2025-01-13 19:34:00,2.92,23.781,0.793,9.382057,0.891
1736815440,           2025-01-14 00:44:00,           2025-01-13 19:44:00,2.92,23.739,0.81,9.575639,0.892
1736816040,           2025-01-14 00:54:00,           2025-01-13 19:54:00,2.92,23.705,0.698,8.246336,0.89
1736816640,           2025-01-14 01:04:00,           2025-01-13 20:04:00,2.92,23.68,0.608,7.179684,0.889
1736817240,           2025-01-14 01:14:00,           2025-01-13 20:14:00,2.92,23.655,0.614,7.247133,0.889
1736817840,           2025-01-14 01:24:00,           2025-01-13 20:24:00,2.92,23.605,0.63,7.428999,0.889
1736818440,           2025-01-14 01:34:00,           2025-01-13 20:34:00,2.92,23.571,0.633,7.459605,0.889
1736819040,           2025-01-14 01:44:00,           2025-01-13 20:44:00,2.92,23.546,0.647,7.621003,0.889
1736819640,           2025-01-14 01:54:00,           2025-01-13 20:54:00,2.92,23.504,0.656,7.720908,0.889
1736820240,           2025-01-14 02:04:00,           2025-01-13 21:04:00,2.92,23.504,0.625,7.356048,0.889
1736820840,           2025-01-14 02:14:00,           2025-01-13 21:14:00,2.92,23.479,0.572,6.729087,0.888
1736821440,           2025-01-14 02:24:00,           2025-01-13 21:24:00,2.92,23.454,0.549,6.455471,0.887
1736822040,           2025-01-14 02:34:00,           2025-01-13 21:34:00,2.92,23.429,0.553,6.499442,0.888
1736822640,           2025-01-14 02:44:00,           2025-01-13 21:44:00,2.92,23.429,0.489,5.747246,0.886
1736823240,           2025-01-14 02:54:00,           2025-01-13 21:54:00,2.92,23.404,0.485,5.697548,0.886
1736823840,           2025-01-14 03:04:00,           2025-01-13 22:04:00,2.92,23.37,0.514,6.034356,0.887
1736824440,           2025-01-14 03:14:00,           2025-01-13 22:14:00,2.92,23.37,0.57,6.691795,0.888
1736825040,           2025-01-14 03:24:00,           2025-01-13 22:24:00,2.92,23.354,0.53,6.220318,0.887
1736825640,           2025-01-14 03:34:00,           2025-01-13 22:34:00,2.92,23.345,0.607,7.122814,0.889
1736826240,           2025-01-14 03:44:00,           2025-01-13 22:44:00,2.92,23.312,0.586,6.872109,0.888
1736826840,           2025-01-14 03:54:00,           2025-01-13 22:54:00,2.92,23.303,0.604,7.081994,0.889
1736827440,           2025-01-14 04:04:00,           2025-01-13 23:04:00,2.92,23.295,0.61,7.151264,0.889
1736828040,           2025-01-14 04:14:00,           2025-01-13 23:14:00,2.92,23.295,0.519,6.084436,0.887
1736828640,           2025-01-14 04:24:00,           2025-01-13 23:24:00,2.92,23.27,0.553,6.47997,0.888
1736829240,           2025-01-14 04:34:00,           2025-01-13 23:34:00,2.92,23.261,0.556,6.514016,0.888
1736829840,           2025-01-14 04:44:00,           2025-01-13 23:44:00,2.92,23.253,0.526,6.161609,0.887
1736830440,           2025-01-14 04:54:00,           2025-01-13 23:54:00,2.92,23.236,0.556,6.510939,0.888
1736831040,           2025-01-14 05:04:00,           2025-01-14 00:04:00,2.92,23.236,0.495,5.79661,0.887
1736831640,           2025-01-14 05:14:00,           2025-01-14 00:14:00,2.92,23.228,0.529,6.193824,0.887
1736832240,           2025-01-14 05:24:00,           2025-01-14 00:24:00,2.92,23.178,0.481,5.62649,0.886
1736832840,           2025-01-14 05:34:00,           2025-01-14 00:34:00,2.92,23.186,0.547,6.399493,0.888
1736833440,           2025-01-14 05:44:00,           2025-01-14 00:44:00,2.92,23.178,0.479,5.603095,0.886
1736834040,           2025-01-14 05:54:00,           2025-01-14 00:54:00,2.92,23.153,0.484,5.658905,0.886
1736834640,           2025-01-14 06:04:00,           2025-01-14 01:04:00,2.92,23.153,0.508,5.939512,0.887
1736835240,           2025-01-14 06:14:00,           2025-01-14 01:14:00,2.92,23.136,0.49,5.727214,0.886
1736835840,           2025-01-14 06:24:00,           2025-01-14 01:24:00,2.92,23.144,0.432,5.050063,0.885
1736836440,           2025-01-14 06:34:00,           2025-01-14 01:34:00,2.92,23.119,0.388,4.533559,0.884
1736837040,           2025-01-14 06:44:00,           2025-01-14 01:44:00,2.92,23.111,0.457,5.338976,0.886
1736837640,           2025-01-14 06:54:00,           2025-01-14 01:54:00,2.92,23.094,0.415,4.846743,0.885
1736838240,           2025-01-14 07:04:00,           2025-01-14 02:04:00,2.92,23.094,0.383,4.473018,0.884
1736838840,           2025-01-14 07:14:00,           2025-01-14 02:14:00,2.92,23.069,0.374,4.36584,0.884
1736839440,           2025-01-14 07:24:00,           2025-01-14 02:24:00,2.92,23.061,0.38,4.435208,0.884
1736840040,           2025-01-14 07:34:00,           2025-01-14 02:34:00,2.92,23.061,0.374,4.365178,0.884
1736840640,           2025-01-14 07:44:00,           2025-01-14 02:44:00,2.92,23.061,0.365,4.260134,0.884
1736841240,           2025-01-14 07:54:00,           2025-01-14 02:54:00,2.92,23.01,0.35,4.081112,0.884
1736841840,           2025-01-14 08:04:00,           2025-01-14 03:04:00,2.92,23.027,0.347,4.047435,0.884
1736842440,           2025-01-14 08:14:00,           2025-01-14 03:14:00,2.92,23.002,0.363,4.232054,0.884
1736843040,           2025-01-14 08:24:00,           2025-01-14 03:24:00,2.92,23.01,0.352,4.104432,0.883
1736843640,           2025-01-14 08:34:00,           2025-01-14 03:34:00,2.92,23.002,0.37,4.313664,0.884
1736844240,           2025-01-14 08:44:00,           2025-01-14 03:44:00,2.92,22.985,0.368,4.288963,0.884
1736844840,           2025-01-14 08:54:00,           2025-01-14 03:54:00,2.92,22.985,0.317,3.694569,0.883
1736845440,           2025-01-14 09:04:00,           2025-01-14 04:04:00,2.92,22.969,0.353,4.112892,0.884
1736846040,           2025-01-14 09:14:00,           2025-01-14 04:14:00,2.92,22.96,0.318,3.704466,0.883
1736846640,           2025-01-14 09:24:00,           2025-01-14 04:24:00,2.92,22.935,0.293,3.411614,0.882
1736847240,           2025-01-14 09:34:00,           2025-01-14 04:34:00,2.92,22.918,0.289,3.363953,0.882
1736847840,           2025-01-14 09:44:00,           2025-01-14 04:44:00,2.92,22.935,0.301,3.504764,0.883
1736848440,           2025-01-14 09:54:00,           2025-01-14 04:54:00,2.92,22.935,0.318,3.702708,0.883
1736849040,           2025-01-14 10:04:00,           2025-01-14 05:04:00,2.92,22.935,0.289,3.36504,0.882
1736849640,           2025-01-14 10:14:00,           2025-01-14 05:14:00,2.92,22.935,0.265,3.08559,0.881
1736850240,           2025-01-14 10:24:00,           2025-01-14 05:24:00,2.92,22.91,0.288,3.351804,0.882
1736850840,           2025-01-14 10:34:00,           2025-01-14 05:34:00,2.92,22.91,0.27,3.142316,0.882
1736851440,           2025-01-14 10:44:00,           2025-01-14 05:44:00,2.92,22.885,0.282,3.280416,0.882
1736852040,           2025-01-14 10:54:00,           2025-01-14 05:54:00,2.92,22.868,0.401,4.663199,0.885
1736852640,           2025-01-14 11:04:00,           2025-01-14 06:04:00,2.92,22.868,0.43,5.000438,0.885
1736853240,           2025-01-14 11:14:00,           2025-01-14 06:14:00,2.92,22.86,0.397,4.615981,0.885
1736853840,           2025-01-14 11:24:00,           2025-01-14 06:24:00,2.92,22.868,0.357,4.151526,0.884
1736854440,           2025-01-14 11:34:00,           2025-01-14 06:34:00,2.92,22.868,0.379,4.407362,0.884
1736855040,           2025-01-14 11:44:00,           2025-01-14 06:44:00,2.92,22.877,0.43,5.001293,0.885
1736855640,           2025-01-14 11:54:00,           2025-01-14 06:54:00,2.92,22.885,0.422,4.908992,0.885
1736856240,           2025-01-14 12:04:00,           2025-01-14 07:04:00,2.92,22.868,0.418,4.86089,0.885
1736856840,           2025-01-14 12:14:00,           2025-01-14 07:14:00,2.92,22.902,0.364,4.235664,0.884
1736857440,           2025-01-14 12:24:00,           2025-01-14 07:24:00,2.92,22.902,0.31,3.607296,0.883
1736858040,           2025-01-14 12:34:00,           2025-01-14 07:34:00,2.92,22.91,0.286,3.328528,0.882
1736858640,           2025-01-14 12:44:00,           2025-01-14 07:44:00,2.92,22.935,0.27,3.143809,0.882
1736859240,           2025-01-14 12:54:00,           2025-01-14 07:54:00,2.92,22.944,0.268,3.121054,0.882
1736859840,           2025-01-14 13:04:00,           2025-01-14 08:04:00,2.92,22.994,0.232,2.704373,0.881
1736860440,           2025-01-14 13:14:00,           2025-01-14 08:14:00,2.92,22.977,0.243,2.831684,0.881
1736861040,           2025-01-14 13:24:00,           2025-01-14 08:24:00,2.92,22.985,0.222,2.587364,0.881
1736861640,           2025-01-14 13:34:00,           2025-01-14 08:34:00,2.92,23.01,0.201,2.343724,0.88
1736862240,           2025-01-14 13:44:00,           2025-01-14 08:44:00,2.92,23.036,0.294,3.429824,0.882
1736862840,           2025-01-14 13:54:00,           2025-01-14 08:54:00,2.92,23.069,0.319,3.723805,0.883
1736863440,           2025-01-14 14:04:00,           2025-01-14 09:04:00,2.92,23.086,0.301,3.514816,0.882
1736864040,           2025-01-14 14:14:00,           2025-01-14 09:14:00,2.92,23.111,0.288,3.364606,0.882
1736864640,           2025-01-14 14:24:00,           2025-01-14 09:24:00,2.92,23.119,0.291,3.400169,0.882
1736865240,           2025-01-14 14:34:00,           2025-01-14 09:34:00,2.92,23.136,0.299,3.494769,0.883
1736865840,           2025-01-14 14:44:00,           2025-01-14 09:44:00,2.92,23.144,0.277,3.238119,0.882
1736866440,           2025-01-14 14:54:00,           2025-01-14 09:54:00,2.92,23.178,0.278,3.251901,0.882
1736867040,           2025-01-14 15:04:00,           2025-01-14 10:04:00,2.92,23.203,0.286,3.347063,0.882
1736867640,           2025-01-14 15:14:00,           2025-01-14 10:14:00,2.92,23.261,0.29,3.397598,0.882
1736868240,           2025-01-14 15:24:00,           2025-01-14 10:24:00,2.92,23.32,0.297,3.483489,0.882
1736868840,           2025-01-14 15:34:00,           2025-01-14 10:34:00,2.92,23.437,0.4,4.701933,0.885
1736869440,           2025-01-14 15:44:00,           2025-01-14 10:44:00,2.92,23.479,0.479,5.635022,0.887
1736870040,           2025-01-14 15:54:00,           2025-01-14 10:54:00,2.92,23.546,0.468,5.512565,0.886
1736870640,           2025-01-14 16:04:00,           2025-01-14 11:04:00,2.92,23.588,0.552,6.507138,0.888
1736871240,           2025-01-14 16:14:00,           2025-01-14 11:14:00,2.92,23.638,0.512,6.041282,0.887
1736871840,           2025-01-14 16:24:00,           2025-01-14 11:24:00,2.92,23.797,0.576,6.816754,0.888
1736872440,           2025-01-14 16:34:00,           2025-01-14 11:34:00,2.92,23.789,0.523,6.18859,0.887
1736873040,           2025-01-14 16:44:00,           2025-01-14 11:44:00,2.92,23.848,0.463,5.484679,0.886
1736873640,           2025-01-14 16:54:00,           2025-01-14 11:54:00,2.92,23.873,0.424,5.025039,0.885
1736874240,           2025-01-14 17:04:00,           2025-01-14 12:04:00,2.91,24.141,0.594,7.075143,0.888
1736874840,           2025-01-14 17:14:00,           2025-01-14 12:14:00,2.92,24.024,0.522,6.203985,0.887
1736875440,           2025-01-14 17:24:00,           2025-01-14 12:24:00,2.92,24.057,0.456,5.422915,0.885
1736876040,           2025-01-14 17:34:00,           2025-01-14 12:34:00,2.91,24.116,0.384,4.571697,0.884
1736876640,           2025-01-14 17:44:00,           2025-01-14 12:44:00,2.91,24.141,0.445,5.300402,0.885
1736877240,           2025-01-14 17:54:00,           2025-01-14 12:54:00,2.91,24.225,0.551,6.573254,0.887
1736877840,           2025-01-14 18:04:00,           2025-01-14 13:04:00,2.91,24.242,0.626,7.470346,0.889
1736878440,           2025-01-14 18:14:00,           2025-01-14 13:14:00,2.91,24.292,0.561,6.700906,0.888
1736879040,           2025-01-14 18:24:00,           2025-01-14 13:24:00,2.92,24.376,0.552,6.603715,0.887
1736879640,           2025-01-14 18:34:00,           2025-01-14 13:34:00,2.92,24.426,0.605,7.244495,0.888
1736880240,           2025-01-14 18:44:00,           2025-01-14 13:44:00,2.92,24.443,0.574,6.87546,0.888
1736880840,           2025-01-14 18:54:00,           2025-01-14 13:54:00,2.92,24.586,0.818,9.824158,0.892
1736881440,           2025-01-14 19:04:00,           2025-01-14 14:04:00,2.92,24.72,0.994,11.967569,0.894
1736882040,           2025-01-14 19:14:00,           2025-01-14 14:14:00,2.92,24.712,1.038,12.495471,0.894
1736882640,           2025-01-14 19:24:00,           2025-01-14 14:24:00,2.92,24.703,0.98,11.795301,0.893
1736883240,           2025-01-14 19:34:00,           2025-01-14 14:34:00,2.92,24.645,0.853,10.25571,0.892
1736883840,           2025-01-14 19:44:00,           2025-01-14 14:44:00,2.92,24.645,0.844,10.147502,0.892
1736884440,           2025-01-14 19:54:00,           2025-01-14 14:54:00,2.92,24.628,0.728,8.750067,0.89
1736885040,           2025-01-14 20:04:00,           2025-01-14 15:04:00,2.92,24.628,0.555,6.670724,0.887
1736885640,           2025-01-14 20:14:00,           2025-01-14 15:14:00,2.92,24.628,0.493,5.925526,0.886
1736886240,           2025-01-14 20:24:00,           2025-01-14 15:24:00,2.92,24.661,0.495,5.953201,0.886
1736886840,           2025-01-14 20:34:00,           2025-01-14 15:34:00,2.92,24.661,0.538,6.470348,0.887
1736887440,           2025-01-14 20:44:00,           2025-01-14 15:44:00,2.92,24.653,0.507,6.096618,0.886
1736888040,           2025-01-14 20:54:00,           2025-01-14 15:54:00,2.92,24.653,0.483,5.808021,0.886
1736888640,           2025-01-14 21:04:00,           2025-01-14 16:04:00,2.92,24.619,0.454,5.455863,0.885
1736889240,           2025-01-14 21:14:00,           2025-01-14 16:14:00,2.92,24.611,0.415,4.986448,0.885
1736889840,           2025-01-14 21:24:00,           2025-01-14 16:24:00,2.92,24.611,0.465,5.587225,0.886
1736890440,           2025-01-14 21:34:00,           2025-01-14 16:34:00,2.92,24.586,0.498,5.980967,0.886
1736891040,           2025-01-14 21:44:00,           2025-01-14 16:44:00,2.92,24.535,0.524,6.287278,0.887
1736891640,           2025-01-14 21:54:00,           2025-01-14 16:54:00,2.92,24.544,0.631,7.572395,0.889
1736892240,           2025-01-14 22:04:00,           2025-01-14 17:04:00,2.92,24.493,0.614,7.361416,0.889
1736892840,           2025-01-14 22:14:00,           2025-01-14 17:14:00,2.92,24.451,0.595,7.12806,0.888
1736893440,           2025-01-14 22:24:00,           2025-01-14 17:24:00,2.92,24.376,0.538,6.436229,0.887
1736894040,           2025-01-14 22:34:00,           2025-01-14 17:34:00,2.92,24.359,0.502,6.003654,0.886
1736894640,           2025-01-14 22:44:00,           2025-01-14 17:44:00,2.92,24.326,0.478,5.71312,0.886
1736895240,           2025-01-14 22:54:00,           2025-01-14 17:54:00,2.91,24.292,0.502,5.996176,0.887
1736895840,           2025-01-14 23:04:00,           2025-01-14 18:04:00,2.91,24.242,0.471,5.620659,0.886
1736896440,           2025-01-14 23:14:00,           2025-01-14 18:14:00,2.91,24.208,0.535,6.380358,0.887
1736897040,           2025-01-14 23:24:00,           2025-01-14 18:24:00,2.91,24.158,0.777,9.257794,0.89
1736897640,           2025-01-14 23:34:00,           2025-01-14 18:34:00,2.91,24.116,1.152,13.715092,0.895
1736898240,           2025-01-14 23:44:00,           2025-01-14 18:44:00,2.91,24.074,1.151,13.692448,0.895
1736898840,           2025-01-14 23:54:00,           2025-01-14 18:54:00,2.91,24.049,1.164,13.840635,0.895
1736899440,           2025-01-15 00:04:00,           2025-01-14 19:04:00,2.92,23.99,1.194,14.181709,0.895
1736900040,           2025-01-15 00:14:00,           2025-01-14 19:14:00,2.92,23.99,1.158,13.75412,0.895
1736900640,           2025-01-15 00:24:00,           2025-01-14 19:24:00,2.92,23.973,1.147,13.619138,0.895
1736901240,           2025-01-15 00:34:00,           2025-01-14 19:34:00,2.92,23.948,1.107,13.138046,0.894
1736901840,           2025-01-15 00:44:00,           2025-01-14 19:44:00,2.92,23.932,1.127,13.371406,0.895
1736902440,           2025-01-15 00:54:00,           2025-01-14 19:54:00,2.92,23.906,1.153,13.673232,0.895
1736903040,           2025-01-15 01:04:00,           2025-01-14 20:04:00,2.92,23.89,1.187,14.072217,0.895
1736903640,           2025-01-15 01:14:00,           2025-01-14 20:14:00,2.92,23.873,1.266,15.004007,0.895
1736904240,           2025-01-15 01:24:00,           2025-01-14 20:24:00,2.92,23.839,1.21,14.331193,0.895
1736904840,           2025-01-15 01:34:00,           2025-01-14 20:34:00,2.92,23.831,1.097,12.990878,0.894
1736905440,           2025-01-15 01:44:00,           2025-01-14 20:44:00,2.92,23.814,1.103,13.057771,0.894
1736906040,           2025-01-15 01:54:00,           2025-01-14 20:54:00,2.92,23.781,1.05,12.422648,0.894
1736906640,           2025-01-15 02:04:00,           2025-01-14 21:04:00,2.92,23.73,0.997,11.784321,0.893
1736907240,           2025-01-15 02:14:00,           2025-01-14 21:14:00,2.92,23.722,1.014,11.983458,0.893
1736907840,           2025-01-15 02:24:00,           2025-01-14 21:24:00,2.92,23.714,1.029,12.158902,0.893
1736908440,           2025-01-15 02:34:00,           2025-01-14 21:34:00,2.92,23.689,1.065,12.578382,0.894
1736909040,           2025-01-15 02:44:00,           2025-01-14 21:44:00,2.92,23.68,1.059,12.505404,0.894
1736909640,           2025-01-15 02:54:00,           2025-01-14 21:54:00,2.92,23.663,1.008,11.899361,0.893
1736910240,           2025-01-15 03:04:00,           2025-01-14 22:04:00,2.92,23.638,0.997,11.763981,0.893
1736910840,           2025-01-15 03:14:00,           2025-01-14 22:14:00,2.92,23.613,1.021,12.041507,0.893
1736911440,           2025-01-15 03:24:00,           2025-01-14 22:24:00,2.92,23.596,1.018,12.002289,0.893
1736912040,           2025-01-15 03:34:00,           2025-01-14 22:34:00,2.92,23.563,0.946,11.146484,0.893
1736912640,           2025-01-15 03:44:00,           2025-01-14 22:44:00,2.92,23.546,0.925,10.895561,0.892
1736913240,           2025-01-15 03:54:00,           2025-01-14 22:54:00,2.92,23.529,0.891,10.491719,0.892
1736913840,           2025-01-15 04:04:00,           2025-01-14 23:04:00,2.92,23.529,0.824,9.702779,0.891
1736914440,           2025-01-15 04:14:00,           2025-01-14 23:14:00,2.92,23.513,0.778,9.15836,0.891
1736915040,           2025-01-15 04:24:00,           2025-01-14 23:24:00,2.92,23.488,0.78,9.177583,0.891
1736915640,           2025-01-15 04:34:00,           2025-01-14 23:34:00,2.92,23.479,0.702,8.258425,0.89
1736916240,           2025-01-15 04:44:00,           2025-01-14 23:44:00,2.92,23.479,0.718,8.446651,0.89
1736916840,           2025-01-15 04:54:00,           2025-01-14 23:54:00,2.92,23.471,0.695,8.174844,0.889
1736917440,           2025-01-15 05:04:00,           2025-01-15 00:04:00,2.92,23.429,0.699,8.215389,0.89
1736918040,           2025-01-15 05:14:00,           2025-01-15 00:14:00,2.92,23.412,0.641,7.531298,0.889
1736918640,           2025-01-15 05:24:00,           2025-01-15 00:24:00,2.92,23.404,0.623,7.318706,0.888
1736919240,           2025-01-15 05:34:00,           2025-01-15 00:34:00,2.92,23.404,0.695,8.164528,0.889
1736919840,           2025-01-15 05:44:00,           2025-01-15 00:44:00,2.92,23.387,0.698,8.197142,0.89
1736920440,           2025-01-15 05:54:00,           2025-01-15 00:54:00,2.92,23.387,0.662,7.774367,0.889
1736921040,           2025-01-15 06:04:00,           2025-01-15 01:04:00,2.92,23.37,0.586,6.879635,0.888
1736921640,           2025-01-15 06:14:00,           2025-01-15 01:14:00,2.92,23.354,0.64,7.511327,0.889
1736922240,           2025-01-15 06:24:00,           2025-01-15 01:24:00,2.92,23.37,0.65,7.630995,0.889
1736922840,           2025-01-15 06:34:00,           2025-01-15 01:34:00,2.92,23.337,0.63,7.391591,0.888
1736923440,           2025-01-15 06:44:00,           2025-01-15 01:44:00,2.92,23.312,0.674,7.904098,0.889
1736924040,           2025-01-15 06:54:00,           2025-01-15 01:54:00,2.92,23.303,0.702,8.231059,0.89
1736924640,           2025-01-15 07:04:00,           2025-01-15 02:04:00,2.92,23.287,0.71,8.322345,0.89
1736925240,           2025-01-15 07:14:00,           2025-01-15 02:14:00,2.92,23.295,0.695,8.147752,0.89
1736925840,           2025-01-15 07:24:00,           2025-01-15 02:24:00,2.92,23.287,0.678,7.947253,0.889
1736926440,           2025-01-15 07:34:00,           2025-01-15 02:34:00,2.92,23.278,0.646,7.570874,0.889
1736927040,           2025-01-15 07:44:00,           2025-01-15 02:44:00,2.92,23.27,0.638,7.475988,0.888
1736927640,           2025-01-15 07:54:00,           2025-01-15 02:54:00,2.92,23.245,0.642,7.519306,0.889
1736928240,           2025-01-15 08:04:00,           2025-01-15 03:04:00,2.92,23.236,0.559,6.54607,0.887
1736928840,           2025-01-15 08:14:00,           2025-01-15 03:14:00,2.92,23.228,0.5,5.854276,0.886
1736929440,           2025-01-15 08:24:00,           2025-01-15 03:24:00,2.92,23.203,0.513,6.003648,0.886
1736930040,           2025-01-15 08:34:00,           2025-01-15 03:34:00,2.92,23.186,0.518,6.060214,0.886
1736930640,           2025-01-15 08:44:00,           2025-01-15 03:44:00,2.92,23.169,0.534,6.245394,0.887
1736931240,           2025-01-15 08:54:00,           2025-01-15 03:54:00,2.92,23.153,0.515,6.021356,0.886
1736931840,           2025-01-15 09:04:00,           2025-01-15 04:04:00,2.92,23.144,0.499,5.833291,0.886
1736932440,           2025-01-15 09:14:00,           2025-01-15 04:14:00,2.92,23.153,0.476,5.56537,0.886
1736933040,           2025-01-15 09:24:00,           2025-01-15 04:24:00,2.92,23.161,0.452,5.285563,0.885
1736933640,           2025-01-15 09:34:00,           2025-01-15 04:34:00,2.92,23.136,0.408,4.768782,0.884
1736934240,           2025-01-15 09:44:00,           2025-01-15 04:44:00,2.92,23.128,0.367,4.288917,0.883
1736934840,           2025-01-15 09:54:00,           2025-01-15 04:54:00,2.92,23.119,0.473,5.526735,0.886
1736935440,           2025-01-15 10:04:00,           2025-01-15 05:04:00,2.92,23.086,0.474,5.534959,0.886
1736936040,           2025-01-15 10:14:00,           2025-01-15 05:14:00,2.92,23.094,0.44,5.138716,0.885
1736936640,           2025-01-15 10:24:00,           2025-01-15 05:24:00,2.92,23.077,0.452,5.277163,0.885
1736937240,           2025-01-15 10:34:00,           2025-01-15 05:34:00,2.92,23.086,0.429,5.009488,0.885
1736937840,           2025-01-15 10:44:00,           2025-01-15 05:44:00,2.92,23.061,0.368,4.295148,0.883
1736938440,           2025-01-15 10:54:00,           2025-01-15 05:54:00,2.92,23.069,0.377,4.40086,0.883
1736939040,           2025-01-15 11:04:00,           2025-01-15 06:04:00,2.92,23.077,0.402,4.693406,0.884
1736939640,           2025-01-15 11:14:00,           2025-01-15 06:14:00,2.92,23.061,0.379,4.423536,0.884
1736940240,           2025-01-15 11:24:00,           2025-01-15 06:24:00,2.92,23.069,0.354,4.132373,0.883
1736940840,           2025-01-15 11:34:00,           2025-01-15 06:34:00,2.92,23.061,0.337,3.933329,0.883
1736941440,           2025-01-15 11:44:00,           2025-01-15 06:44:00,2.92,23.036,0.319,3.721476,0.882
1736942040,           2025-01-15 11:54:00,           2025-01-15 06:54:00,2.92,23.052,0.306,3.5709,0.882
1736942640,           2025-01-15 12:04:00,           2025-01-15 07:04:00,2.92,23.044,0.323,3.768712,0.882
1736943240,           2025-01-15 12:14:00,           2025-01-15 07:14:00,2.92,23.044,0.327,3.815383,0.882
1736943840,           2025-01-15 12:24:00,           2025-01-15 07:24:00,2.92,23.044,0.295,3.442012,0.882
1736944440,           2025-01-15 12:34:00,           2025-01-15 07:34:00,2.92,23.052,0.292,3.407526,0.882
1736945040,           2025-01-15 12:44:00,           2025-01-15 07:44:00,2.92,23.061,0.277,3.233033,0.881
1736945640,           2025-01-15 12:54:00,           2025-01-15 07:54:00,2.92,23.069,0.408,4.762734,0.885
1736946240,           2025-01-15 13:04:00,           2025-01-15 08:04:00,2.92,23.086,0.436,5.091228,0.885
1736946840,           2025-01-15 13:14:00,           2025-01-15 08:14:00,2.92,23.077,0.347,4.051273,0.883
1736947440,           2025-01-15 13:24:00,           2025-01-15 08:24:00,2.92,23.094,0.334,3.900752,0.883
1736948040,           2025-01-15 13:34:00,           2025-01-15 08:34:00,2.92,23.102,0.289,3.375713,0.881
1736948640,           2025-01-15 13:44:00,           2025-01-15 08:44:00,2.92,23.119,0.286,3.341747,0.882
1736949240,           2025-01-15 13:54:00,           2025-01-15 08:54:00,2.92,23.136,0.299,3.494769,0.882
1736949840,           2025-01-15 14:04:00,           2025-01-15 09:04:00,2.92,23.178,0.353,4.129212,0.883
1736950440,           2025-01-15 14:14:00,           2025-01-15 09:14:00,2.92,23.186,0.337,3.942649,0.883
1736951040,           2025-01-15 14:24:00,           2025-01-15 09:24:00,2.92,23.22,0.351,4.10908,0.883
1736951640,           2025-01-15 14:34:00,           2025-01-15 09:34:00,2.92,23.245,0.339,3.970475,0.883
1736952240,           2025-01-15 14:44:00,           2025-01-15 09:44:00,2.92,23.278,0.293,3.433849,0.882
1736952840,           2025-01-15 14:54:00,           2025-01-15 09:54:00,2.92,23.362,0.364,4.272712,0.883
1736953440,           2025-01-15 15:04:00,           2025-01-15 10:04:00,2.92,23.446,0.364,4.279485,0.883
1736954040,           2025-01-15 15:14:00,           2025-01-15 10:14:00,2.92,23.504,0.369,4.343011,0.884
1736954640,           2025-01-15 15:24:00,           2025-01-15 10:24:00,2.92,23.555,0.383,4.512115,0.884
1736955240,           2025-01-15 15:34:00,           2025-01-15 10:34:00,2.92,23.596,0.394,4.645287,0.884
1736955840,           2025-01-15 15:44:00,           2025-01-15 10:44:00,2.92,23.605,0.421,4.964458,0.885
1736956440,           2025-01-15 15:54:00,           2025-01-15 10:54:00,2.92,23.663,0.387,4.568505,0.884
1736957040,           2025-01-15 16:04:00,           2025-01-15 11:04:00,2.92,23.689,0.469,5.539212,0.886
1736957640,           2025-01-15 16:14:00,           2025-01-15 11:14:00,2.92,23.714,0.477,5.636342,0.886
1736958240,           2025-01-15 16:24:00,           2025-01-15 11:24:00,2.92,23.856,0.618,7.3219,0.888
1736958840,           2025-01-15 16:34:00,           2025-01-15 11:34:00,2.92,23.873,0.673,7.976064,0.889
1736959440,           2025-01-15 16:44:00,           2025-01-15 11:44:00,2.92,23.906,0.612,7.257604,0.888
1736960040,           2025-01-15 16:54:00,           2025-01-15 11:54:00,2.92,23.923,0.598,7.093837,0.888
1736960640,           2025-01-15 17:04:00,           2025-01-15 12:04:00,2.92,23.973,0.507,6.019968,0.886
1736961240,           2025-01-15 17:14:00,           2025-01-15 12:14:00,2.92,24.032,0.512,6.086044,0.886
1736961840,           2025-01-15 17:24:00,           2025-01-15 12:24:00,2.92,24.049,0.462,5.493448,0.885
1736962440,           2025-01-15 17:34:00,           2025-01-15 12:34:00,2.91,24.116,0.472,5.619378,0.885
1736963040,           2025-01-15 17:44:00,           2025-01-15 12:44:00,2.91,24.25,0.676,8.068221,0.889
1736963640,           2025-01-15 17:54:00,           2025-01-15 12:54:00,2.91,24.242,0.575,6.861739,0.887
1736964240,           2025-01-15 18:04:00,           2025-01-15 13:04:00,2.91,24.25,0.449,5.358922,0.885
1736964840,           2025-01-15 18:14:00,           2025-01-15 13:14:00,2.92,24.3,0.409,4.886058,0.884
1736965440,           2025-01-15 18:24:00,           2025-01-15 13:24:00,2.92,24.351,0.511,6.110381,0.886
1736966040,           2025-01-15 18:34:00,           2025-01-15 13:34:00,2.92,24.426,0.612,7.328316,0.888
1736966640,           2025-01-15 18:44:00,           2025-01-15 13:44:00,2.92,24.468,0.71,8.508438,0.89
1736967240,           2025-01-15 18:54:00,           2025-01-15 13:54:00,2.92,24.577,1.036,12.440257,0.894
1736967840,           2025-01-15 19:04:00,           2025-01-15 14:04:00,2.92,24.729,1.192,14.35384,0.895
1736968440,           2025-01-15 19:14:00,           2025-01-15 14:14:00,2.92,24.586,1.02,12.250173,0.894
1736969040,           2025-01-15 19:24:00,           2025-01-15 14:24:00,2.92,24.678,1.152,13.859084,0.894
1736969640,           2025-01-15 19:34:00,           2025-01-15 14:34:00,2.92,24.619,1.05,12.618185,0.894
1736970240,           2025-01-15 19:44:00,           2025-01-15 14:44:00,2.92,24.611,1.055,12.676393,0.894
1736970840,           2025-01-15 19:54:00,           2025-01-15 14:54:00,2.92,24.594,0.863,10.366144,0.892
1736971440,           2025-01-15 20:04:00,           2025-01-15 15:04:00,2.92,24.737,1.076,12.958907,0.893
1736972040,           2025-01-15 20:14:00,           2025-01-15 15:14:00,2.92,24.645,0.984,11.830737,0.893
1736972640,           2025-01-15 20:24:00,           2025-01-15 15:24:00,2.92,24.678,0.863,10.382282,0.892
1736973240,           2025-01-15 20:34:00,           2025-01-15 15:34:00,2.92,24.636,0.792,9.520714,0.891
1736973840,           2025-01-15 20:44:00,           2025-01-15 15:44:00,2.92,24.594,0.714,8.576392,0.89
1736974440,           2025-01-15 20:54:00,           2025-01-15 15:54:00,2.92,24.611,0.638,7.665913,0.888
1736975040,           2025-01-15 21:04:00,           2025-01-15 16:04:00,2.92,24.577,0.576,6.916591,0.887
1736975640,           2025-01-15 21:14:00,           2025-01-15 16:14:00,2.92,24.577,0.542,6.50832,0.887
1736976240,           2025-01-15 21:24:00,           2025-01-15 16:24:00,2.92,24.577,0.511,6.136073,0.886
1736976840,           2025-01-15 21:34:00,           2025-01-15 16:34:00,2.92,24.544,0.481,5.772301,0.885
1736977440,           2025-01-15 21:44:00,           2025-01-15 16:44:00,2.92,24.51,0.434,5.204988,0.884
1736978040,           2025-01-15 21:54:00,           2025-01-15 16:54:00,2.92,24.51,0.413,4.953134,0.884
1736978640,           2025-01-15 22:04:00,           2025-01-15 17:04:00,2.92,24.46,0.374,4.481244,0.883
1736979240,           2025-01-15 22:14:00,           2025-01-15 17:14:00,2.92,24.443,0.336,4.02466,0.882
1736979840,           2025-01-15 22:24:00,           2025-01-15 17:24:00,2.92,24.435,0.346,4.143825,0.882
1736980440,           2025-01-15 22:34:00,           2025-01-15 17:34:00,2.92,24.384,0.402,4.809942,0.884
1736981040,           2025-01-15 22:44:00,           2025-01-15 17:44:00,2.92,24.376,0.423,5.060455,0.884
1736981640,           2025-01-15 22:54:00,           2025-01-15 17:54:00,2.92,24.334,0.476,5.690062,0.886
1736982240,           2025-01-15 23:04:00,           2025-01-15 18:04:00,2.92,24.317,0.509,6.082617,0.886
1736982840,           2025-01-15 23:14:00,           2025-01-15 18:14:00,2.92,24.3,0.459,5.483376,0.885
1736983440,           2025-01-15 23:24:00,           2025-01-15 18:24:00,2.91,24.275,0.596,7.116714,0.888
1736984040,           2025-01-15 23:34:00,           2025-01-15 18:34:00,2.91,24.25,0.56,6.683733,0.887
1736984640,           2025-01-15 23:44:00,           2025-01-15 18:44:00,2.91,24.225,0.476,5.678528,0.886
1736985240,           2025-01-15 23:54:00,           2025-01-15 18:54:00,2.91,24.191,0.445,5.305346,0.885
1736985840,           2025-01-16 00:04:00,           2025-01-15 19:04:00,2.91,24.158,0.504,6.005056,0.886
1736986440,           2025-01-16 00:14:00,           2025-01-15 19:14:00,2.91,24.166,0.533,6.351532,0.887
1736987040,           2025-01-16 00:24:00,           2025-01-15 19:24:00,2.91,24.108,0.81,9.641984,0.891
1736987640,           2025-01-16 00:34:00,           2025-01-15 19:34:00,2.91,24.108,1.008,11.998914,0.893
1736988240,           2025-01-16 00:44:00,           2025-01-15 19:44:00,2.91,24.108,1.028,12.236988,0.893
1736988840,           2025-01-16 00:54:00,           2025-01-15 19:54:00,2.91,24.099,1.055,12.556278,0.894
1736989440,           2025-01-16 01:04:00,           2025-01-15 20:04:00,2.92,24.066,1.046,12.441496,0.894
1736990040,           2025-01-16 01:14:00,           2025-01-15 20:14:00,2.92,24.074,1.108,13.180915,0.894
1736990640,           2025-01-16 01:24:00,           2025-01-15 20:24:00,2.92,24.032,1.116,13.265674,0.894
1736991240,           2025-01-16 01:34:00,           2025-01-15 20:34:00,2.91,24.032,1.136,13.50341,0.894
1736991840,           2025-01-16 01:44:00,           2025-01-15 20:44:00,2.91,24.007,1.149,13.65156,0.894
1736992440,           2025-01-16 01:54:00,           2025-01-15 20:54:00,2.91,24.007,1.337,15.885235,0.895
1736993040,           2025-01-16 02:04:00,           2025-01-15 21:04:00,2.92,23.999,1.23,14.611756,0.895
1736993640,           2025-01-16 02:14:00,           2025-01-15 21:14:00,2.92,23.999,1.167,13.863349,0.894
1736994240,           2025-01-16 02:24:00,           2025-01-15 21:24:00,2.92,23.982,1.179,14.001453,0.894
1736994840,           2025-01-16 02:34:00,           2025-01-15 21:34:00,2.92,23.973,1.164,13.820991,0.895
1736995440,           2025-01-16 02:44:00,           2025-01-15 21:44:00,2.92,23.965,1.112,13.201584,0.894
1736996040,           2025-01-16 02:54:00,           2025-01-15 21:54:00,2.92,23.957,1.166,13.840597,0.895
1736996640,           2025-01-16 03:04:00,           2025-01-15 22:04:00,2.92,23.932,1.129,13.395135,0.894
1736997240,           2025-01-16 03:14:00,           2025-01-15 22:14:00,2.92,23.906,1.013,12.012995,0.893
1736997840,           2025-01-16 03:24:00,           2025-01-15 22:24:00,2.92,23.89,0.978,11.594463,0.893
1736998440,           2025-01-16 03:34:00,           2025-01-15 22:34:00,2.92,23.881,0.925,10.964286,0.892
1736999040,           2025-01-16 03:44:00,           2025-01-15 22:44:00,2.92,23.873,0.994,11.780397,0.893
1736999640,           2025-01-16 03:54:00,           2025-01-15 22:54:00,2.92,23.873,1.017,12.052982,0.893
1737000240,           2025-01-16 04:04:00,           2025-01-15 23:04:00,2.92,23.864,1.036,12.276092,0.893
1737000840,           2025-01-16 04:14:00,           2025-01-15 23:14:00,2.92,23.864,1.01,11.968004,0.893
1737001440,           2025-01-16 04:24:00,           2025-01-15 23:24:00,2.92,23.856,0.988,11.705561,0.893
1737002040,           2025-01-16 04:34:00,           2025-01-15 23:34:00,2.92,23.823,0.897,10.620849,0.892
1737002640,           2025-01-16 04:44:00,           2025-01-15 23:44:00,2.92,23.831,0.909,10.764547,0.892
1737003240,           2025-01-16 04:54:00,           2025-01-15 23:54:00,2.92,23.781,0.989,11.700951,0.893
1737003840,           2025-01-16 05:04:00,           2025-01-16 00:04:00,2.92,23.797,0.911,10.78136,0.892
1737004440,           2025-01-16 05:14:00,           2025-01-16 00:14:00,2.92,23.781,0.864,10.222064,0.892
1737005040,           2025-01-16 05:24:00,           2025-01-16 00:24:00,2.92,23.772,0.848,10.031074,0.891
1737005640,           2025-01-16 05:34:00,           2025-01-16 00:34:00,2.92,23.739,0.832,9.835718,0.891
1737006240,           2025-01-16 05:44:00,           2025-01-16 00:44:00,2.92,23.73,0.841,9.940435,0.892
1737006840,           2025-01-16 05:54:00,           2025-01-16 00:54:00,2.92,23.722,0.809,9.560767,0.891
1737007440,           2025-01-16 06:04:00,           2025-01-16 01:04:00,2.92,23.714,0.733,8.661298,0.89
1737008040,           2025-01-16 06:14:00,           2025-01-16 01:14:00,2.92,23.705,0.706,8.34085,0.889
1737008640,           2025-01-16 06:24:00,           2025-01-16 01:24:00,2.92,23.705,0.694,8.19908,0.889
1737009240,           2025-01-16 06:34:00,           2025-01-16 01:34:00,2.92,23.697,0.653,7.713537,0.889
1737009840,           2025-01-16 06:44:00,           2025-01-16 01:44:00,2.92,23.697,0.544,6.425979,0.886
1737010440,           2025-01-16 06:54:00,           2025-01-16 01:54:00,2.92,23.68,0.485,5.727215,0.885
1737011040,           2025-01-16 07:04:00,           2025-01-16 02:04:00,2.92,23.672,0.448,5.289499,0.885
1737011640,           2025-01-16 07:14:00,           2025-01-16 02:14:00,2.92,23.655,0.532,6.279275,0.887
1737012240,           2025-01-16 07:24:00,           2025-01-16 02:24:00,2.92,23.663,0.617,7.283637,0.888
1737012840,           2025-01-16 07:34:00,           2025-01-16 02:34:00,2.92,23.655,0.639,7.542212,0.888
1737013440,           2025-01-16 07:44:00,           2025-01-16 02:44:00,2.92,23.672,0.632,7.461972,0.888
1737014040,           2025-01-16 07:54:00,           2025-01-16 02:54:00,2.92,23.638,0.604,7.126825,0.888
1737014640,           2025-01-16 08:04:00,           2025-01-16 03:04:00,2.92,23.663,0.568,6.705196,0.887
1737015240,           2025-01-16 08:14:00,           2025-01-16 03:14:00,2.92,23.638,0.545,6.430661,0.887
1737015840,           2025-01-16 08:24:00,           2025-01-16 03:24:00,2.92,23.63,0.52,6.134755,0.886
1737016440,           2025-01-16 08:34:00,           2025-01-16 03:34:00,2.92,23.622,0.528,6.228199,0.886
1737017040,           2025-01-16 08:44:00,           2025-01-16 03:44:00,2.92,23.613,0.543,6.404053,0.887
1737017640,           2025-01-16 08:54:00,           2025-01-16 03:54:00,2.92,23.605,0.552,6.509219,0.887
1737018240,           2025-01-16 09:04:00,           2025-01-16 04:04:00,2.92,23.588,0.532,6.271372,0.886
1737018840,           2025-01-16 09:14:00,           2025-01-16 04:14:00,2.92,23.58,0.521,6.140777,0.886
1737019440,           2025-01-16 09:24:00,           2025-01-16 04:24:00,2.92,23.563,0.456,5.372935,0.885
1737020040,           2025-01-16 09:34:00,           2025-01-16 04:34:00,2.92,23.546,0.463,5.45367,0.885
1737020640,           2025-01-16 09:44:00,           2025-01-16 04:44:00,2.92,23.538,0.423,4.981761,0.884
1737021240,           2025-01-16 09:54:00,           2025-01-16 04:54:00,2.92,23.529,0.429,5.051568,0.884
1737021840,           2025-01-16 10:04:00,           2025-01-16 05:04:00,2.92,23.538,0.417,4.911097,0.884
1737022440,           2025-01-16 10:14:00,           2025-01-16 05:14:00,2.92,23.538,0.401,4.722662,0.884
1737023040,           2025-01-16 10:24:00,           2025-01-16 05:24:00,2.92,23.529,0.404,4.757188,0.884
1737023640,           2025-01-16 10:34:00,           2025-01-16 05:34:00,2.92,23.521,0.415,4.885979,0.884
1737024240,           2025-01-16 10:44:00,           2025-01-16 05:44:00,2.92,23.521,0.436,5.133222,0.885
1737024840,           2025-01-16 10:54:00,           2025-01-16 05:54:00,2.92,23.504,0.445,5.237506,0.885
1737025440,           2025-01-16 11:04:00,           2025-01-16 06:04:00,2.92,23.488,0.453,5.330058,0.885
1737026040,           2025-01-16 11:14:00,           2025-01-16 06:14:00,2.92,23.488,0.476,5.600679,0.886
1737026640,           2025-01-16 11:24:00,           2025-01-16 06:24:00,2.92,23.496,0.44,5.177878,0.885
1737027240,           2025-01-16 11:34:00,           2025-01-16 06:34:00,2.92,23.488,0.411,4.83588,0.884
1737027840,           2025-01-16 11:44:00,           2025-01-16 06:44:00,2.92,23.471,0.416,4.893144,0.884
1737028440,           2025-01-16 11:54:00,           2025-01-16 06:54:00,2.92,23.496,0.398,4.683626,0.884
1737029040,           2025-01-16 12:04:00,           2025-01-16 07:04:00,2.92,23.471,0.433,5.093104,0.885
1737029640,           2025-01-16 12:14:00,           2025-01-16 07:14:00,2.92,23.471,0.43,5.057817,0.885
1737030240,           2025-01-16 12:24:00,           2025-01-16 07:24:00,2.92,23.488,0.399,4.694687,0.884
1737030840,           2025-01-16 12:34:00,           2025-01-16 07:34:00,2.92,23.479,0.379,4.458608,0.884
1737031440,           2025-01-16 12:44:00,           2025-01-16 07:44:00,2.92,23.504,0.389,4.578404,0.884
1737032040,           2025-01-16 12:54:00,           2025-01-16 07:54:00,2.92,23.513,0.447,5.261937,0.885
1737032640,           2025-01-16 13:04:00,           2025-01-16 08:04:00,2.92,23.555,0.429,5.05404,0.885
1737033240,           2025-01-16 13:14:00,           2025-01-16 08:14:00,2.92,23.563,0.397,4.677753,0.884
1737033840,           2025-01-16 13:24:00,           2025-01-16 08:24:00,2.92,23.571,0.329,3.877109,0.882
1737034440,           2025-01-16 13:34:00,           2025-01-16 08:34:00,2.92,23.588,0.222,2.617001,0.879
1737035040,           2025-01-16 13:44:00,           2025-01-16 08:44:00,2.92,23.63,0.252,2.972996,0.88
1737035640,           2025-01-16 13:54:00,           2025-01-16 08:54:00,2.92,23.68,0.2,2.361738,0.879
1737036240,           2025-01-16 14:04:00,           2025-01-16 09:04:00,2.92,23.689,0.245,2.893618,0.88
1737036840,           2025-01-16 14:14:00,           2025-01-16 09:14:00,2.92,23.73,0.247,2.919486,0.88
1737037440,           2025-01-16 14:24:00,           2025-01-16 09:24:00,2.92,23.772,0.264,3.122881,0.881
1737038040,           2025-01-16 14:34:00,           2025-01-16 09:34:00,2.92,23.814,0.258,3.054311,0.881
1737038640,           2025-01-16 14:44:00,           2025-01-16 09:44:00,2.92,23.89,0.243,2.880833,0.88
1737039240,           2025-01-16 14:54:00,           2025-01-16 09:54:00,2.92,23.965,0.234,2.778031,0.88
1737039840,           2025-01-16 15:04:00,           2025-01-16 10:04:00,2.91,24.032,0.258,3.066796,0.881
1737040440,           2025-01-16 15:14:00,           2025-01-16 10:14:00,2.91,24.099,0.299,3.558604,0.881
1737041040,           2025-01-16 15:24:00,           2025-01-16 10:24:00,2.91,24.191,0.417,4.971526,0.884
1737041640,           2025-01-16 15:34:00,           2025-01-16 10:34:00,2.92,24.326,0.681,8.139403,0.889
1737042240,           2025-01-16 15:44:00,           2025-01-16 10:44:00,2.92,24.368,0.83,9.928022,0.891
1737042840,           2025-01-16 15:54:00,           2025-01-16 10:54:00,2.92,24.41,0.772,9.241468,0.891
1737043440,           2025-01-16 16:04:00,           2025-01-16 11:04:00,2.92,24.493,0.83,9.9511,0.891
1737044040,           2025-01-16 16:14:00,           2025-01-16 11:14:00,2.92,24.544,0.777,9.324486,0.891
1737044640,           2025-01-16 16:24:00,           2025-01-16 11:24:00,2.92,24.67,0.929,11.174637,0.892
1737045240,           2025-01-16 16:34:00,           2025-01-16 11:34:00,2.92,24.703,1.071,12.890579,0.893
1737045840,           2025-01-16 16:44:00,           2025-01-16 11:44:00,2.92,24.779,0.916,11.040501,0.892
1737046440,           2025-01-16 16:54:00,           2025-01-16 11:54:00,2.92,24.829,0.932,11.24373,0.892
1737047040,           2025-01-16 17:04:00,           2025-01-16 12:04:00,2.91,25.216,1.551,18.845249,0.896
1737047640,           2025-01-16 17:14:00,           2025-01-16 12:14:00,2.91,25.014,1.202,14.550599,0.894
1737048240,           2025-01-16 17:24:00,           2025-01-16 12:24:00,2.91,25.006,0.784,9.489175,0.89
1737048840,           2025-01-16 17:34:00,           2025-01-16 12:34:00,2.91,25.082,0.725,8.787355,0.89
1737049440,           2025-01-16 17:44:00,           2025-01-16 12:44:00,2.91,25.166,0.849,10.306205,0.891
1737050040,           2025-01-16 17:54:00,           2025-01-16 12:54:00,2.91,25.25,1.233,14.990782,0.894
1737050640,           2025-01-16 18:04:00,           2025-01-16 13:04:00,2.91,25.25,1.125,13.677721,0.894
1737051240,           2025-01-16 18:14:00,           2025-01-16 13:14:00,2.91,25.233,0.846,10.282436,0.891
1737051840,           2025-01-16 18:24:00,           2025-01-16 13:24:00,2.91,25.317,0.993,12.087721,0.893
1737052440,           2025-01-16 18:34:00,           2025-01-16 13:34:00,2.91,25.334,0.99,12.05496,0.893
1737053040,           2025-01-16 18:44:00,           2025-01-16 13:44:00,2.92,25.418,1.404,17.122463,0.896
1737053640,           2025-01-16 18:54:00,           2025-01-16 13:54:00,2.92,25.595,1.649,20.175578,0.897
1737054240,           2025-01-16 19:04:00,           2025-01-16 14:04:00,2.92,25.62,1.698,20.784585,0.897
1737054840,           2025-01-16 19:14:00,           2025-01-16 14:14:00,2.92,25.654,1.619,19.829882,0.896
1737055440,           2025-01-16 19:24:00,           2025-01-16 14:24:00,2.92,25.544,1.496,18.286564,0.896
1737056040,           2025-01-16 19:34:00,           2025-01-16 14:34:00,2.92,25.469,1.156,14.111153,0.894
1737056640,           2025-01-16 19:44:00,           2025-01-16 14:44:00,2.91,25.401,0.942,11.484572,0.892
1737057240,           2025-01-16 19:54:00,           2025-01-16 14:54:00,2.91,25.401,0.907,11.057863,0.892
1737057840,           2025-01-16 20:04:00,           2025-01-16 15:04:00,2.92,25.443,1.147,13.994629,0.894
1737058440,           2025-01-16 20:14:00,           2025-01-16 15:14:00,2.91,25.401,1.04,12.679357,0.894
1737059040,           2025-01-16 20:24:00,           2025-01-16 15:24:00,2.91,25.401,1.009,12.301415,0.893
1737059640,           2025-01-16 20:34:00,           2025-01-16 15:34:00,2.91,25.359,0.993,12.097034,0.893
1737060240,           2025-01-16 20:44:00,           2025-01-16 15:44:00,2.91,25.292,0.833,10.135403,0.891
1737060840,           2025-01-16 20:54:00,           2025-01-16 15:54:00,2.91,25.267,0.708,8.610533,0.89
1737061440,           2025-01-16 21:04:00,           2025-01-16 16:04:00,2.91,25.241,0.74,8.995415,0.89
1737062040,           2025-01-16 21:14:00,           2025-01-16 16:14:00,2.91,25.208,0.76,9.232936,0.89
1737062640,           2025-01-16 21:24:00,           2025-01-16 16:24:00,2.91,25.182,0.829,10.06638,0.891
1737063240,           2025-01-16 21:34:00,           2025-01-16 16:34:00,2.91,25.14,0.975,11.830092,0.893
1737063840,           2025-01-16 21:44:00,           2025-01-16 16:44:00,2.91,25.056,0.836,10.127881,0.891
1737064440,           2025-01-16 21:54:00,           2025-01-16 16:54:00,2.91,25.031,1.265,15.31803,0.895
1737065040,           2025-01-16 22:04:00,           2025-01-16 17:04:00,2.91,24.989,1.273,15.402981,0.895
1737065640,           2025-01-16 22:14:00,           2025-01-16 17:14:00,2.91,24.947,1.347,16.28575,0.895
1737066240,           2025-01-16 22:24:00,           2025-01-16 17:24:00,2.92,24.871,1.078,13.015176,0.894
1737066840,           2025-01-16 22:34:00,           2025-01-16 17:34:00,2.92,24.813,0.944,11.385134,0.892
1737067440,           2025-01-16 22:44:00,           2025-01-16 17:44:00,2.92,24.745,1.186,14.285815,0.894
1737068040,           2025-01-16 22:54:00,           2025-01-16 17:54:00,2.92,24.695,1.23,14.802115,0.895
1737068640,           2025-01-16 23:04:00,           2025-01-16 18:04:00,2.92,24.653,1.121,13.4799,0.894
1737069240,           2025-01-16 23:14:00,           2025-01-16 18:14:00,2.92,24.611,0.921,11.06631,0.892
1737069840,           2025-01-16 23:24:00,           2025-01-16 18:24:00,2.92,24.544,1,12.000625,0.893
1737070440,           2025-01-16 23:34:00,           2025-01-16 18:34:00,2.92,24.519,1.003,12.031047,0.893
1737071040,           2025-01-16 23:44:00,           2025-01-16 18:44:00,2.92,24.477,1.032,12.36926,0.893
1737071640,           2025-01-16 23:54:00,           2025-01-16 18:54:00,2.92,24.451,1.012,12.123692,0.893
1737072240,           2025-01-17 00:04:00,           2025-01-16 19:04:00,2.92,24.41,1.059,12.677091,0.893
1737072840,           2025-01-17 00:14:00,           2025-01-16 19:14:00,2.92,24.384,0.987,11.809485,0.893
1737073440,           2025-01-17 00:24:00,           2025-01-16 19:24:00,2.92,24.376,0.897,10.731036,0.892
1737074040,           2025-01-17 00:34:00,           2025-01-16 19:34:00,2.92,24.326,0.889,10.625446,0.892
1737074640,           2025-01-17 00:44:00,           2025-01-16 19:44:00,2.92,24.309,0.867,10.359222,0.891
1737075240,           2025-01-17 00:54:00,           2025-01-16 19:54:00,2.91,24.284,0.811,9.685607,0.891
1737075840,           2025-01-17 01:04:00,           2025-01-16 20:04:00,2.91,24.275,0.811,9.683985,0.891
1737076440,           2025-01-17 01:14:00,           2025-01-16 20:14:00,2.91,24.233,0.816,9.736071,0.891
1737077040,           2025-01-17 01:24:00,           2025-01-16 20:24:00,2.91,24.242,0.807,9.630302,0.891
1737077640,           2025-01-17 01:34:00,           2025-01-16 20:34:00,2.91,24.2,0.81,9.658542,0.891
1737078240,           2025-01-17 01:44:00,           2025-01-16 20:44:00,2.91,24.183,0.781,9.309792,0.89
1737078840,           2025-01-17 01:54:00,           2025-01-16 20:54:00,2.91,24.149,0.771,9.184763,0.89
1737079440,           2025-01-17 02:04:00,           2025-01-16 21:04:00,2.91,24.116,0.761,9.060056,0.89
1737080040,           2025-01-17 02:14:00,           2025-01-16 21:14:00,2.91,24.108,0.651,7.749299,0.888
1737080640,           2025-01-17 02:24:00,           2025-01-16 21:24:00,2.91,24.099,0.547,6.510222,0.886
1737081240,           2025-01-17 02:34:00,           2025-01-16 21:34:00,2.91,24.082,0.669,7.959701,0.889
1737081840,           2025-01-17 02:44:00,           2025-01-16 21:44:00,2.91,24.057,0.629,7.480292,0.888
1737082440,           2025-01-17 02:54:00,           2025-01-16 21:54:00,2.92,24.032,0.622,7.393592,0.888
1737083040,           2025-01-17 03:04:00,           2025-01-16 22:04:00,2.91,24.007,0.602,7.152514,0.888
1737083640,           2025-01-17 03:14:00,           2025-01-16 22:14:00,2.91,24.007,0.562,6.677264,0.887
1737084240,           2025-01-17 03:24:00,           2025-01-16 22:24:00,2.91,23.99,0.589,6.995835,0.887
1737084840,           2025-01-17 03:34:00,           2025-01-16 22:34:00,2.92,23.957,0.597,7.086481,0.888
1737085440,           2025-01-17 03:44:00,           2025-01-16 22:44:00,2.92,23.957,0.499,5.923206,0.886
1737086040,           2025-01-17 03:54:00,           2025-01-16 22:54:00,2.92,23.932,0.452,5.3628,0.884
1737086640,           2025-01-17 04:04:00,           2025-01-16 23:04:00,2.92,23.915,0.546,6.476012,0.886
1737087240,           2025-01-17 04:14:00,           2025-01-16 23:14:00,2.92,23.898,0.541,6.414667,0.886
1737087840,           2025-01-17 04:24:00,           2025-01-16 23:24:00,2.92,23.881,0.544,6.448185,0.886
1737088440,           2025-01-17 04:34:00,           2025-01-16 23:34:00,2.92,23.873,0.492,5.830941,0.885
1737089040,           2025-01-17 04:44:00,           2025-01-16 23:44:00,2.92,23.856,0.454,5.378871,0.885
1737089640,           2025-01-17 04:54:00,           2025-01-16 23:54:00,2.92,23.806,0.47,5.563221,0.885
1737090240,           2025-01-17 05:04:00,           2025-01-17 00:04:00,2.92,23.814,0.478,5.658762,0.885
1737090840,           2025-01-17 05:14:00,           2025-01-17 00:14:00,2.92,23.797,0.48,5.680629,0.885
1737091440,           2025-01-17 05:24:00,           2025-01-17 00:24:00,2.92,23.781,0.526,6.223155,0.886
1737092040,           2025-01-17 05:34:00,           2025-01-17 00:34:00,2.92,23.764,0.505,5.972798,0.886
1737092640,           2025-01-17 05:44:00,           2025-01-17 00:44:00,2.92,23.739,0.51,6.029106,0.886
1737093240,           2025-01-17 05:54:00,           2025-01-17 00:54:00,2.92,23.73,0.482,5.697134,0.885
1737093840,           2025-01-17 06:04:00,           2025-01-17 01:04:00,2.92,23.697,0.409,4.831297,0.884
1737094440,           2025-01-17 06:14:00,           2025-01-17 01:14:00,2.92,23.697,0.423,4.996671,0.884
1737095040,           2025-01-17 06:24:00,           2025-01-17 01:24:00,2.92,23.689,0.427,5.043163,0.884
1737095640,           2025-01-17 06:34:00,           2025-01-17 01:34:00,2.92,23.663,0.359,4.237967,0.883
1737096240,           2025-01-17 06:44:00,           2025-01-17 01:44:00,2.92,23.655,0.308,3.63537,0.881
1737096840,           2025-01-17 06:54:00,           2025-01-17 01:54:00,2.92,23.655,0.329,3.883236,0.882
1737097440,           2025-01-17 07:04:00,           2025-01-17 02:04:00,2.92,23.622,0.304,3.585933,0.881
1737098040,           2025-01-17 07:14:00,           2025-01-17 02:14:00,2.92,23.605,0.34,4.009301,0.882
1737098640,           2025-01-17 07:24:00,           2025-01-17 02:24:00,2.92,23.58,0.298,3.512383,0.881
1737099240,           2025-01-17 07:34:00,           2025-01-17 02:34:00,2.92,23.571,0.248,2.922562,0.88
1737099840,           2025-01-17 07:44:00,           2025-01-17 02:44:00,2.92,23.563,0.287,3.38165,0.881
1737100440,           2025-01-17 07:54:00,           2025-01-17 02:54:00,2.92,23.529,0.291,3.426588,0.881
1737101040,           2025-01-17 08:04:00,           2025-01-17 03:04:00,2.92,23.521,0.235,2.766759,0.88
1737101640,           2025-01-17 08:14:00,           2025-01-17 03:14:00,2.92,23.504,0.234,2.754104,0.88
1737102240,           2025-01-17 08:24:00,           2025-01-17 03:24:00,2.92,23.471,0.234,2.752393,0.88
1737102840,           2025-01-17 08:34:00,           2025-01-17 03:34:00,2.92,23.462,0.183,2.152148,0.878
1737103440,           2025-01-17 08:44:00,           2025-01-17 03:44:00,2.92,23.454,0.178,2.093031,0.878
1737104040,           2025-01-17 08:54:00,           2025-01-17 03:54:00,2.92,23.446,0.211,2.48069,0.879
1737104640,           2025-01-17 09:04:00,           2025-01-17 04:04:00,2.92,23.404,0.184,2.161544,0.879
1737105240,           2025-01-17 09:14:00,           2025-01-17 04:14:00,2.92,23.404,0.204,2.396495,0.879
1737105840,           2025-01-17 09:24:00,           2025-01-17 04:24:00,2.92,23.387,0.188,2.207826,0.879
1737106440,           2025-01-17 09:34:00,           2025-01-17 04:34:00,2.92,23.379,0.158,1.855234,0.878
1737107040,           2025-01-17 09:44:00,           2025-01-17 04:44:00,2.92,23.345,0.185,2.170874,0.879
1737107640,           2025-01-17 09:54:00,           2025-01-17 04:54:00,2.92,23.337,0.173,2.029754,0.878
1737108240,           2025-01-17 10:04:00,           2025-01-17 05:04:00,2.92,23.32,0.183,2.146392,0.878
1737108840,           2025-01-17 10:14:00,           2025-01-17 05:14:00,2.92,23.312,0.201,2.357157,0.879
1737109440,           2025-01-17 10:24:00,           2025-01-17 05:24:00,2.92,23.278,0.207,2.425961,0.879
1737110040,           2025-01-17 10:34:00,           2025-01-17 05:34:00,2.92,23.27,0.18,2.109213,0.879
1737110640,           2025-01-17 10:44:00,           2025-01-17 05:44:00,2.92,23.253,0.173,2.026537,0.878
1737111240,           2025-01-17 10:54:00,           2025-01-17 05:54:00,2.92,23.236,0.185,2.16641,0.879
1737111840,           2025-01-17 11:04:00,           2025-01-17 06:04:00,2.92,23.228,0.183,2.142665,0.878
1737112440,           2025-01-17 11:14:00,           2025-01-17 06:14:00,2.92,23.22,0.153,1.791137,0.878
1737113040,           2025-01-17 11:24:00,           2025-01-17 06:24:00,2.91,23.203,0.174,2.036325,0.878
1737113640,           2025-01-17 11:34:00,           2025-01-17 06:34:00,2.91,23.195,0.168,1.96581,0.878
1737114240,           2025-01-17 11:44:00,           2025-01-17 06:44:00,2.92,23.195,0.148,1.731785,0.878
1737114840,           2025-01-17 11:54:00,           2025-01-17 06:54:00,2.92,23.178,0.147,1.71953,0.877
1737115440,           2025-01-17 12:04:00,           2025-01-17 07:04:00,2.91,23.161,0.153,1.78914,0.878
1737116040,           2025-01-17 12:14:00,           2025-01-17 07:14:00,2.92,23.169,0.153,1.789411,0.878
1737116640,           2025-01-17 12:24:00,           2025-01-17 07:24:00,2.92,23.178,0.172,2.011967,0.878
1737117240,           2025-01-17 12:34:00,           2025-01-17 07:34:00,2.92,23.228,0.145,1.69774,0.878
1737117840,           2025-01-17 12:44:00,           2025-01-17 07:44:00,2.92,23.22,0.176,2.060393,0.878
1737118440,           2025-01-17 12:54:00,           2025-01-17 07:54:00,2.92,23.245,0.168,1.967669,0.878
1737119040,           2025-01-17 13:04:00,           2025-01-17 08:04:00,2.92,23.295,0.157,1.840571,0.878
1737119640,           2025-01-17 13:14:00,           2025-01-17 08:14:00,2.92,23.303,0.126,1.47737,0.877
1737120240,           2025-01-17 13:24:00,           2025-01-17 08:24:00,2.92,23.345,0.101,1.18518,0.876
1737120840,           2025-01-17 13:34:00,           2025-01-17 08:34:00,2.92,23.345,0.083,0.97396,0.875
1737121440,           2025-01-17 13:44:00,           2025-01-17 08:44:00,2.92,23.37,0.076,0.892239,0.875
1737122040,           2025-01-17 13:54:00,           2025-01-17 08:54:00,2.92,23.404,0.064,0.751841,0.875
1737122640,           2025-01-17 14:04:00,           2025-01-17 09:04:00,2.92,23.437,0.058,0.68178,0.875
1737123240,           2025-01-17 14:14:00,           2025-01-17 09:14:00,2.92,23.479,0.058,0.68232,0.875
1737123840,           2025-01-17 14:24:00,           2025-01-17 09:24:00,2.92,23.538,0.059,0.694855,0.875
1737124440,           2025-01-17 14:34:00,           2025-01-17 09:34:00,2.92,23.58,0.062,0.730764,0.875
1737125040,           2025-01-17 14:44:00,           2025-01-17 09:44:00,2.92,23.68,0.062,0.732139,0.875
1737125640,           2025-01-17 14:54:00,           2025-01-17 09:54:00,2.92,23.756,0.059,0.697707,0.875
1737126240,           2025-01-17 15:04:00,           2025-01-17 10:04:00,2.92,23.839,0.057,0.675106,0.875
1737126840,           2025-01-17 15:14:00,           2025-01-17 10:14:00,2.92,23.923,0.058,0.688031,0.875
1737127440,           2025-01-17 15:24:00,           2025-01-17 10:24:00,2.91,24.032,0.086,1.022265,0.876
1737128040,           2025-01-17 15:34:00,           2025-01-17 10:34:00,2.91,24.124,0.161,1.917065,0.878
1737128640,           2025-01-17 15:44:00,           2025-01-17 10:44:00,2.91,24.242,0.462,5.513258,0.884
1737129240,           2025-01-17 15:54:00,           2025-01-17 10:54:00,2.91,24.259,0.468,5.586628,0.885
1737129840,           2025-01-17 16:04:00,           2025-01-17 11:04:00,2.92,24.368,0.431,5.155395,0.884
1737130440,           2025-01-17 16:14:00,           2025-01-17 11:14:00,2.92,24.451,0.396,4.744053,0.883
1737131040,           2025-01-17 16:24:00,           2025-01-17 11:24:00,2.92,24.527,0.56,6.718232,0.886
1737131640,           2025-01-17 16:34:00,           2025-01-17 11:34:00,2.92,24.611,0.596,7.161261,0.887
1737132240,           2025-01-17 16:44:00,           2025-01-17 11:44:00,2.92,24.636,0.465,5.589813,0.884
1737132840,           2025-01-17 16:54:00,           2025-01-17 11:54:00,2.92,24.703,0.41,4.934769,0.882
1737133440,           2025-01-17 17:04:00,           2025-01-17 12:04:00,2.91,24.871,0.944,11.397334,0.891
1737134040,           2025-01-17 17:14:00,           2025-01-17 12:14:00,2.92,24.838,0.581,7.0104,0.886
1737134640,           2025-01-17 17:24:00,           2025-01-17 12:24:00,2.91,24.871,0.378,4.563763,0.882
1737135240,           2025-01-17 17:34:00,           2025-01-17 12:34:00,2.91,24.922,0.404,4.882265,0.883
1737135840,           2025-01-17 17:44:00,           2025-01-17 12:44:00,2.91,24.981,0.559,6.762763,0.886
1737136440,           2025-01-17 17:54:00,           2025-01-17 12:54:00,2.91,25.098,1.088,13.190975,0.893
1737137040,           2025-01-17 18:04:00,           2025-01-17 13:04:00,2.91,25.082,0.855,10.363018,0.891
1737137640,           2025-01-17 18:14:00,           2025-01-17 13:14:00,2.91,25.082,0.625,7.575306,0.888
1737138240,           2025-01-17 18:24:00,           2025-01-17 13:24:00,2.91,25.124,0.642,7.787369,0.888
1737138840,           2025-01-17 18:34:00,           2025-01-17 13:34:00,2.91,25.174,0.811,9.846362,0.891
1737139440,           2025-01-17 18:44:00,           2025-01-17 13:44:00,2.91,25.182,0.785,9.532097,0.89
1737140040,           2025-01-17 18:54:00,           2025-01-17 13:54:00,2.91,25.376,1.267,15.439797,0.894
1737140640,           2025-01-17 19:04:00,           2025-01-17 14:04:00,2.91,25.334,1.443,17.571017,0.895
1737141240,           2025-01-17 19:14:00,           2025-01-17 14:14:00,2.92,25.435,1.708,20.836377,0.896
1737141840,           2025-01-17 19:24:00,           2025-01-17 14:24:00,2.91,25.376,1.52,18.522881,0.895
1737142440,           2025-01-17 19:34:00,           2025-01-17 14:34:00,2.91,25.267,1.076,13.086064,0.893
1737143040,           2025-01-17 19:44:00,           2025-01-17 14:44:00,2.91,25.292,1.149,13.980285,0.894
1737143640,           2025-01-17 19:54:00,           2025-01-17 14:54:00,2.91,25.241,0.772,9.384405,0.89
1737144240,           2025-01-17 20:04:00,           2025-01-17 15:04:00,2.91,25.25,0.691,8.40116,0.889
1737144840,           2025-01-17 20:14:00,           2025-01-17 15:14:00,2.91,25.216,0.56,6.804216,0.886
1737145440,           2025-01-17 20:24:00,           2025-01-17 15:24:00,2.91,25.241,0.625,7.597478,0.887
1737146040,           2025-01-17 20:34:00,           2025-01-17 15:34:00,2.91,25.241,0.775,9.420873,0.89
1737146640,           2025-01-17 20:44:00,           2025-01-17 15:44:00,2.91,25.208,0.66,8.018076,0.888
1737147240,           2025-01-17 20:54:00,           2025-01-17 15:54:00,2.91,25.182,0.547,6.642111,0.886
1737147840,           2025-01-17 21:04:00,           2025-01-17 16:04:00,2.91,25.182,0.491,5.962114,0.885
1737148440,           2025-01-17 21:14:00,           2025-01-17 16:14:00,2.91,25.166,0.479,5.81469,0.885
1737149040,           2025-01-17 21:24:00,           2025-01-17 16:24:00,2.91,25.115,0.454,5.506044,0.884
1737149640,           2025-01-17 21:34:00,           2025-01-17 16:34:00,2.91,25.073,0.433,5.247303,0.884
1737150240,           2025-01-17 21:44:00,           2025-01-17 16:44:00,2.91,25.039,0.577,6.987989,0.887
1737150840,           2025-01-17 21:54:00,           2025-01-17 16:54:00,2.91,25.023,0.605,7.324935,0.887
1737151440,           2025-01-17 22:04:00,           2025-01-17 17:04:00,2.91,25.006,0.62,7.504195,0.888
1737152040,           2025-01-17 22:14:00,           2025-01-17 17:14:00,2.91,24.964,0.52,6.288971,0.886
1737152640,           2025-01-17 22:24:00,           2025-01-17 17:24:00,2.91,24.922,0.537,6.489545,0.886
1737153240,           2025-01-17 22:34:00,           2025-01-17 17:34:00,2.91,24.888,0.457,5.519297,0.884
1737153840,           2025-01-17 22:44:00,           2025-01-17 17:44:00,2.91,24.871,0.419,5.058774,0.884
1737154440,           2025-01-17 22:54:00,           2025-01-17 17:54:00,2.92,24.804,0.527,6.354839,0.886
1737155040,           2025-01-17 23:04:00,           2025-01-17 18:04:00,2.92,24.804,0.66,7.958622,0.889
1737155640,           2025-01-17 23:14:00,           2025-01-17 18:14:00,2.92,24.754,0.437,5.264705,0.884
1737156240,           2025-01-17 23:24:00,           2025-01-17 18:24:00,2.92,24.729,0.613,7.381631,0.888
1737156840,           2025-01-17 23:34:00,           2025-01-17 18:34:00,2.92,24.687,0.567,6.822404,0.887
1737157440,           2025-01-17 23:44:00,           2025-01-17 18:44:00,2.92,24.653,0.524,6.301041,0.886
1737158040,           2025-01-17 23:54:00,           2025-01-17 18:54:00,2.92,24.619,0.372,4.470443,0.883
1737158640,           2025-01-18 00:04:00,           2025-01-17 19:04:00,2.92,24.586,0.607,7.290054,0.888
1737159240,           2025-01-18 00:14:00,           2025-01-17 19:14:00,2.92,24.544,0.663,7.956415,0.889
1737159840,           2025-01-18 00:24:00,           2025-01-17 19:24:00,2.92,24.535,0.709,8.507023,0.889
1737160440,           2025-01-18 00:34:00,           2025-01-17 19:34:00,2.92,24.519,0.737,8.840361,0.89
1737161040,           2025-01-18 00:44:00,           2025-01-17 19:44:00,2.92,24.527,0.709,8.505761,0.889
1737161640,           2025-01-18 00:54:00,           2025-01-17 19:54:00,2.92,24.468,0.65,7.789415,0.888
1737162240,           2025-01-18 01:04:00,           2025-01-17 20:04:00,2.92,24.485,0.462,5.538224,0.884
1737162840,           2025-01-18 01:14:00,           2025-01-17 20:14:00,2.92,24.443,0.314,3.76114,0.881
1737163440,           2025-01-18 01:24:00,           2025-01-17 20:24:00,2.92,24.401,0.615,7.360819,0.888
1737164040,           2025-01-18 01:34:00,           2025-01-17 20:34:00,2.92,24.401,0.522,6.247719,0.886
1737164640,           2025-01-18 01:44:00,           2025-01-17 20:44:00,2.92,24.376,0.458,5.479169,0.885
1737165240,           2025-01-18 01:54:00,           2025-01-17 20:54:00,2.92,24.359,0.657,7.857372,0.889
1737165840,           2025-01-18 02:04:00,           2025-01-17 21:04:00,2.91,24.309,0.727,8.686453,0.89
1737166440,           2025-01-18 02:14:00,           2025-01-17 21:14:00,2.91,24.309,0.728,8.698401,0.89
1737167040,           2025-01-18 02:24:00,           2025-01-17 21:24:00,2.91,24.275,0.721,8.609313,0.889
1737167640,           2025-01-18 02:34:00,           2025-01-17 21:34:00,2.91,24.259,0.737,8.797745,0.89
1737168240,           2025-01-18 02:44:00,           2025-01-17 21:44:00,2.91,24.25,0.743,8.867882,0.89
1737168840,           2025-01-18 02:54:00,           2025-01-17 21:54:00,2.91,24.225,0.843,10.056721,0.891
1737169440,           2025-01-18 03:04:00,           2025-01-17 22:04:00,2.91,24.217,0.781,9.315693,0.89
1737170040,           2025-01-18 03:14:00,           2025-01-17 22:14:00,2.91,24.191,0.784,9.346946,0.89
1737170640,           2025-01-18 03:24:00,           2025-01-17 22:24:00,2.91,24.175,0.68,8.104628,0.889
1737171240,           2025-01-18 03:34:00,           2025-01-17 22:34:00,2.91,24.2,0.707,8.430357,0.889
1737171840,           2025-01-18 03:44:00,           2025-01-17 22:44:00,2.91,24.191,0.658,7.844758,0.888
1737172440,           2025-01-18 03:54:00,           2025-01-17 22:54:00,2.91,24.175,0.697,8.307243,0.889
1737173040,           2025-01-18 04:04:00,           2025-01-17 23:04:00,2.91,24.166,0.697,8.305849,0.889
1737173640,           2025-01-18 04:14:00,           2025-01-17 23:14:00,2.91,24.191,0.77,9.180037,0.89
1737174240,           2025-01-18 04:24:00,           2025-01-17 23:24:00,2.91,24.166,1.406,16.754698,0.895
1737174840,           2025-01-18 04:34:00,           2025-01-17 23:34:00,2.91,24.124,2.044,24.338396,0.898
1737175440,           2025-01-18 04:44:00,           2025-01-17 23:44:00,2.91,24.124,2.031,24.183602,0.898
1737176040,           2025-01-18 04:54:00,           2025-01-17 23:54:00,2.91,24.116,1.812,21.572697,0.897
1737176640,           2025-01-18 05:04:00,           2025-01-18 00:04:00,2.91,24.108,1.729,20.581471,0.897
1737177240,           2025-01-18 05:14:00,           2025-01-18 00:14:00,2.91,24.066,1.761,20.94596,0.897
1737177840,           2025-01-18 05:24:00,           2025-01-18 00:24:00,2.91,24.057,1.894,22.524123,0.897
1737178440,           2025-01-18 05:34:00,           2025-01-18 00:34:00,2.91,24.066,1.885,22.42086,0.897
1737179040,           2025-01-18 05:44:00,           2025-01-18 00:44:00,2.91,24.04,1.905,22.647747,0.897
1737179640,           2025-01-18 05:54:00,           2025-01-18 00:54:00,2.91,24.04,1.908,22.683413,0.897
1737180240,           2025-01-18 06:04:00,           2025-01-18 01:04:00,2.91,24.024,1.957,23.259,0.897
1737180840,           2025-01-18 06:14:00,           2025-01-18 01:14:00,2.91,24.007,2.077,24.677362,0.897
1737181440,           2025-01-18 06:24:00,           2025-01-18 01:24:00,2.91,23.99,2.003,23.790589,0.897
1737182040,           2025-01-18 06:34:00,           2025-01-18 01:34:00,2.92,23.965,1.898,22.532919,0.897
1737182640,           2025-01-18 06:44:00,           2025-01-18 01:44:00,2.92,23.957,1.741,20.665934,0.896
1737183240,           2025-01-18 06:54:00,           2025-01-18 01:54:00,2.91,23.957,1.431,16.986187,0.895
1737183840,           2025-01-18 07:04:00,           2025-01-18 02:04:00,2.92,23.94,1.283,15.224563,0.894
1737184440,           2025-01-18 07:14:00,           2025-01-18 02:14:00,2.92,23.94,1.261,14.963502,0.894
1737185040,           2025-01-18 07:24:00,           2025-01-18 02:24:00,2.92,23.915,1.217,14.434628,0.894
1737185640,           2025-01-18 07:34:00,           2025-01-18 02:34:00,2.92,23.915,1.243,14.74301,0.894
1737186240,           2025-01-18 07:44:00,           2025-01-18 02:44:00,2.92,23.898,1.244,14.750176,0.894
1737186840,           2025-01-18 07:54:00,           2025-01-18 02:54:00,2.92,23.898,1.492,17.690726,0.896
1737187440,           2025-01-18 08:04:00,           2025-01-18 03:04:00,2.92,23.89,1.346,15.957206,0.895
1737188040,           2025-01-18 08:14:00,           2025-01-18 03:14:00,2.92,23.873,1.687,19.993492,0.896
1737188640,           2025-01-18 08:24:00,           2025-01-18 03:24:00,2.92,23.864,1.621,19.208054,0.896
1737189240,           2025-01-18 08:34:00,           2025-01-18 03:34:00,2.92,23.864,1.69,20.025671,0.896
1737189840,           2025-01-18 08:44:00,           2025-01-18 03:44:00,2.92,23.797,2.86,33.847078,0.898
1737190440,           2025-01-18 08:54:00,           2025-01-18 03:54:00,2.92,23.789,2.892,34.220654,0.897
1737191040,           2025-01-18 09:04:00,           2025-01-18 04:04:00,2.92,23.781,2.835,33.541149,0.898
1737191640,           2025-01-18 09:14:00,           2025-01-18 04:14:00,2.92,23.739,2.868,33.904855,0.898
1737192240,           2025-01-18 09:24:00,           2025-01-18 04:24:00,2.92,23.739,2.867,33.893033,0.897
1737192840,           2025-01-18 09:34:00,           2025-01-18 04:34:00,2.92,23.747,2.763,32.668471,0.897
1737193440,           2025-01-18 09:44:00,           2025-01-18 04:44:00,2.92,23.705,3.276,38.703436,0.897
1737194040,           2025-01-18 09:54:00,           2025-01-18 04:54:00,2.92,23.705,3.224,38.089096,0.897
1737194640,           2025-01-18 10:04:00,           2025-01-18 05:04:00,2.92,23.714,3.233,38.201877,0.897
1737195240,           2025-01-18 10:14:00,           2025-01-18 05:14:00,2.92,23.663,3.561,42.037327,0.897
1737195840,           2025-01-18 10:24:00,           2025-01-18 05:24:00,2.92,23.672,3.477,41.052652,0.897
1737196440,           2025-01-18 10:34:00,           2025-01-18 05:34:00,2.92,23.647,3.432,40.502316,0.897
1737197040,           2025-01-18 10:44:00,           2025-01-18 05:44:00,2.92,23.655,3.414,40.295947,0.897
1737197640,           2025-01-18 10:54:00,           2025-01-18 05:54:00,2.92,23.663,3.423,40.408248,0.897
1737198240,           2025-01-18 11:04:00,           2025-01-18 06:04:00,2.92,23.63,3.291,38.825918,0.896
1737198840,           2025-01-18 11:14:00,           2025-01-18 06:14:00,2.92,23.655,3.237,38.20679,0.897
1737199440,           2025-01-18 11:24:00,           2025-01-18 06:24:00,2.92,23.638,3.158,37.262438,0.897
1737200040,           2025-01-18 11:34:00,           2025-01-18 06:34:00,2.92,23.638,3.256,38.418777,0.897
1737200640,           2025-01-18 11:44:00,           2025-01-18 06:44:00,2.92,23.622,3.099,36.555282,0.897
1737201240,           2025-01-18 11:54:00,           2025-01-18 06:54:00,2.92,23.638,3.059,36.0943,0.897
1737201840,           2025-01-18 12:04:00,           2025-01-18 07:04:00,2.92,23.647,3.042,35.89978,0.897
1737202440,           2025-01-18 12:14:00,           2025-01-18 07:14:00,2.92,23.663,2.807,33.136416,0.897
1737203040,           2025-01-18 12:24:00,           2025-01-18 07:24:00,2.92,23.689,2.792,32.975439,0.898
1737203640,           2025-01-18 12:34:00,           2025-01-18 07:34:00,2.92,23.663,2.715,32.050363,0.897
1737204240,           2025-01-18 12:44:00,           2025-01-18 07:44:00,2.92,23.655,2.785,32.871767,0.897
1737204840,           2025-01-18 12:54:00,           2025-01-18 07:54:00,2.92,23.655,2.692,31.774074,0.897
1737205440,           2025-01-18 13:04:00,           2025-01-18 08:04:00,2.92,23.672,2.585,30.520882,0.897
1737206040,           2025-01-18 13:14:00,           2025-01-18 08:14:00,2.92,23.672,2.596,30.650758,0.897
1737206640,           2025-01-18 13:24:00,           2025-01-18 08:24:00,2.92,23.689,2.532,29.90466,0.897
1737207240,           2025-01-18 13:34:00,           2025-01-18 08:34:00,2.92,23.689,2.415,28.52281,0.897
1737207840,           2025-01-18 13:44:00,           2025-01-18 08:44:00,2.92,23.689,2.314,27.329931,0.897
1737208440,           2025-01-18 13:54:00,           2025-01-18 08:54:00,2.92,23.705,2.413,28.507751,0.897
1737209040,           2025-01-18 14:04:00,           2025-01-18 09:04:00,2.92,23.722,2.382,28.15049,0.897
1737209640,           2025-01-18 14:14:00,           2025-01-18 09:14:00,2.92,23.714,2.254,26.633786,0.897
1737210240,           2025-01-18 14:24:00,           2025-01-18 09:24:00,2.92,23.772,2.219,26.248765,0.897
1737210840,           2025-01-18 14:34:00,           2025-01-18 09:34:00,2.92,23.764,2.414,28.551155,0.897
1737211440,           2025-01-18 14:44:00,           2025-01-18 09:44:00,2.92,23.789,2.544,30.102816,0.897
1737212040,           2025-01-18 14:54:00,           2025-01-18 09:54:00,2.92,23.781,2.54,30.050976,0.897
1737212640,           2025-01-18 15:04:00,           2025-01-18 10:04:00,2.92,23.831,2.475,29.309411,0.897
1737213240,           2025-01-18 15:14:00,           2025-01-18 10:14:00,2.92,23.831,2.518,29.818625,0.898
1737213840,           2025-01-18 15:24:00,           2025-01-18 10:24:00,2.92,23.831,2.539,30.067311,0.897
1737214440,           2025-01-18 15:34:00,           2025-01-18 10:34:00,2.92,23.881,2.483,29.431699,0.897
1737215040,           2025-01-18 15:44:00,           2025-01-18 10:44:00,2.92,23.898,2.413,28.611074,0.897
1737215640,           2025-01-18 15:54:00,           2025-01-18 10:54:00,2.92,23.94,2.341,27.77919,0.897
1737216240,           2025-01-18 16:04:00,           2025-01-18 11:04:00,2.92,23.957,2.241,26.60101,0.897
1737216840,           2025-01-18 16:14:00,           2025-01-18 11:14:00,2.91,24.032,2.515,29.895313,0.897
1737217440,           2025-01-18 16:24:00,           2025-01-18 11:24:00,2.91,24.015,2.396,28.471738,0.897
1737218040,           2025-01-18 16:34:00,           2025-01-18 11:34:00,2.91,24.057,2.787,33.143998,0.897
1737218640,           2025-01-18 16:44:00,           2025-01-18 11:44:00,2.91,24.074,2.7,32.119557,0.898
1737219240,           2025-01-18 16:54:00,           2025-01-18 11:54:00,2.91,24.158,2.764,32.932487,0.897
1737219840,           2025-01-18 17:04:00,           2025-01-18 12:04:00,2.92,24.443,3.293,39.444059,0.896
1737220440,           2025-01-18 17:14:00,           2025-01-18 12:14:00,2.92,24.3,2.367,28.277016,0.897
1737221040,           2025-01-18 17:24:00,           2025-01-18 12:24:00,2.91,24.309,1.984,23.705533,0.897
1737221640,           2025-01-18 17:34:00,           2025-01-18 12:34:00,2.92,24.326,1.894,22.63734,0.896
1737222240,           2025-01-18 17:44:00,           2025-01-18 12:44:00,2.92,24.393,2.127,25.453877,0.897
1737222840,           2025-01-18 17:54:00,           2025-01-18 12:54:00,2.92,24.401,1.95,23.339182,0.897
1737223440,           2025-01-18 18:04:00,           2025-01-18 13:04:00,2.92,24.451,2.025,24.259364,0.897
1737224040,           2025-01-18 18:14:00,           2025-01-18 13:14:00,2.92,24.611,2.559,30.747762,0.897
1737224640,           2025-01-18 18:24:00,           2025-01-18 13:24:00,2.92,24.561,2.331,27.982277,0.897
1737225240,           2025-01-18 18:34:00,           2025-01-18 13:34:00,2.92,24.695,2.618,31.505641,0.897
1737225840,           2025-01-18 18:44:00,           2025-01-18 13:44:00,2.92,24.687,2.576,30.995613,0.897
1737226440,           2025-01-18 18:54:00,           2025-01-18 13:54:00,2.91,24.897,2.918,35.247226,0.897
1737227040,           2025-01-18 19:04:00,           2025-01-18 14:04:00,2.92,24.88,2.904,35.067114,0.897
1737227640,           2025-01-18 19:14:00,           2025-01-18 14:14:00,2.91,24.964,3.194,38.628798,0.896
1737228240,           2025-01-18 19:24:00,           2025-01-18 14:24:00,2.91,24.922,2.896,34.99762,0.897
1737228840,           2025-01-18 19:34:00,           2025-01-18 14:34:00,2.92,24.863,2.341,28.259766,0.897
1737229440,           2025-01-18 19:44:00,           2025-01-18 14:44:00,2.91,24.88,2.348,28.353163,0.897
1737230040,           2025-01-18 19:54:00,           2025-01-18 14:54:00,2.91,24.905,2.242,27.085657,0.897
1737230640,           2025-01-18 20:04:00,           2025-01-18 15:04:00,2.91,24.905,2.206,26.65074,0.897
1737231240,           2025-01-18 20:14:00,           2025-01-18 15:14:00,2.91,25.006,2.544,30.791406,0.897
1737231840,           2025-01-18 20:24:00,           2025-01-18 15:24:00,2.91,24.955,2.358,28.513336,0.897
1737232440,           2025-01-18 20:34:00,           2025-01-18 15:34:00,2.91,24.964,2.312,27.961735,0.897
1737233040,           2025-01-18 20:44:00,           2025-01-18 15:44:00,2.91,24.981,2.093,25.321043,0.897
1737233640,           2025-01-18 20:54:00,           2025-01-18 15:54:00,2.91,24.964,2.013,24.345576,0.897
1737234240,           2025-01-18 21:04:00,           2025-01-18 16:04:00,2.91,24.981,2.165,26.192096,0.897
1737234840,           2025-01-18 21:14:00,           2025-01-18 16:14:00,2.91,24.93,2.143,25.901577,0.897
1737235440,           2025-01-18 21:24:00,           2025-01-18 16:24:00,2.91,24.93,2.312,27.944211,0.897
1737236040,           2025-01-18 21:34:00,           2025-01-18 16:34:00,2.91,24.947,2.363,28.569582,0.897
1737236640,           2025-01-18 21:44:00,           2025-01-18 16:44:00,2.91,24.955,2.254,27.25575,0.897
1737237240,           2025-01-18 21:54:00,           2025-01-18 16:54:00,2.91,24.93,2.34,28.282636,0.897
1737237840,           2025-01-18 22:04:00,           2025-01-18 17:04:00,2.91,24.888,2.213,26.726922,0.897
1737238440,           2025-01-18 22:14:00,           2025-01-18 17:14:00,2.92,24.855,2.299,27.748657,0.897
1737239040,           2025-01-18 22:24:00,           2025-01-18 17:24:00,2.92,24.829,2.194,26.468609,0.897
1737239640,           2025-01-18 22:34:00,           2025-01-18 17:34:00,2.92,24.821,2.22,26.778319,0.897
1737240240,           2025-01-18 22:44:00,           2025-01-18 17:44:00,2.92,24.787,2.168,26.134657,0.897
1737240840,           2025-01-18 22:54:00,           2025-01-18 17:54:00,2.92,24.779,2.115,25.491987,0.897
1737241440,           2025-01-18 23:04:00,           2025-01-18 18:04:00,2.92,24.754,2.098,25.275403,0.897
1737242040,           2025-01-18 23:14:00,           2025-01-18 18:14:00,2.92,24.737,2.145,25.833508,0.897
1737242640,           2025-01-18 23:24:00,           2025-01-18 18:24:00,2.92,24.729,2.057,24.770007,0.897
1737243240,           2025-01-18 23:34:00,           2025-01-18 18:34:00,2.92,24.737,2.074,24.978413,0.897
1737243840,           2025-01-18 23:44:00,           2025-01-18 18:44:00,2.92,24.712,2.217,26.688303,0.897
1737244440,           2025-01-18 23:54:00,           2025-01-18 18:54:00,2.92,24.695,2.193,26.391088,0.897
1737245040,           2025-01-19 00:04:00,           2025-01-18 19:04:00,2.92,24.695,2.177,26.198541,0.897
1737245640,           2025-01-19 00:14:00,           2025-01-18 19:14:00,2.92,24.678,2.215,26.647457,0.897
1737246240,           2025-01-19 00:24:00,           2025-01-18 19:24:00,2.92,24.67,2.29,27.545662,0.897
1737246840,           2025-01-19 00:34:00,           2025-01-18 19:34:00,2.92,24.645,2.272,27.316499,0.897
1737247440,           2025-01-19 00:44:00,           2025-01-18 19:44:00,2.92,24.636,2.196,26.398343,0.897
1737248040,           2025-01-19 00:54:00,           2025-01-18 19:54:00,2.92,24.603,2.205,26.490334,0.897
1737248640,           2025-01-19 01:04:00,           2025-01-18 20:04:00,2.92,24.628,2.159,25.949717,0.897
1737249240,           2025-01-19 01:14:00,           2025-01-18 20:14:00,2.92,24.611,2.156,25.9055,0.897
1737249840,           2025-01-19 01:24:00,           2025-01-18 20:24:00,2.92,24.586,2.203,26.457971,0.897
1737250440,           2025-01-19 01:34:00,           2025-01-18 20:34:00,2.92,24.569,2.224,26.701765,0.897
1737251040,           2025-01-19 01:44:00,           2025-01-18 20:44:00,2.92,24.544,2.428,29.137519,0.897
1737251640,           2025-01-19 01:54:00,           2025-01-18 20:54:00,2.92,24.535,2.546,30.548493,0.897
1737252240,           2025-01-19 02:04:00,           2025-01-18 21:04:00,2.92,24.527,2.515,30.172059,0.897
1737252840,           2025-01-19 02:14:00,           2025-01-18 21:14:00,2.92,24.493,2.504,30.02115,0.897
1737253440,           2025-01-19 02:24:00,           2025-01-18 21:24:00,2.92,24.493,2.458,29.469643,0.897
1737254040,           2025-01-19 02:34:00,           2025-01-18 21:34:00,2.92,24.451,2.465,29.530535,0.898
1737254640,           2025-01-19 02:44:00,           2025-01-18 21:44:00,2.92,24.468,2.284,27.370805,0.897
1737255240,           2025-01-19 02:54:00,           2025-01-18 21:54:00,2.92,24.443,2.42,28.987131,0.897
1737255840,           2025-01-19 03:04:00,           2025-01-18 22:04:00,2.92,24.426,2.333,27.936209,0.897
1737256440,           2025-01-19 03:14:00,           2025-01-18 22:14:00,2.92,24.443,2.284,27.358102,0.897
1737257040,           2025-01-19 03:24:00,           2025-01-18 22:24:00,2.92,24.435,2.324,27.833093,0.897
1737257640,           2025-01-19 03:34:00,           2025-01-18 22:34:00,2.92,24.435,2.248,26.922888,0.897
1737258240,           2025-01-19 03:44:00,           2025-01-18 22:44:00,2.92,24.426,2.285,27.36144,0.897
1737258840,           2025-01-19 03:54:00,           2025-01-18 22:54:00,2.92,24.41,2.248,26.910388,0.897
1737259440,           2025-01-19 04:04:00,           2025-01-18 23:04:00,2.92,24.401,2.227,26.654543,0.897
1737260040,           2025-01-19 04:14:00,           2025-01-18 23:14:00,2.92,24.384,2.247,26.885423,0.897
1737260640,           2025-01-19 04:24:00,           2025-01-18 23:24:00,2.92,24.384,2.33,27.878521,0.897
1737261240,           2025-01-19 04:34:00,           2025-01-18 23:34:00,2.92,24.342,2.356,28.167607,0.897
1737261840,           2025-01-19 04:44:00,           2025-01-18 23:44:00,2.92,24.334,2.3,27.493997,0.897
1737262440,           2025-01-19 04:54:00,           2025-01-18 23:54:00,2.92,24.317,2.233,26.684645,0.897
1737263040,           2025-01-19 05:04:00,           2025-01-19 00:04:00,2.92,24.359,2.194,26.239079,0.897
1737263640,           2025-01-19 05:14:00,           2025-01-19 00:14:00,2.91,24.3,2.171,25.935531,0.897
1737264240,           2025-01-19 05:24:00,           2025-01-19 00:24:00,2.92,24.317,2.396,28.632516,0.897
1737264840,           2025-01-19 05:34:00,           2025-01-19 00:34:00,2.91,24.284,2.328,27.802828,0.897
1737265440,           2025-01-19 05:44:00,           2025-01-19 00:44:00,2.91,24.292,2.274,27.161961,0.897
1737266040,           2025-01-19 05:54:00,           2025-01-19 00:54:00,2.91,24.292,2.255,26.935014,0.897
1737266640,           2025-01-19 06:04:00,           2025-01-19 01:04:00,2.91,24.284,2.143,25.593411,0.897
1737267240,           2025-01-19 06:14:00,           2025-01-19 01:14:00,2.91,24.267,2.088,24.928667,0.897
1737267840,           2025-01-19 06:24:00,           2025-01-19 01:24:00,2.91,24.25,1.98,23.631771,0.897
1737268440,           2025-01-19 06:34:00,           2025-01-19 01:34:00,2.91,24.225,1.937,23.107793,0.897
1737269040,           2025-01-19 06:44:00,           2025-01-19 01:44:00,2.91,24.208,1.857,22.146402,0.896
1737269640,           2025-01-19 06:54:00,           2025-01-19 01:54:00,2.91,24.208,1.768,21.084997,0.896
1737270240,           2025-01-19 07:04:00,           2025-01-19 02:04:00,2.91,24.183,1.74,20.741405,0.896
1737270840,           2025-01-19 07:14:00,           2025-01-19 02:14:00,2.91,24.183,1.751,20.872529,0.896
1737271440,           2025-01-19 07:24:00,           2025-01-19 02:24:00,2.91,24.183,1.749,20.848688,0.896
1737272040,           2025-01-19 07:34:00,           2025-01-19 02:34:00,2.91,24.158,1.644,19.587919,0.896
1737272640,           2025-01-19 07:44:00,           2025-01-19 02:44:00,2.91,24.141,1.502,17.890346,0.895
1737273240,           2025-01-19 07:54:00,           2025-01-19 02:54:00,2.91,24.141,1.494,17.795057,0.895
1737273840,           2025-01-19 08:04:00,           2025-01-19 03:04:00,2.91,24.133,1.497,17.82813,0.895
1737274440,           2025-01-19 08:14:00,           2025-01-19 03:14:00,2.91,24.116,1.487,17.703421,0.895
1737275040,           2025-01-19 08:24:00,           2025-01-19 03:24:00,2.91,24.091,1.469,17.480965,0.895
1737275640,           2025-01-19 08:34:00,           2025-01-19 03:34:00,2.91,24.099,1.443,17.174132,0.895
1737276240,           2025-01-19 08:44:00,           2025-01-19 03:44:00,2.91,24.074,1.362,16.202532,0.895
1737276840,           2025-01-19 08:54:00,           2025-01-19 03:54:00,2.91,24.074,1.325,15.762375,0.894
1737277440,           2025-01-19 09:04:00,           2025-01-19 04:04:00,2.91,24.066,1.339,15.926542,0.895
1737278040,           2025-01-19 09:14:00,           2025-01-19 04:14:00,2.91,24.057,1.273,15.13897,0.894
1737278640,           2025-01-19 09:24:00,           2025-01-19 04:24:00,2.91,24.049,1.222,14.530288,0.894
1737279240,           2025-01-19 09:34:00,           2025-01-19 04:34:00,2.91,24.032,1.139,13.53907,0.893
1737279840,           2025-01-19 09:44:00,           2025-01-19 04:44:00,2.91,24.015,1.023,12.156339,0.892
1737280440,           2025-01-19 09:54:00,           2025-01-19 04:54:00,2.91,24.007,1.027,12.202047,0.892
1737281040,           2025-01-19 10:04:00,           2025-01-19 05:04:00,2.91,24.024,0.982,11.671097,0.892
1737281640,           2025-01-19 10:14:00,           2025-01-19 05:14:00,2.91,23.999,1.003,11.915115,0.892
1737282240,           2025-01-19 10:24:00,           2025-01-19 05:24:00,2.91,23.99,0.87,10.333406,0.891
1737282840,           2025-01-19 10:34:00,           2025-01-19 05:34:00,2.91,23.999,0.847,10.061917,0.89
1737283440,           2025-01-19 10:44:00,           2025-01-19 05:44:00,2.92,23.965,0.79,9.378823,0.89
1737284040,           2025-01-19 10:54:00,           2025-01-19 05:54:00,2.91,23.948,0.768,9.114742,0.889
1737284640,           2025-01-19 11:04:00,           2025-01-19 06:04:00,2.92,23.948,0.883,10.47958,0.891
1737285240,           2025-01-19 11:14:00,           2025-01-19 06:14:00,2.92,23.948,0.977,11.595186,0.892
1737285840,           2025-01-19 11:24:00,           2025-01-19 06:24:00,2.92,23.932,0.961,11.401882,0.892
1737286440,           2025-01-19 11:34:00,           2025-01-19 06:34:00,2.92,23.94,0.938,11.130662,0.891
1737287040,           2025-01-19 11:44:00,           2025-01-19 06:44:00,2.92,23.923,0.901,10.688206,0.891
1737287640,           2025-01-19 11:54:00,           2025-01-19 06:54:00,2.92,23.932,0.846,10.037453,0.891
1737288240,           2025-01-19 12:04:00,           2025-01-19 07:04:00,2.92,23.923,0.839,9.952725,0.89
1737288840,           2025-01-19 12:14:00,           2025-01-19 07:14:00,2.92,23.923,0.804,9.537534,0.89
1737289440,           2025-01-19 12:24:00,           2025-01-19 07:24:00,2.92,23.94,0.844,10.015223,0.89
1737290040,           2025-01-19 12:34:00,           2025-01-19 07:34:00,2.92,23.94,0.784,9.30324,0.889
1737290640,           2025-01-19 12:44:00,           2025-01-19 07:44:00,2.92,23.932,0.741,8.79167,0.889
1737291240,           2025-01-19 12:54:00,           2025-01-19 07:54:00,2.92,23.923,0.682,8.090296,0.888
1737291840,           2025-01-19 13:04:00,           2025-01-19 08:04:00,2.91,23.948,0.632,7.500673,0.887
1737292440,           2025-01-19 13:14:00,           2025-01-19 08:14:00,2.91,23.957,0.603,7.157701,0.887
1737293040,           2025-01-19 13:24:00,           2025-01-19 08:24:00,2.91,23.99,0.536,6.366328,0.886
1737293640,           2025-01-19 13:34:00,           2025-01-19 08:34:00,2.91,24.015,0.512,6.084111,0.885
1737294240,           2025-01-19 13:44:00,           2025-01-19 08:44:00,2.91,24.024,0.511,6.073249,0.885
1737294840,           2025-01-19 13:54:00,           2025-01-19 08:54:00,2.91,24.032,0.527,6.264346,0.885
1737295440,           2025-01-19 14:04:00,           2025-01-19 09:04:00,2.91,24.057,0.586,6.968921,0.887
1737296040,           2025-01-19 14:14:00,           2025-01-19 09:14:00,2.91,24.074,0.58,6.899757,0.886
1737296640,           2025-01-19 14:24:00,           2025-01-19 09:24:00,2.91,24.108,0.551,6.55893,0.886
1737297240,           2025-01-19 14:34:00,           2025-01-19 09:34:00,2.91,24.124,0.577,6.870477,0.886
1737297840,           2025-01-19 14:44:00,           2025-01-19 09:44:00,2.91,24.166,0.556,6.625613,0.886
1737298440,           2025-01-19 14:54:00,           2025-01-19 09:54:00,2.91,24.183,0.542,6.460828,0.886
1737299040,           2025-01-19 15:04:00,           2025-01-19 10:04:00,2.91,24.233,0.573,6.836726,0.886
1737299640,           2025-01-19 15:14:00,           2025-01-19 10:14:00,2.91,24.242,0.585,6.981074,0.887
1737300240,           2025-01-19 15:24:00,           2025-01-19 10:24:00,2.91,24.3,0.588,7.024455,0.887
1737300840,           2025-01-19 15:34:00,           2025-01-19 10:34:00,2.91,24.309,0.598,7.145115,0.887
1737301440,           2025-01-19 15:44:00,           2025-01-19 10:44:00,2.92,24.368,0.628,7.511805,0.887
1737302040,           2025-01-19 15:54:00,           2025-01-19 10:54:00,2.92,24.41,0.594,7.110663,0.887
1737302640,           2025-01-19 16:04:00,           2025-01-19 11:04:00,2.92,24.493,0.722,8.656258,0.888
1737303240,           2025-01-19 16:14:00,           2025-01-19 11:14:00,2.92,24.519,0.645,7.736815,0.887
1737303840,           2025-01-19 16:24:00,           2025-01-19 11:24:00,2.92,24.544,0.718,8.616449,0.889
1737304440,           2025-01-19 16:34:00,           2025-01-19 11:34:00,2.92,24.577,0.689,8.273491,0.888
1737305040,           2025-01-19 16:44:00,           2025-01-19 11:44:00,2.92,24.678,0.934,11.236445,0.891
1737305640,           2025-01-19 16:54:00,           2025-01-19 11:54:00,2.92,24.771,1.168,14.075763,0.893
1737306240,           2025-01-19 17:04:00,           2025-01-19 12:04:00,2.91,24.922,1.507,18.211814,0.893
1737306840,           2025-01-19 17:14:00,           2025-01-19 12:14:00,2.92,24.829,0.988,11.919319,0.892
1737307440,           2025-01-19 17:24:00,           2025-01-19 12:24:00,2.92,24.838,0.763,9.206429,0.889
1737308040,           2025-01-19 17:34:00,           2025-01-19 12:34:00,2.91,24.888,0.717,8.659378,0.889
1737308640,           2025-01-19 17:44:00,           2025-01-19 12:44:00,2.91,24.964,0.937,11.332243,0.891
1737309240,           2025-01-19 17:54:00,           2025-01-19 12:54:00,2.91,24.981,0.993,12.01328,0.892
1737309840,           2025-01-19 18:04:00,           2025-01-19 13:04:00,2.91,24.989,0.782,9.462004,0.89
1737310440,           2025-01-19 18:14:00,           2025-01-19 13:14:00,2.91,25.09,0.999,12.110151,0.892
1737311040,           2025-01-19 18:24:00,           2025-01-19 13:24:00,2.91,25.124,0.956,11.596144,0.892
1737311640,           2025-01-19 18:34:00,           2025-01-19 13:34:00,2.91,25.182,1.061,12.883509,0.892
1737312240,           2025-01-19 18:44:00,           2025-01-19 13:44:00,2.91,25.216,1.18,14.337455,0.893
1737312840,           2025-01-19 18:54:00,           2025-01-19 13:54:00,2.91,25.351,1.604,19.537559,0.895
1737313440,           2025-01-19 19:04:00,           2025-01-19 14:04:00,2.91,25.275,1.188,14.450303,0.894
1737314040,           2025-01-19 19:14:00,           2025-01-19 14:14:00,2.91,25.326,1.233,15.011702,0.894
1737314640,           2025-01-19 19:24:00,           2025-01-19 14:24:00,2.91,25.267,0.842,10.24021,0.89
1737315240,           2025-01-19 19:34:00,           2025-01-19 14:34:00,2.91,25.283,0.785,9.549793,0.89
1737315840,           2025-01-19 19:44:00,           2025-01-19 14:44:00,2.91,25.309,0.813,9.895141,0.89
1737316440,           2025-01-19 19:54:00,           2025-01-19 14:54:00,2.91,25.326,0.789,9.606028,0.89
1737317040,           2025-01-19 20:04:00,           2025-01-19 15:04:00,2.91,25.359,0.98,11.938664,0.892
1737317640,           2025-01-19 20:14:00,           2025-01-19 15:14:00,2.91,25.351,0.948,11.547136,0.892
1737318240,           2025-01-19 20:24:00,           2025-01-19 15:24:00,2.91,25.334,0.847,10.313688,0.891
1737318840,           2025-01-19 20:34:00,           2025-01-19 15:34:00,2.91,25.376,0.988,12.039873,0.892
1737319440,           2025-01-19 20:44:00,           2025-01-19 15:44:00,2.91,25.342,0.748,9.109528,0.889
1737320040,           2025-01-19 20:54:00,           2025-01-19 15:54:00,2.91,25.359,0.639,7.784496,0.887
1737320640,           2025-01-19 21:04:00,           2025-01-19 16:04:00,2.91,25.368,0.599,7.298407,0.887
1737321240,           2025-01-19 21:14:00,           2025-01-19 16:14:00,2.91,25.351,0.548,6.674927,0.886
1737321840,           2025-01-19 21:24:00,           2025-01-19 16:24:00,2.91,25.342,0.554,6.746897,0.886
1737322440,           2025-01-19 21:34:00,           2025-01-19 16:34:00,2.91,25.326,0.595,7.24409,0.887
1737323040,           2025-01-19 21:44:00,           2025-01-19 16:44:00,2.91,24.284,7.958,95.040767,0.891
1737323640,           2025-01-19 21:54:00,           2025-01-19 16:54:00,2.92,23.823,8.166,96.688799,0.89
1737324240,           2025-01-19 22:04:00,           2025-01-19 17:04:00,2.91,24.024,8.191,97.350263,0.889
1737324840,           2025-01-19 22:14:00,           2025-01-19 17:14:00,2.92,24.451,8.075,96.737959,0.889
1737325440,           2025-01-19 22:24:00,           2025-01-19 17:24:00,2.92,24.771,8.066,97.204711,0.89
1737326040,           2025-01-19 22:34:00,           2025-01-19 17:34:00,2.91,25.082,8.044,97.497213,0.89
1737326640,           2025-01-19 22:44:00,           2025-01-19 17:44:00,2.92,25.603,7.999,97.882375,0.89
1737327240,           2025-01-19 22:54:00,           2025-01-19 17:54:00,2.91,26.202,7.878,97.458002,0.891
1737327840,           2025-01-19 23:04:00,           2025-01-19 18:04:00,2.91,26.744,7.828,97.791568,0.891
1737328440,           2025-01-19 23:14:00,           2025-01-19 18:14:00,2.91,27.21,7.782,98.032574,0.891
1737329040,           2025-01-19 23:24:00,           2025-01-19 18:24:00,2.91,27.617,7.736,98.162717,0.891
1737329640,           2025-01-19 23:34:00,           2025-01-19 18:34:00,2.91,27.975,7.703,98.366633,0.891
1737330240,           2025-01-19 23:44:00,           2025-01-19 18:44:00,2.91,28.222,7.671,98.386436,0.891
1737330840,           2025-01-19 23:54:00,           2025-01-19 18:54:00,2.91,28.402,7.654,98.480257,0.891
1737331440,           2025-01-20 00:04:00,           2025-01-19 19:04:00,2.91,28.521,7.655,98.699476,0.892
1737332040,           2025-01-20 00:14:00,           2025-01-19 19:14:00,2.91,28.581,7.637,98.571239,0.891
1737332640,           2025-01-20 00:24:00,           2025-01-19 19:24:00,2.91,28.632,7.622,98.465753,0.89
1737333240,           2025-01-20 00:34:00,           2025-01-19 19:34:00,2.91,28.641,7.624,98.507147,0.891
1737333840,           2025-01-20 00:44:00,           2025-01-19 19:44:00,2.91,28.615,7.625,98.475121,0.89
1737334440,           2025-01-20 00:54:00,           2025-01-19 19:54:00,2.91,28.572,7.665,98.917001,0.89
1737335040,           2025-01-20 01:04:00,           2025-01-19 20:04:00,2.91,28.026,7.717,98.634363,0.89
1737335640,           2025-01-20 01:14:00,           2025-01-19 20:14:00,2.91,27.43,7.81,98.772377,0.889
1737336240,           2025-01-20 01:24:00,           2025-01-19 20:24:00,2.91,26.913,7.854,98.414715,0.89
1737336840,           2025-01-20 01:34:00,           2025-01-19 20:34:00,2.91,26.549,7.888,98.195675,0.89
1737337440,           2025-01-20 01:44:00,           2025-01-19 20:44:00,2.91,26.642,7.856,97.96136,0.89
1737338040,           2025-01-20 01:54:00,           2025-01-19 20:54:00,2.91,26.887,7.808,97.792667,0.889
1737338640,           2025-01-20 02:04:00,           2025-01-19 21:04:00,2.91,27.082,7.791,97.921471,0.89
1737339240,           2025-01-20 02:14:00,           2025-01-19 21:14:00,2.91,27.227,7.763,97.82294,0.889
1737339840,           2025-01-20 02:24:00,           2025-01-19 21:24:00,2.91,27.32,7.753,97.859327,0.89
1737340440,           2025-01-20 02:34:00,           2025-01-19 21:34:00,2.91,27.354,7.741,97.767159,0.89
1737341040,           2025-01-20 02:44:00,           2025-01-19 21:44:00,2.91,27.261,7.669,96.69715,0.889
1737341640,           2025-01-20 02:54:00,           2025-01-19 21:54:00,2.91,26.769,7.751,96.873183,0.89
1737342240,           2025-01-20 03:04:00,           2025-01-19 22:04:00,2.91,26.972,7.728,96.938407,0.889
1737342840,           2025-01-20 03:14:00,           2025-01-19 22:14:00,2.91,27.04,7.723,96.993825,0.89
1737343440,           2025-01-20 03:24:00,           2025-01-19 22:24:00,2.91,27.091,7.723,97.082452,0.89
1737344040,           2025-01-20 03:34:00,           2025-01-19 22:34:00,2.91,27.082,7.726,97.104516,0.891
1737344640,           2025-01-20 03:44:00,           2025-01-19 22:44:00,2.91,27.108,7.712,96.973681,0.89
1737345240,           2025-01-20 03:54:00,           2025-01-19 22:54:00,2.91,27.108,7.716,97.023978,0.89
1737345840,           2025-01-20 04:04:00,           2025-01-19 23:04:00,2.91,27.074,7.723,97.052907,0.89
1737346440,           2025-01-20 04:14:00,           2025-01-19 23:14:00,2.91,27.032,7.72,96.942253,0.889
1737347040,           2025-01-20 04:24:00,           2025-01-19 23:24:00,2.91,26.998,7.721,96.895755,0.889
1737347640,           2025-01-20 04:34:00,           2025-01-19 23:34:00,2.91,26.972,7.738,97.063845,0.89
1737348240,           2025-01-20 04:44:00,           2025-01-19 23:44:00,2.91,26.964,7.728,96.924502,0.889
1737348840,           2025-01-20 04:54:00,           2025-01-19 23:54:00,2.91,26.913,7.738,96.961175,0.89
1737349440,           2025-01-20 05:04:00,           2025-01-20 00:04:00,2.91,26.896,7.737,96.91907,0.89
1737350040,           2025-01-20 05:14:00,           2025-01-20 00:14:00,2.91,26.871,7.738,96.888105,0.889
1737350640,           2025-01-20 05:24:00,           2025-01-20 00:24:00,2.91,26.837,7.752,97.004151,0.89
1737351240,           2025-01-20 05:34:00,           2025-01-20 00:34:00,2.91,26.794,7.746,96.854209,0.889
1737351840,           2025-01-20 05:44:00,           2025-01-20 00:44:00,2.91,26.769,7.755,96.923175,0.89
1737352440,           2025-01-20 05:54:00,           2025-01-20 00:54:00,2.91,26.744,7.747,96.779672,0.889
1737353040,           2025-01-20 06:04:00,           2025-01-20 01:04:00,2.91,26.727,7.762,96.937414,0.89
1737353640,           2025-01-20 06:14:00,           2025-01-20 01:14:00,2.91,26.684,7.77,96.962268,0.89
1737354240,           2025-01-20 06:24:00,           2025-01-20 01:24:00,2.91,26.65,7.786,97.102475,0.89
1737354840,           2025-01-20 06:34:00,           2025-01-20 01:34:00,2.91,26.625,7.781,96.996433,0.89
1737355440,           2025-01-20 06:44:00,           2025-01-20 01:44:00,2.91,26.591,7.778,96.899654,0.89
1737356040,           2025-01-20 06:54:00,           2025-01-20 01:54:00,2.91,26.574,7.78,96.894876,0.89
1737356640,           2025-01-20 07:04:00,           2025-01-20 02:04:00,2.91,26.549,7.786,96.925904,0.89
1737357240,           2025-01-20 07:14:00,           2025-01-20 02:14:00,2.91,26.515,7.782,96.816717,0.889
1737357840,           2025-01-20 07:24:00,           2025-01-20 02:24:00,2.91,26.49,7.79,96.872537,0.889
1737358440,           2025-01-20 07:34:00,           2025-01-20 02:34:00,2.91,26.481,7.788,96.831936,0.889
1737359040,           2025-01-20 07:44:00,           2025-01-20 02:44:00,2.91,26.456,7.79,96.813101,0.889
1737359640,           2025-01-20 07:54:00,           2025-01-20 02:54:00,2.91,26.405,7.804,96.897793,0.89
1737360240,           2025-01-20 08:04:00,           2025-01-20 03:04:00,2.91,26.38,7.804,96.854027,0.889
1737360840,           2025-01-20 08:14:00,           2025-01-20 03:14:00,2.91,26.363,7.817,96.98556,0.89
1737361440,           2025-01-20 08:24:00,           2025-01-20 03:24:00,2.91,26.346,7.82,96.992964,0.89
1737362040,           2025-01-20 08:34:00,           2025-01-20 03:34:00,2.91,26.304,7.81,96.795371,0.889
1737362640,           2025-01-20 08:44:00,           2025-01-20 03:44:00,2.91,26.287,7.82,96.8895,0.89
1737363240,           2025-01-20 08:54:00,           2025-01-20 03:54:00,2.91,26.228,7.82,96.786063,0.889
1737363840,           2025-01-20 09:04:00,           2025-01-20 04:04:00,2.91,26.202,7.825,96.802344,0.889
1737364440,           2025-01-20 09:14:00,           2025-01-20 04:14:00,2.91,26.194,7.843,97.010957,0.89
1737365040,           2025-01-20 09:24:00,           2025-01-20 04:24:00,2.91,26.16,7.846,96.98828,0.89
1737365640,           2025-01-20 09:34:00,           2025-01-20 04:34:00,2.91,26.118,7.853,97.000905,0.89
1737366240,           2025-01-20 09:44:00,           2025-01-20 04:44:00,2.91,26.126,7.847,96.940858,0.89
1737366840,           2025-01-20 09:54:00,           2025-01-20 04:54:00,2.91,26.109,7.855,97.00977,0.89
1737367440,           2025-01-20 10:04:00,           2025-01-20 05:04:00,2.91,26.101,7.844,96.859861,0.89
1737368040,           2025-01-20 10:14:00,           2025-01-20 05:14:00,2.91,26.101,7.852,96.958647,0.89
1737368640,           2025-01-20 10:24:00,           2025-01-20 05:24:00,2.91,26.084,7.832,96.681854,0.889
1737369240,           2025-01-20 10:34:00,           2025-01-20 05:34:00,2.91,26.084,7.839,96.768265,0.889
1737369840,           2025-01-20 10:44:00,           2025-01-20 05:44:00,2.91,26.109,7.852,96.97272,0.89
1737370440,           2025-01-20 10:54:00,           2025-01-20 05:54:00,2.91,26.109,7.841,96.83687,0.89
1737371040,           2025-01-20 11:04:00,           2025-01-20 06:04:00,2.91,26.109,7.851,96.96037,0.89
1737371640,           2025-01-20 11:14:00,           2025-01-20 06:14:00,2.91,26.118,7.849,96.951497,0.89
1737372240,           2025-01-20 11:24:00,           2025-01-20 06:24:00,2.91,26.093,7.846,96.870495,0.889
1737372840,           2025-01-20 11:34:00,           2025-01-20 06:34:00,2.91,26.093,7.847,96.882842,0.89
1737373440,           2025-01-20 11:44:00,           2025-01-20 06:44:00,2.91,26.118,7.845,96.902089,0.89
1737374040,           2025-01-20 11:54:00,           2025-01-20 06:54:00,2.91,26.118,7.845,96.902089,0.89
1737374640,           2025-01-20 12:04:00,           2025-01-20 07:04:00,2.91,26.109,7.841,96.83687,0.889
1737375240,           2025-01-20 12:14:00,           2025-01-20 07:14:00,2.91,26.135,7.838,96.845479,0.889
1737375840,           2025-01-20 12:24:00,           2025-01-20 07:24:00,2.91,26.143,7.84,96.884245,0.89
1737376440,           2025-01-20 12:34:00,           2025-01-20 07:34:00,2.91,26.152,7.841,96.912416,0.89
1737377040,           2025-01-20 12:44:00,           2025-01-20 07:44:00,2.91,26.143,7.858,97.106683,0.891
1737377640,           2025-01-20 12:54:00,           2025-01-20 07:54:00,2.91,26.177,7.837,96.906883,0.89
1737378240,           2025-01-20 13:04:00,           2025-01-20 08:04:00,2.91,26.211,7.833,96.917112,0.89
1737378840,           2025-01-20 13:14:00,           2025-01-20 08:14:00,2.91,26.228,7.836,96.984091,0.89
1737379440,           2025-01-20 13:24:00,           2025-01-20 08:24:00,2.91,26.27,7.814,96.785376,0.89
1737380040,           2025-01-20 13:34:00,           2025-01-20 08:34:00,2.91,26.346,7.815,96.930948,0.89
1737380640,           2025-01-20 13:44:00,           2025-01-20 08:44:00,2.91,26.388,7.801,96.830794,0.89
1737381240,           2025-01-20 13:54:00,           2025-01-20 08:54:00,2.91,26.414,7.798,96.839039,0.89
1737381840,           2025-01-20 14:04:00,           2025-01-20 09:04:00,2.91,26.414,7.805,96.925969,0.89
1737382440,           2025-01-20 14:14:00,           2025-01-20 09:14:00,2.91,26.43,7.799,96.879454,0.89
1737383040,           2025-01-20 14:24:00,           2025-01-20 09:24:00,2.91,26.422,7.787,96.716413,0.889
1737383640,           2025-01-20 14:34:00,           2025-01-20 09:34:00,2.91,26.414,7.797,96.826621,0.89
1737384240,           2025-01-20 14:44:00,           2025-01-20 09:44:00,2.91,26.405,7.807,96.935042,0.89
1737384840,           2025-01-20 14:54:00,           2025-01-20 09:54:00,2.91,26.422,7.784,96.679152,0.889
1737385440,           2025-01-20 15:04:00,           2025-01-20 10:04:00,2.91,26.43,7.806,96.966408,0.89
1737386040,           2025-01-20 15:14:00,           2025-01-20 10:14:00,2.91,26.82,7.73,96.699318,0.889
