"datetime","cond_uS_cm","temp_C","site"
"7/21/2024 12:10",1343.9,28.51,"TO"
"7/21/2024 12:20",1337.1,28.26,"TO"
"7/21/2024 12:30",1337.1,28.25,"TO"
"7/21/2024 12:40",1339.1,28.34,"TO"
"7/21/2024 12:50",1340.7,28.37,"TO"
"7/21/2024 13:00",1344.3,28.47,"TO"
"7/21/2024 13:10",1345.6,28.49,"TO"
"7/21/2024 13:20",1347.2,28.54,"TO"
"7/21/2024 13:30",1348.8,28.59,"TO"
"7/21/2024 13:40",1348.8,28.58,"TO"
"7/21/2024 13:50",1347.7,28.51,"TO"
"7/21/2024 14:00",1350,28.6,"TO"
"7/21/2024 14:10",1351.7,28.63,"TO"
"7/21/2024 14:20",1352.5,28.67,"TO"
"7/21/2024 14:30",1352.4,28.69,"TO"
"7/21/2024 14:40",1354.1,28.72,"TO"
"7/21/2024 14:50",1354.4,28.75,"TO"
"7/21/2024 15:00",1356.5,28.8,"TO"
"7/21/2024 15:10",1356,28.8,"TO"
"7/21/2024 15:20",1356.4,28.83,"TO"
"7/21/2024 15:30",1354.8,28.77,"TO"
"7/21/2024 15:40",1356.5,28.78,"TO"
"7/21/2024 15:50",1356.1,28.77,"TO"
"7/21/2024 16:00",1355.3,28.77,"TO"
"7/21/2024 16:10",1356.1,28.78,"TO"
"7/21/2024 16:20",1355.3,28.76,"TO"
"7/21/2024 16:30",1354.4,28.75,"TO"
"7/21/2024 16:40",1353.7,28.7,"TO"
"7/21/2024 16:50",1353.3,28.69,"TO"
"7/21/2024 17:00",1352.5,28.67,"TO"
"7/21/2024 17:10",1352.1,28.63,"TO"
"7/21/2024 17:20",1351.3,28.61,"TO"
"7/21/2024 17:30",1351.3,28.59,"TO"
"7/21/2024 17:40",1351.3,28.59,"TO"
"7/21/2024 17:50",1350.9,28.56,"TO"
"7/21/2024 18:00",1350.1,28.53,"TO"
"7/21/2024 18:10",1349.8,28.51,"TO"
"7/21/2024 18:20",1349.8,28.5,"TO"
"7/21/2024 18:30",1349,28.47,"TO"
"7/21/2024 18:40",1348.2,28.44,"TO"
"7/21/2024 18:50",1347,28.37,"TO"
"7/21/2024 19:00",1346.2,28.35,"TO"
"7/21/2024 19:10",1345,28.3,"TO"
"7/21/2024 19:20",1345.4,28.29,"TO"
"7/21/2024 19:30",1344.2,28.27,"TO"
"7/21/2024 19:40",1343.4,28.24,"TO"
"7/21/2024 19:50",1343.8,28.24,"TO"
"7/21/2024 20:00",1343.1,28.2,"TO"
"7/21/2024 20:10",1337.6,28.19,"TO"
"7/21/2024 20:20",1336.8,28.17,"TO"
"7/21/2024 20:30",1338.1,28.12,"TO"
"7/21/2024 20:40",1338.2,28.1,"TO"
"7/21/2024 20:50",1337.8,28.04,"TO"
"7/21/2024 21:00",1337.4,28.01,"TO"
"7/21/2024 21:10",1337.4,28.01,"TO"
"7/21/2024 21:20",1337.1,27.95,"TO"
"7/21/2024 21:30",1336.7,27.94,"TO"
"7/21/2024 21:40",1335.9,27.92,"TO"
"7/21/2024 21:50",1336,27.87,"TO"
"7/21/2024 22:00",1336,27.86,"TO"
"7/21/2024 22:10",1335.2,27.83,"TO"
"7/21/2024 22:20",1336.4,27.84,"TO"
"7/21/2024 22:30",1336.1,27.78,"TO"
"7/21/2024 22:40",1336.9,27.79,"TO"
"7/21/2024 22:50",1334.4,27.76,"TO"
"7/21/2024 23:00",1335.7,27.75,"TO"
"7/21/2024 23:10",1337.4,27.75,"TO"
"7/21/2024 23:20",1337.5,27.71,"TO"
"7/21/2024 23:30",1336.6,27.69,"TO"
"7/21/2024 23:40",1337.1,27.69,"TO"
"7/21/2024 23:50",1337.1,27.67,"TO"
"7/22/2024 0:00",1337.9,27.67,"TO"
"7/22/2024 0:10",1318.3,27.59,"TO"
"7/22/2024 0:20",1327.1,27.61,"TO"
"7/22/2024 0:30",1327.2,27.56,"TO"
"7/22/2024 0:40",1326.8,27.53,"TO"
"7/22/2024 0:50",1326,27.46,"TO"
"7/22/2024 1:00",1328.5,27.5,"TO"
"7/22/2024 1:10",1327.3,27.44,"TO"
"7/22/2024 1:20",1328.6,27.45,"TO"
"7/22/2024 1:30",1329,27.44,"TO"
"7/22/2024 1:40",1328.6,27.43,"TO"
"7/22/2024 1:50",1329.5,27.41,"TO"
"7/22/2024 2:00",1327.1,27.34,"TO"
"7/22/2024 2:10",1327.5,27.33,"TO"
"7/22/2024 2:20",1328.4,27.32,"TO"
"7/22/2024 2:30",1325.9,27.26,"TO"
"7/22/2024 2:40",1326.8,27.25,"TO"
"7/22/2024 2:50",1324.8,27.16,"TO"
"7/22/2024 3:00",1325.2,27.16,"TO"
"7/22/2024 3:10",1327.3,27.19,"TO"
"7/22/2024 3:20",1326,27.17,"TO"
"7/22/2024 3:30",1322.7,27.14,"TO"
"7/22/2024 3:40",1319.8,27.11,"TO"
"7/22/2024 3:50",1317.3,27.09,"TO"
"7/22/2024 4:00",1318.6,27.09,"TO"
"7/22/2024 4:10",1318.6,27.08,"TO"
"7/22/2024 4:20",1318.6,27.07,"TO"
"7/22/2024 4:30",1317.4,27.02,"TO"
"7/22/2024 4:40",1317.5,27,"TO"
"7/22/2024 4:50",1316.7,26.95,"TO"
"7/22/2024 5:00",1316.3,26.94,"TO"
"7/22/2024 5:10",1316.3,26.93,"TO"
"7/22/2024 5:20",1316.3,26.91,"TO"
"7/22/2024 5:30",1312.6,26.89,"TO"
"7/22/2024 5:40",1297.1,26.86,"TO"
"7/22/2024 5:50",1285.3,26.83,"TO"
"7/22/2024 6:00",1286.2,26.83,"TO"
"7/22/2024 6:10",1293,26.8,"TO"
"7/22/2024 6:20",1302.5,26.85,"TO"
"7/22/2024 6:30",1303.8,26.85,"TO"
"7/22/2024 6:40",1303.4,26.83,"TO"
"7/22/2024 6:50",1303,26.82,"TO"
"7/22/2024 7:00",1303,26.82,"TO"
"7/22/2024 7:10",1302.6,26.8,"TO"
"7/22/2024 7:20",1297.6,26.8,"TO"
"7/22/2024 7:30",1295,26.82,"TO"
"7/22/2024 7:40",1293.8,26.81,"TO"
"7/22/2024 7:50",1295,26.83,"TO"
"7/22/2024 8:00",1296.3,26.83,"TO"
"7/22/2024 8:10",1296.7,26.84,"TO"
"7/22/2024 8:20",1298.3,26.9,"TO"
"7/22/2024 8:30",1303.3,26.94,"TO"
"7/22/2024 8:40",1300,26.9,"TO"
"7/22/2024 8:50",1301.1,26.98,"TO"
"7/22/2024 9:00",1303.2,27,"TO"
"7/22/2024 9:10",1304,27.03,"TO"
"7/22/2024 9:20",1304.7,27.12,"TO"
"7/22/2024 9:30",1304.7,27.11,"TO"
"7/22/2024 9:40",1307.9,27.24,"TO"
"7/22/2024 9:50",1305.8,27.23,"TO"
"7/22/2024 10:00",1307.4,27.25,"TO"
"7/22/2024 10:10",1308.2,27.27,"TO"
"7/22/2024 10:20",1312.3,27.41,"TO"
"7/22/2024 10:30",1313.8,27.53,"TO"
"7/22/2024 10:40",1312.7,27.42,"TO"
"7/22/2024 10:50",1314.9,27.59,"TO"
"7/22/2024 11:00",1315.7,27.62,"TO"
"7/22/2024 11:10",1316.2,27.6,"TO"
"7/22/2024 11:20",1314.6,27.54,"TO"
"7/22/2024 11:30",1076.1,27.15,"TO"
"7/22/2024 11:40",1234,26.99,"TO"
"7/22/2024 11:50",1231.4,27.01,"TO"
"7/22/2024 12:00",1222.3,26.97,"TO"
"7/22/2024 12:10",1212.3,26.94,"TO"
"7/22/2024 12:20",1214.8,26.94,"TO"
"7/22/2024 12:30",1210.6,26.93,"TO"
"7/22/2024 12:40",1210.2,26.97,"TO"
"7/22/2024 12:50",1209.3,26.95,"TO"
"7/22/2024 13:00",1206,26.97,"TO"
"7/22/2024 13:10",1203.5,26.97,"TO"
"7/22/2024 13:20",1203.8,26.99,"TO"
"7/22/2024 13:30",1227.7,27.01,"TO"
"7/22/2024 13:40",1230.6,27.01,"TO"
"7/22/2024 13:50",1212.6,26.99,"TO"
"7/22/2024 14:00",1188.5,26.91,"TO"
"7/22/2024 14:10",1141,26.83,"TO"
"7/22/2024 14:20",1114.4,26.75,"TO"
"7/22/2024 14:30",1102.8,26.72,"TO"
"7/22/2024 14:40",1095.4,26.68,"TO"
"7/22/2024 14:50",1083.8,26.64,"TO"
"7/22/2024 15:00",1080.5,26.64,"TO"
"7/22/2024 15:10",1090.9,26.63,"TO"
"7/22/2024 15:20",1091.7,26.65,"TO"
"7/22/2024 15:30",1104.6,26.67,"TO"
"7/22/2024 15:40",1124.9,26.72,"TO"
"7/22/2024 15:50",1120.7,26.73,"TO"
"7/22/2024 16:00",1116.1,26.75,"TO"
"7/22/2024 16:10",1118.2,26.76,"TO"
"7/22/2024 16:20",1118.6,26.76,"TO"
"7/22/2024 16:30",1122.8,26.76,"TO"
"7/22/2024 16:40",1115.3,26.77,"TO"
"7/22/2024 16:50",1114.9,26.76,"TO"
"7/22/2024 17:00",1118.6,26.76,"TO"
"7/22/2024 17:10",1116.5,26.77,"TO"
"7/22/2024 17:20",1103.2,26.73,"TO"
"7/22/2024 17:30",1096.2,26.73,"TO"
"7/22/2024 17:40",1097.8,26.73,"TO"
"7/22/2024 17:50",1101.2,26.73,"TO"
"7/22/2024 18:00",1097,26.72,"TO"
"7/22/2024 18:10",1092.9,26.71,"TO"
"7/22/2024 18:20",1096.6,26.71,"TO"
"7/22/2024 18:30",1104.5,26.71,"TO"
"7/22/2024 18:40",1105.8,26.71,"TO"
"7/22/2024 18:50",1104.5,26.69,"TO"
"7/22/2024 19:00",1099.1,26.68,"TO"
"7/22/2024 19:10",1099.1,26.67,"TO"
"7/22/2024 19:20",1097.5,26.65,"TO"
"7/22/2024 19:30",1096.3,26.64,"TO"
"7/22/2024 19:40",1091.7,26.63,"TO"
"7/22/2024 19:50",1089.7,26.59,"TO"
"7/22/2024 20:00",1089.3,26.58,"TO"
"7/22/2024 20:10",1088.5,26.57,"TO"
"7/22/2024 20:20",1088,26.56,"TO"
"7/22/2024 20:30",1086,26.52,"TO"
"7/22/2024 20:40",1084.4,26.51,"TO"
"7/22/2024 20:50",1082.7,26.48,"TO"
"7/22/2024 21:00",1079.4,26.47,"TO"
"7/22/2024 21:10",1078.6,26.44,"TO"
"7/22/2024 21:20",1079.5,26.43,"TO"
"7/22/2024 21:30",1082.4,26.42,"TO"
"7/22/2024 21:40",1082.8,26.41,"TO"
"7/22/2024 21:50",1083.6,26.41,"TO"
"7/22/2024 22:00",1083.6,26.41,"TO"
"7/22/2024 22:10",1082.8,26.4,"TO"
"7/22/2024 22:20",1082,26.39,"TO"
"7/22/2024 22:30",1082,26.38,"TO"
"7/22/2024 22:40",1082.5,26.35,"TO"
"7/22/2024 22:50",1082.9,26.35,"TO"
"7/22/2024 23:00",1080.4,26.33,"TO"
"7/22/2024 23:10",1079.6,26.33,"TO"
"7/22/2024 23:20",1079.2,26.32,"TO"
"7/22/2024 23:30",1078.4,26.31,"TO"
"7/22/2024 23:40",1078,26.3,"TO"
"7/22/2024 23:50",1077.1,26.3,"TO"
"7/23/2024 0:00",1078,26.27,"TO"
"7/23/2024 0:10",1078.8,26.27,"TO"
"7/23/2024 0:20",1084.2,26.26,"TO"
"7/23/2024 0:30",1081.8,26.24,"TO"
"7/23/2024 0:40",1077.2,26.22,"TO"
"7/23/2024 0:50",1077.2,26.21,"TO"
"7/23/2024 1:00",1076,26.2,"TO"
"7/23/2024 1:10",1075.2,26.18,"TO"
"7/23/2024 1:20",1074.8,26.17,"TO"
"7/23/2024 1:30",1075.6,26.16,"TO"
"7/23/2024 1:40",1075.6,26.15,"TO"
"7/23/2024 1:50",1074.8,26.13,"TO"
"7/23/2024 2:00",1074.4,26.13,"TO"
"7/23/2024 2:10",1074.9,26.1,"TO"
"7/23/2024 2:20",1074,26.09,"TO"
"7/23/2024 2:30",1074.5,26.09,"TO"
"7/23/2024 2:40",1073.7,26.07,"TO"
"7/23/2024 2:50",1071.2,26.06,"TO"
"7/23/2024 3:00",1071.2,26.05,"TO"
"7/23/2024 3:10",1070.4,26.04,"TO"
"7/23/2024 3:20",1070,26.01,"TO"
"7/23/2024 3:30",1070,25.99,"TO"
"7/23/2024 3:40",1068.8,25.98,"TO"
"7/23/2024 3:50",1067.5,25.97,"TO"
"7/23/2024 4:00",1063.8,25.97,"TO"
"7/23/2024 4:10",1063.8,25.95,"TO"
"7/23/2024 4:20",1063.4,25.93,"TO"
"7/23/2024 4:30",1063.4,25.93,"TO"
"7/23/2024 4:40",1061.8,25.91,"TO"
"7/23/2024 4:50",1062.6,25.9,"TO"
"7/23/2024 5:00",1061.4,25.89,"TO"
"7/23/2024 5:10",1062.2,25.89,"TO"
"7/23/2024 5:20",1063.5,25.88,"TO"
"7/23/2024 5:30",1062.7,25.86,"TO"
"7/23/2024 5:40",1062.7,25.84,"TO"
"7/23/2024 5:50",1061.4,25.84,"TO"
"7/23/2024 6:00",1061.5,25.82,"TO"
"7/23/2024 6:10",1060.2,25.81,"TO"
"7/23/2024 6:20",1059,25.8,"TO"
"7/23/2024 6:30",1059.4,25.8,"TO"
"7/23/2024 6:40",1058.2,25.8,"TO"
"7/23/2024 6:50",1058.2,25.8,"TO"
"7/23/2024 7:00",1059,25.8,"TO"
"7/23/2024 7:10",1059.4,25.8,"TO"
"7/23/2024 7:20",1060.2,25.81,"TO"
"7/23/2024 7:30",1061,25.83,"TO"
"7/23/2024 7:40",1061.9,25.83,"TO"
"7/23/2024 7:50",1062.7,25.87,"TO"
"7/23/2024 8:00",1063.5,25.88,"TO"
"7/23/2024 8:10",1063.9,25.89,"TO"
"7/23/2024 8:20",1063.5,25.9,"TO"
"7/23/2024 8:30",1064.7,25.95,"TO"
"7/23/2024 8:40",1063.8,25.95,"TO"
"7/23/2024 8:50",1059.7,25.93,"TO"
"7/23/2024 9:00",1058.8,25.98,"TO"
"7/23/2024 9:10",1063.3,26,"TO"
"7/23/2024 9:20",1063.3,26.06,"TO"
"7/23/2024 9:30",1067.7,26.15,"TO"
"7/23/2024 9:40",1058.6,26.14,"TO"
"7/23/2024 9:50",1060.7,26.14,"TO"
"7/23/2024 10:00",1064,26.16,"TO"
"7/23/2024 10:10",1058.6,26.2,"TO"
"7/23/2024 10:20",1070,26.38,"TO"
"7/23/2024 10:30",1066.1,26.51,"TO"
"7/23/2024 10:40",1056.7,26.33,"TO"
"7/23/2024 10:50",1069,26.5,"TO"
"7/23/2024 11:00",1071.4,26.58,"TO"
"7/23/2024 11:10",1066.1,26.47,"TO"
"7/23/2024 11:20",1066.5,26.55,"TO"
"7/23/2024 11:30",1067.2,26.63,"TO"
"7/23/2024 11:40",1068.8,26.68,"TO"
"7/23/2024 11:50",1066.8,26.61,"TO"
"7/23/2024 12:00",1050.7,26.57,"TO"
"7/23/2024 12:10",1048.6,26.58,"TO"
"7/23/2024 12:20",1047.7,26.58,"TO"
"7/23/2024 12:30",1033.2,26.58,"TO"
"7/23/2024 12:40",1034.5,26.57,"TO"
"7/23/2024 12:50",1035.3,26.61,"TO"
"7/23/2024 13:00",1034,26.61,"TO"
"7/23/2024 13:10",1036.1,26.6,"TO"
"7/23/2024 13:20",1034.3,26.68,"TO"
"7/23/2024 13:30",1026.8,26.73,"TO"
"7/23/2024 13:40",1030.1,26.74,"TO"
"7/23/2024 13:50",1031,26.74,"TO"
"7/23/2024 14:00",1032.6,26.81,"TO"
"7/23/2024 14:10",1029.2,26.82,"TO"
"7/23/2024 14:20",1025.9,26.84,"TO"
"7/23/2024 14:30",1025.4,26.86,"TO"
"7/23/2024 14:40",1025.9,26.86,"TO"
"7/23/2024 14:50",1021.7,26.89,"TO"
"7/23/2024 15:00",1019.2,26.89,"TO"
"7/23/2024 15:10",1020,26.9,"TO"
"7/23/2024 15:20",1021.3,26.91,"TO"
"7/23/2024 15:30",1020.4,26.89,"TO"
"7/23/2024 15:40",1020.4,26.9,"TO"
"7/23/2024 15:50",1023.3,26.9,"TO"
"7/23/2024 16:00",1023.7,26.9,"TO"
"7/23/2024 16:10",1027.5,26.9,"TO"
"7/23/2024 16:20",1020.9,26.9,"TO"
"7/23/2024 16:30",1020.9,26.9,"TO"
"7/23/2024 16:40",1020.8,26.91,"TO"
"7/23/2024 16:50",1020.4,26.91,"TO"
"7/23/2024 17:00",1018.4,26.9,"TO"
"7/23/2024 17:10",1017.9,26.91,"TO"
"7/23/2024 17:20",1020,26.9,"TO"
"7/23/2024 17:30",1020.9,26.89,"TO"
"7/23/2024 17:40",1021.3,26.9,"TO"
"7/23/2024 17:50",1022.1,26.9,"TO"
"7/23/2024 18:00",1023.7,26.9,"TO"
"7/23/2024 18:10",1024.2,26.89,"TO"
"7/23/2024 18:20",1023.4,26.88,"TO"
"7/23/2024 18:30",1023.8,26.86,"TO"
"7/23/2024 18:40",1023.4,26.86,"TO"
"7/23/2024 18:50",1026.3,26.85,"TO"
"7/23/2024 19:00",1024.6,26.84,"TO"
"7/23/2024 19:10",1025.9,26.83,"TO"
"7/23/2024 19:20",1025.1,26.83,"TO"
"7/23/2024 19:30",1023.9,26.81,"TO"
"7/23/2024 19:40",1023.9,26.8,"TO"
"7/23/2024 19:50",1025.1,26.8,"TO"
"7/23/2024 20:00",1023.5,26.77,"TO"
"7/23/2024 20:10",1024.7,26.77,"TO"
"7/23/2024 20:20",1024.7,26.76,"TO"
"7/23/2024 20:30",1024.7,26.75,"TO"
"7/23/2024 20:40",1024.8,26.74,"TO"
"7/23/2024 20:50",1024.8,26.74,"TO"
"7/23/2024 21:00",1024.8,26.73,"TO"
"7/23/2024 21:10",1024.8,26.73,"TO"
"7/23/2024 21:20",1026.4,26.72,"TO"
"7/23/2024 21:30",1025.2,26.71,"TO"
"7/23/2024 21:40",1024.4,26.69,"TO"
"7/23/2024 21:50",1024,26.68,"TO"
"7/23/2024 22:00",1023.6,26.66,"TO"
"7/23/2024 22:10",1023.2,26.65,"TO"
"7/23/2024 22:20",1023.2,26.64,"TO"
"7/23/2024 22:30",1023.2,26.63,"TO"
"7/23/2024 22:40",1022.8,26.61,"TO"
"7/23/2024 22:50",1020.4,26.59,"TO"
"7/23/2024 23:00",1017.9,26.58,"TO"
"7/23/2024 23:10",1014.6,26.55,"TO"
"7/23/2024 23:20",1014.6,26.54,"TO"
"7/23/2024 23:30",1013.4,26.52,"TO"
"7/23/2024 23:40",1013.4,26.51,"TO"
"7/23/2024 23:50",1012.6,26.5,"TO"
"7/24/2024 0:00",1012.2,26.48,"TO"
"7/24/2024 0:10",1010.2,26.44,"TO"
"7/24/2024 0:20",1010.2,26.43,"TO"
"7/24/2024 0:30",1009.8,26.42,"TO"
"7/24/2024 0:40",1008.2,26.39,"TO"
"7/24/2024 0:50",1008.6,26.39,"TO"
"7/24/2024 1:00",1007.3,26.38,"TO"
"7/24/2024 1:10",1008.2,26.34,"TO"
"7/24/2024 1:20",1007.8,26.33,"TO"
"7/24/2024 1:30",1009.1,26.31,"TO"
"7/24/2024 1:40",1007,26.31,"TO"
"7/24/2024 1:50",1006.2,26.3,"TO"
"7/24/2024 2:00",1007.9,26.27,"TO"
"7/24/2024 2:10",1006.2,26.26,"TO"
"7/24/2024 2:20",1003.8,26.24,"TO"
"7/24/2024 2:30",1004.6,26.24,"TO"
"7/24/2024 2:40",1003,26.22,"TO"
"7/24/2024 2:50",1003.4,26.21,"TO"
"7/24/2024 3:00",1003.4,26.2,"TO"
"7/24/2024 3:10",1003.4,26.18,"TO"
"7/24/2024 3:20",1006.3,26.17,"TO"
"7/24/2024 3:30",1004.3,26.16,"TO"
"7/24/2024 3:40",1003,26.15,"TO"
"7/24/2024 3:50",1005.5,26.14,"TO"
"7/24/2024 4:00",1005.1,26.13,"TO"
"7/24/2024 4:10",1006.4,26.13,"TO"
"7/24/2024 4:20",1009.3,26.1,"TO"
"7/24/2024 4:30",1011.4,26.1,"TO"
"7/24/2024 4:40",1012.6,26.08,"TO"
"7/24/2024 4:50",1013.5,26.07,"TO"
"7/24/2024 5:00",1014.3,26.06,"TO"
"7/24/2024 5:10",1015.2,26.05,"TO"
"7/24/2024 5:20",1015.2,26.04,"TO"
"7/24/2024 5:30",1015.6,26.03,"TO"
"7/24/2024 5:40",1016,26.01,"TO"
"7/24/2024 5:50",1016.4,26,"TO"
"7/24/2024 6:00",1016.5,25.99,"TO"
"7/24/2024 6:10",1016.5,25.98,"TO"
"7/24/2024 6:20",1015.2,25.98,"TO"
"7/24/2024 6:30",1015.7,25.97,"TO"
"7/24/2024 6:40",1018.6,25.96,"TO"
"7/24/2024 6:50",1021.9,25.96,"TO"
"7/24/2024 7:00",1021.9,25.96,"TO"
"7/24/2024 7:10",1021.9,25.96,"TO"
"7/24/2024 7:20",1021,25.97,"TO"
"7/24/2024 7:30",1021.9,25.98,"TO"
"7/24/2024 7:40",1021,25.98,"TO"
"7/24/2024 7:50",1021.8,25.99,"TO"
"7/24/2024 8:00",1023.1,26.01,"TO"
"7/24/2024 8:10",1026.4,26,"TO"
"7/24/2024 8:20",1025.5,26.03,"TO"
"7/24/2024 8:30",1027.2,26.07,"TO"
"7/24/2024 8:40",1026.3,26.06,"TO"
"7/24/2024 8:50",1024.3,26.06,"TO"
"7/24/2024 9:00",1023,26.08,"TO"
"7/24/2024 9:10",1020.1,26.09,"TO"
"7/24/2024 9:20",1018.4,26.1,"TO"
"7/24/2024 9:30",1018.2,26.25,"TO"
"7/24/2024 9:40",1018.3,26.16,"TO"
"7/24/2024 9:50",1019.1,26.22,"TO"
"7/24/2024 10:00",1017.9,26.22,"TO"
"7/24/2024 10:10",1021.2,26.24,"TO"
"7/24/2024 10:20",1028.2,26.63,"TO"
"7/24/2024 10:30",1021.4,26.37,"TO"
"7/24/2024 10:40",1028.8,26.44,"TO"
"7/24/2024 10:50",1027.1,26.47,"TO"
"7/24/2024 11:00",1027.8,26.61,"TO"
"7/24/2024 11:10",1027.1,26.46,"TO"
"7/24/2024 11:20",1028.3,26.51,"TO"
"7/24/2024 11:30",1028.3,26.54,"TO"
"7/24/2024 11:40",1030.7,26.63,"TO"
"7/24/2024 11:50",1032.7,26.69,"TO"
"7/24/2024 12:00",1034.9,26.91,"TO"
"7/24/2024 12:10",1035.4,26.85,"TO"
"7/24/2024 12:20",1035.4,26.83,"TO"
"7/24/2024 12:30",1035.4,26.86,"TO"
"7/24/2024 12:40",1037,26.89,"TO"
"7/24/2024 12:50",1038.2,26.94,"TO"
"7/24/2024 13:00",1039.4,26.99,"TO"
"7/24/2024 13:10",1040.2,27.05,"TO"
"7/24/2024 13:20",1042.6,27.12,"TO"
"7/24/2024 13:30",1042.6,27.11,"TO"
"7/24/2024 13:40",1044.2,27.18,"TO"
"7/24/2024 13:50",1048.1,27.35,"TO"
"7/24/2024 14:00",1045.7,27.28,"TO"
"7/24/2024 14:10",1046.9,27.33,"TO"
"7/24/2024 14:20",1049.3,27.39,"TO"
"7/24/2024 14:30",1049.3,27.43,"TO"
"7/24/2024 14:40",1049.6,27.45,"TO"
"7/24/2024 14:50",1050,27.48,"TO"
"7/24/2024 15:00",1048.1,27.37,"TO"
"7/24/2024 15:10",1050.4,27.54,"TO"
"7/24/2024 15:20",1050,27.54,"TO"
"7/24/2024 15:30",1049.1,27.53,"TO"
"7/24/2024 15:40",1045.8,27.54,"TO"
"7/24/2024 15:50",1045.4,27.56,"TO"
"7/24/2024 16:00",1048.7,27.57,"TO"
"7/24/2024 16:10",1048.3,27.57,"TO"
"7/24/2024 16:20",1049.9,27.56,"TO"
"7/24/2024 16:30",1049.1,27.57,"TO"
"7/24/2024 16:40",1049.1,27.56,"TO"
"7/24/2024 16:50",1050.4,27.53,"TO"
"7/24/2024 17:00",1050.4,27.54,"TO"
"7/24/2024 17:10",1050,27.51,"TO"
"7/24/2024 17:20",1050.4,27.5,"TO"
"7/24/2024 17:30",1050.9,27.49,"TO"
"7/24/2024 17:40",1050.9,27.49,"TO"
"7/24/2024 17:50",1050,27.49,"TO"
"7/24/2024 18:00",1049.6,27.5,"TO"
"7/24/2024 18:10",1049.2,27.48,"TO"
"7/24/2024 18:20",1048.8,27.45,"TO"
"7/24/2024 18:30",1048,27.45,"TO"
"7/24/2024 18:40",1049.3,27.43,"TO"
"7/24/2024 18:50",1050.1,27.41,"TO"
"7/24/2024 19:00",1050.9,27.42,"TO"
"7/24/2024 19:10",1050.1,27.39,"TO"
"7/24/2024 19:20",1050.6,27.39,"TO"
"7/24/2024 19:30",1050.2,27.37,"TO"
"7/24/2024 19:40",1049.3,27.36,"TO"
"7/24/2024 19:50",1048.1,27.35,"TO"
"7/24/2024 20:00",1048.5,27.33,"TO"
"7/24/2024 20:10",1048.1,27.32,"TO"
"7/24/2024 20:20",1048.2,27.31,"TO"
"7/24/2024 20:30",1048.2,27.29,"TO"
"7/24/2024 20:40",1047.4,27.28,"TO"
"7/24/2024 20:50",1048.2,27.27,"TO"
"7/24/2024 21:00",1048.6,27.25,"TO"
"7/24/2024 21:10",1049.5,27.24,"TO"
"7/24/2024 21:20",1048.3,27.22,"TO"
"7/24/2024 21:30",1047.4,27.2,"TO"
"7/24/2024 21:40",1047,27.19,"TO"
"7/24/2024 21:50",1047.5,27.18,"TO"
"7/24/2024 22:00",1047.1,27.16,"TO"
"7/24/2024 22:10",1047.1,27.15,"TO"
"7/24/2024 22:20",1047.5,27.12,"TO"
"7/24/2024 22:30",1047.1,27.11,"TO"
"7/24/2024 22:40",1045.9,27.09,"TO"
"7/24/2024 22:50",1046.3,27.08,"TO"
"7/24/2024 23:00",1047.2,27.07,"TO"
"7/24/2024 23:10",1047.6,27.05,"TO"
"7/24/2024 23:20",1047.2,27.03,"TO"
"7/24/2024 23:30",1046.8,27.01,"TO"
"7/24/2024 23:40",1046,26.99,"TO"
"7/24/2024 23:50",1046.5,26.98,"TO"
"7/25/2024 0:00",1046.5,26.95,"TO"
"7/25/2024 0:10",1046.1,26.94,"TO"
"7/25/2024 0:20",1046.1,26.92,"TO"
"7/25/2024 0:30",1046.9,26.91,"TO"
"7/25/2024 0:40",1047,26.89,"TO"
"7/25/2024 0:50",1047.4,26.88,"TO"
"7/25/2024 1:00",1047,26.86,"TO"
"7/25/2024 1:10",1047,26.85,"TO"
"7/25/2024 1:20",1047.4,26.84,"TO"
"7/25/2024 1:30",1047.5,26.83,"TO"
"7/25/2024 1:40",1045.4,26.82,"TO"
"7/25/2024 1:50",1041.7,26.8,"TO"
"7/25/2024 2:00",1041.7,26.78,"TO"
"7/25/2024 2:10",1041.7,26.77,"TO"
"7/25/2024 2:20",1040.5,26.76,"TO"
"7/25/2024 2:30",1039.7,26.75,"TO"
"7/25/2024 2:40",1038.4,26.74,"TO"
"7/25/2024 2:50",1039.7,26.73,"TO"
"7/25/2024 3:00",1039.7,26.71,"TO"
"7/25/2024 3:10",1039.7,26.71,"TO"
"7/25/2024 3:20",1038.5,26.69,"TO"
"7/25/2024 3:30",1038.9,26.68,"TO"
"7/25/2024 3:40",1038.5,26.67,"TO"
"7/25/2024 3:50",1038.9,26.66,"TO"
"7/25/2024 4:00",1039.8,26.65,"TO"
"7/25/2024 4:10",1039.4,26.64,"TO"
"7/25/2024 4:20",1039.8,26.63,"TO"
"7/25/2024 4:30",1043.5,26.61,"TO"
"7/25/2024 4:40",1044.4,26.61,"TO"
"7/25/2024 4:50",1046.9,26.6,"TO"
"7/25/2024 5:00",1047.3,26.59,"TO"
"7/25/2024 5:10",1048.6,26.58,"TO"
"7/25/2024 5:20",1048.6,26.58,"TO"
"7/25/2024 5:30",1045.3,26.57,"TO"
"7/25/2024 5:40",1045.7,26.56,"TO"
"7/25/2024 5:50",1044.5,26.55,"TO"
"7/25/2024 6:00",1044.5,26.54,"TO"
"7/25/2024 6:10",1042.8,26.52,"TO"
"7/25/2024 6:20",1044.5,26.52,"TO"
"7/25/2024 6:30",1043.2,26.51,"TO"
"7/25/2024 6:40",1041.2,26.5,"TO"
"7/25/2024 6:50",1043.3,26.49,"TO"
"7/25/2024 7:00",1042,26.48,"TO"
"7/25/2024 7:10",1042.4,26.49,"TO"
"7/25/2024 7:20",1044.5,26.49,"TO"
"7/25/2024 7:30",1047.8,26.5,"TO"
"7/25/2024 7:40",1049.1,26.5,"TO"
"7/25/2024 7:50",1049.9,26.51,"TO"
"7/25/2024 8:00",1049.1,26.51,"TO"
"7/25/2024 8:10",1049,26.54,"TO"
"7/25/2024 8:20",1048.6,26.55,"TO"
"7/25/2024 8:30",1050.2,26.57,"TO"
"7/25/2024 8:40",1053.1,26.58,"TO"
"7/25/2024 8:50",1052.3,26.58,"TO"
"7/25/2024 9:00",1050.6,26.61,"TO"
"7/25/2024 9:10",1051.4,26.63,"TO"
"7/25/2024 9:20",1050.6,26.65,"TO"
"7/25/2024 9:30",1051.2,26.78,"TO"
"7/25/2024 9:40",1050.1,26.68,"TO"
"7/25/2024 9:50",1051.7,26.72,"TO"
"7/25/2024 10:00",1050.9,26.75,"TO"
"7/25/2024 10:10",1051.3,26.75,"TO"
"7/25/2024 10:20",1055.9,27.1,"TO"
"7/25/2024 10:30",1053.2,26.92,"TO"
"7/25/2024 10:40",1053.2,26.88,"TO"
"7/25/2024 10:50",1054.4,26.94,"TO"
"7/25/2024 11:00",1055.6,26.99,"TO"
"7/25/2024 11:10",1055.6,26.99,"TO"
"7/25/2024 11:20",1056.4,27.01,"TO"
"7/25/2024 11:30",1057.2,27.05,"TO"
"7/25/2024 11:40",1060,27.14,"TO"
"7/25/2024 11:50",1059.9,27.18,"TO"
"7/25/2024 12:00",1061.1,27.27,"TO"
"7/25/2024 12:10",1062.2,27.33,"TO"
"7/25/2024 12:20",1061,27.29,"TO"
"7/25/2024 12:30",1062.2,27.33,"TO"
"7/25/2024 12:40",1063.9,27.36,"TO"
"7/25/2024 12:50",1063.8,27.41,"TO"
"7/25/2024 13:00",1065,27.49,"TO"
"7/25/2024 13:10",1066.5,27.54,"TO"
"7/25/2024 13:20",1067,27.56,"TO"
"7/25/2024 13:30",1067.7,27.6,"TO"
"7/25/2024 13:40",1068.1,27.62,"TO"
"7/25/2024 13:50",1068.9,27.68,"TO"
"7/25/2024 14:00",1070,27.75,"TO"
"7/25/2024 14:10",1070.4,27.77,"TO"
"7/25/2024 14:20",1071.6,27.8,"TO"
"7/25/2024 14:30",1072.8,27.84,"TO"
"7/25/2024 14:40",1072.8,27.86,"TO"
"7/25/2024 14:50",1075.2,27.93,"TO"
"7/25/2024 15:00",1074.8,27.95,"TO"
"7/25/2024 15:10",1074.8,27.96,"TO"
"7/25/2024 15:20",1074.3,27.97,"TO"
"7/25/2024 15:30",1074.8,27.99,"TO"
"7/25/2024 15:40",1075.9,28.03,"TO"
"7/25/2024 15:50",1075.1,28.03,"TO"
"7/25/2024 16:00",1074.3,28.04,"TO"
"7/25/2024 16:10",1073.9,28.04,"TO"
"7/25/2024 16:20",1074.7,28.05,"TO"
"7/25/2024 16:30",1075.1,28.07,"TO"
"7/25/2024 16:40",1075.5,28.07,"TO"
"7/25/2024 16:50",1075.9,28.08,"TO"
"7/25/2024 17:00",1075.9,28.08,"TO"
"7/25/2024 17:10",1075.9,28.08,"TO"
"7/25/2024 17:20",1077.1,28.09,"TO"
"7/25/2024 17:30",1077.5,28.09,"TO"
"7/25/2024 17:40",1077.6,28.07,"TO"
"7/25/2024 17:50",1077.5,28.09,"TO"
"7/25/2024 18:00",1077.5,28.08,"TO"
"7/25/2024 18:10",1077.2,28.05,"TO"
"7/25/2024 18:20",1077.2,28.04,"TO"
"7/25/2024 18:30",1077.2,28.04,"TO"
"7/25/2024 18:40",1077.2,28.03,"TO"
"7/25/2024 18:50",1076.8,28.02,"TO"
"7/25/2024 19:00",1076.4,27.99,"TO"
"7/25/2024 19:10",1077.3,27.97,"TO"
"7/25/2024 19:20",1077.3,27.96,"TO"
"7/25/2024 19:30",1078.1,27.93,"TO"
"7/25/2024 19:40",1078.5,27.94,"TO"
"7/25/2024 19:50",1078.6,27.93,"TO"
"7/25/2024 20:00",1078.6,27.92,"TO"
"7/25/2024 20:10",1078.2,27.91,"TO"
"7/25/2024 20:20",1078.6,27.88,"TO"
"7/25/2024 20:30",1078.6,27.85,"TO"
"7/25/2024 20:40",1079.9,27.85,"TO"
"7/25/2024 20:50",1079.9,27.85,"TO"
"7/25/2024 21:00",1079.1,27.84,"TO"
"7/25/2024 21:10",1077.8,27.83,"TO"
"7/25/2024 21:20",1078.3,27.82,"TO"
"7/25/2024 21:30",1078.3,27.8,"TO"
"7/25/2024 21:40",1077.9,27.79,"TO"
"7/25/2024 21:50",1077.1,27.78,"TO"
"7/25/2024 22:00",1077.5,27.77,"TO"
"7/25/2024 22:10",1077.5,27.76,"TO"
"7/25/2024 22:20",1076.3,27.75,"TO"
"7/25/2024 22:30",1076.7,27.74,"TO"
"7/25/2024 22:40",1077.5,27.73,"TO"
"7/25/2024 22:50",1077.1,27.71,"TO"
"7/25/2024 23:00",1075.1,27.7,"TO"
"7/25/2024 23:10",1076.8,27.69,"TO"
"7/25/2024 23:20",1075.5,27.68,"TO"
"7/25/2024 23:30",1075.1,27.67,"TO"
"7/25/2024 23:40",1074.3,27.66,"TO"
"7/25/2024 23:50",1074.3,27.66,"TO"
"7/26/2024 0:00",1075.2,27.63,"TO"
"7/26/2024 0:10",1074.7,27.63,"TO"
"7/26/2024 0:20",1075.2,27.62,"TO"
"7/26/2024 0:30",1076,27.61,"TO"
"7/26/2024 0:40",1076.4,27.61,"TO"
"7/26/2024 0:50",1076.9,27.6,"TO"
"7/26/2024 1:00",1076.9,27.6,"TO"
"7/26/2024 1:10",1076.9,27.59,"TO"
"7/26/2024 1:20",1076.9,27.58,"TO"
"7/26/2024 1:30",1078.1,27.57,"TO"
"7/26/2024 1:40",1078.2,27.56,"TO"
"7/26/2024 1:50",1078.2,27.54,"TO"
"7/26/2024 2:00",1078.2,27.53,"TO"
"7/26/2024 2:10",1076.9,27.53,"TO"
"7/26/2024 2:20",1078.2,27.52,"TO"
"7/26/2024 2:30",1079.9,27.51,"TO"
"7/26/2024 2:40",1080.3,27.5,"TO"
"7/26/2024 2:50",1080.3,27.49,"TO"
"7/26/2024 3:00",1081.6,27.48,"TO"
"7/26/2024 3:10",1081.6,27.46,"TO"
"7/26/2024 3:20",1078.7,27.44,"TO"
"7/26/2024 3:30",1077.9,27.43,"TO"
"7/26/2024 3:40",1078.7,27.41,"TO"
"7/26/2024 3:50",1078.8,27.4,"TO"
"7/26/2024 4:00",1078.8,27.39,"TO"
"7/26/2024 4:10",1078,27.36,"TO"
"7/26/2024 4:20",1078,27.35,"TO"
"7/26/2024 4:30",1073,27.33,"TO"
"7/26/2024 4:40",1069.3,27.32,"TO"
"7/26/2024 4:50",1071.4,27.31,"TO"
"7/26/2024 5:00",1069.3,27.31,"TO"
"7/26/2024 5:10",1069.7,27.29,"TO"
"7/26/2024 5:20",1068.9,27.28,"TO"
"7/26/2024 5:30",1068.5,27.26,"TO"
"7/26/2024 5:40",1067.7,27.25,"TO"
"7/26/2024 5:50",1066.9,27.24,"TO"
"7/26/2024 6:00",1066.9,27.23,"TO"
"7/26/2024 6:10",1068.6,27.22,"TO"
"7/26/2024 6:20",1067.8,27.19,"TO"
"7/26/2024 6:30",1067,27.18,"TO"
"7/26/2024 6:40",1067,27.18,"TO"
"7/26/2024 6:50",1067.4,27.17,"TO"
"7/26/2024 7:00",1068.7,27.16,"TO"
"7/26/2024 7:10",1067.8,27.15,"TO"
"7/26/2024 7:20",1068.3,27.14,"TO"
"7/26/2024 7:30",1068.7,27.15,"TO"
"7/26/2024 7:40",1068.3,27.15,"TO"
"7/26/2024 7:50",1066.2,27.15,"TO"
"7/26/2024 8:00",1066.2,27.15,"TO"
"7/26/2024 8:10",1067,27.16,"TO"
"7/26/2024 8:20",1067.4,27.16,"TO"
"7/26/2024 8:30",1065.7,27.18,"TO"
"7/26/2024 8:40",1065.7,27.18,"TO"
"7/26/2024 8:50",1064.5,27.2,"TO"
"7/26/2024 9:00",1064.5,27.2,"TO"
"7/26/2024 9:10",1064.4,27.23,"TO"
"7/26/2024 9:20",1064.4,27.24,"TO"
"7/26/2024 9:30",1064.4,27.28,"TO"
"7/26/2024 9:40",1064.4,27.28,"TO"
"7/26/2024 9:50",1063.9,27.28,"TO"
"7/26/2024 10:00",1063.5,27.32,"TO"
"7/26/2024 10:10",1063.1,27.31,"TO"
"7/26/2024 10:20",1064.3,27.34,"TO"
"7/26/2024 10:30",1064.7,27.36,"TO"
"7/26/2024 10:40",1070,27.42,"TO"
"7/26/2024 10:50",1069.6,27.45,"TO"
"7/26/2024 11:00",1069,27.56,"TO"
"7/26/2024 11:10",1073.2,27.53,"TO"
"7/26/2024 11:20",1076.1,27.58,"TO"
"7/26/2024 11:30",1073.6,27.58,"TO"
"7/26/2024 11:40",1075.2,27.63,"TO"
"7/26/2024 11:50",1074.3,27.67,"TO"
"7/26/2024 12:00",1077,27.79,"TO"
"7/26/2024 12:10",1079.9,27.83,"TO"
"7/26/2024 12:20",1084.4,27.86,"TO"
"7/26/2024 12:30",1083.2,27.87,"TO"
"7/26/2024 12:40",1084.8,27.94,"TO"
"7/26/2024 12:50",1084.7,27.96,"TO"
"7/26/2024 13:00",1085.5,28.02,"TO"
"7/26/2024 13:10",1087.9,28.1,"TO"
"7/26/2024 13:20",1088.7,28.1,"TO"
"7/26/2024 13:30",1090,28.1,"TO"
"7/26/2024 13:40",1091.1,28.17,"TO"
"7/26/2024 13:50",1091.9,28.24,"TO"
"7/26/2024 14:00",1092.3,28.28,"TO"
"7/26/2024 14:10",1094.3,28.3,"TO"
"7/26/2024 14:20",1097.2,28.35,"TO"
"7/26/2024 14:30",1096.7,28.38,"TO"
"7/26/2024 14:40",1097.1,28.41,"TO"
"7/26/2024 14:50",1097.9,28.45,"TO"
"7/26/2024 15:00",1097.8,28.49,"TO"
"7/26/2024 15:10",1097.4,28.5,"TO"
"7/26/2024 15:20",1098.6,28.52,"TO"
"7/26/2024 15:30",1099,28.55,"TO"
"7/26/2024 15:40",1098.2,28.5,"TO"
"7/26/2024 15:50",1097.8,28.53,"TO"
"7/26/2024 16:00",1096.5,28.58,"TO"
"7/26/2024 16:10",1098.5,28.58,"TO"
"7/26/2024 16:20",1100.1,28.66,"TO"
"7/26/2024 16:30",1098.9,28.62,"TO"
"7/26/2024 16:40",1101,28.64,"TO"
"7/26/2024 16:50",1100.2,28.61,"TO"
"7/26/2024 17:00",1101.4,28.64,"TO"
"7/26/2024 17:10",1101,28.64,"TO"
"7/26/2024 17:20",1099.8,28.59,"TO"
"7/26/2024 17:30",1100.2,28.61,"TO"
"7/26/2024 17:40",1101,28.62,"TO"
"7/26/2024 17:50",1100.2,28.59,"TO"
"7/26/2024 18:00",1099.8,28.58,"TO"
"7/26/2024 18:10",1099.8,28.55,"TO"
"7/26/2024 18:20",1099.8,28.54,"TO"
"7/26/2024 18:30",1099.9,28.52,"TO"
"7/26/2024 18:40",1099.5,28.5,"TO"
"7/26/2024 18:50",1099.5,28.46,"TO"
"7/26/2024 19:00",1099.1,28.45,"TO"
"7/26/2024 19:10",1099.1,28.42,"TO"
"7/26/2024 19:20",1099.1,28.42,"TO"
"7/26/2024 19:30",1098.3,28.39,"TO"
"7/26/2024 19:40",1098.4,28.38,"TO"
"7/26/2024 19:50",1100,28.37,"TO"
"7/26/2024 20:00",1101.3,28.36,"TO"
"7/26/2024 20:10",1102.1,28.34,"TO"
"7/26/2024 20:20",1103,28.33,"TO"
"7/26/2024 20:30",1098,28.3,"TO"
"7/26/2024 20:40",1098.5,28.3,"TO"
"7/26/2024 20:50",1099.3,28.28,"TO"
"7/26/2024 21:00",1099.3,28.27,"TO"
"7/26/2024 21:10",1099.3,28.26,"TO"
"7/26/2024 21:20",1098.9,28.25,"TO"
"7/26/2024 21:30",1099.4,28.22,"TO"
"7/26/2024 21:40",1099.4,28.22,"TO"
"7/26/2024 21:50",1100.6,28.21,"TO"
"7/26/2024 22:00",1099.8,28.2,"TO"
"7/26/2024 22:10",1101.1,28.19,"TO"
"7/26/2024 22:20",1099.4,28.17,"TO"
"7/26/2024 22:30",1099,28.16,"TO"
"7/26/2024 22:40",1099.9,28.14,"TO"
"7/26/2024 22:50",1099.9,28.13,"TO"
"7/26/2024 23:00",1099.5,28.12,"TO"
"7/26/2024 23:10",1095.8,28.1,"TO"
"7/26/2024 23:20",1094.6,28.09,"TO"
"7/26/2024 23:30",1095,28.08,"TO"
"7/26/2024 23:40",1093.8,28.05,"TO"
"7/26/2024 23:50",1093.8,28.05,"TO"
"7/27/2024 0:00",1094.2,28.03,"TO"
"7/27/2024 0:10",1094.6,28.02,"TO"
"7/27/2024 0:20",1094.6,28.02,"TO"
"7/27/2024 0:30",1097.1,28.01,"TO"
"7/27/2024 0:40",1098.4,28,"TO"
"7/27/2024 0:50",1098.4,27.97,"TO"
"7/27/2024 1:00",1096.8,27.96,"TO"
"7/27/2024 1:10",1096.4,27.95,"TO"
"7/27/2024 1:20",1096,27.94,"TO"
"7/27/2024 1:30",1096.4,27.93,"TO"
"7/27/2024 1:40",1096.4,27.92,"TO"
"7/27/2024 1:50",1096.8,27.91,"TO"
"7/27/2024 2:00",1097.7,27.88,"TO"
"7/27/2024 2:10",1096.1,27.86,"TO"
"7/27/2024 2:20",1094,27.84,"TO"
"7/27/2024 2:30",1094,27.83,"TO"
"7/27/2024 2:40",1095.7,27.8,"TO"
"7/27/2024 2:50",1096.6,27.8,"TO"
"7/27/2024 3:00",1095.8,27.77,"TO"
"7/27/2024 3:10",1094.1,27.76,"TO"
"7/27/2024 3:20",1095,27.74,"TO"
"7/27/2024 3:30",1094.2,27.71,"TO"
"7/27/2024 3:40",1093.3,27.7,"TO"
"7/27/2024 3:50",1092.9,27.69,"TO"
"7/27/2024 4:00",1093,27.66,"TO"
"7/27/2024 4:10",1091.8,27.65,"TO"
"7/27/2024 4:20",1091.4,27.62,"TO"
"7/27/2024 4:30",1091,27.6,"TO"
"7/27/2024 4:40",1091.4,27.6,"TO"
"7/27/2024 4:50",1091.8,27.58,"TO"
"7/27/2024 5:00",1091,27.57,"TO"
"7/27/2024 5:10",1090.6,27.54,"TO"
"7/27/2024 5:20",1090.6,27.53,"TO"
"7/27/2024 5:30",1089.4,27.52,"TO"
"7/27/2024 5:40",1089.4,27.49,"TO"
"7/27/2024 5:50",1089.4,27.49,"TO"
"7/27/2024 6:00",1089.1,27.46,"TO"
"7/27/2024 6:10",1089.9,27.43,"TO"
"7/27/2024 6:20",1089.9,27.42,"TO"
"7/27/2024 6:30",1088.7,27.42,"TO"
"7/27/2024 6:40",1088.7,27.41,"TO"
"7/27/2024 6:50",1087.9,27.4,"TO"
"7/27/2024 7:00",1087.9,27.39,"TO"
"7/27/2024 7:10",1087.1,27.37,"TO"
"7/27/2024 7:20",1085,27.36,"TO"
"7/27/2024 7:30",1088.4,27.35,"TO"
"7/27/2024 7:40",1090.4,27.36,"TO"
"7/27/2024 7:50",1089.6,27.37,"TO"
"7/27/2024 8:00",1091.7,27.37,"TO"
"7/27/2024 8:10",1095,27.4,"TO"
"7/27/2024 8:20",1096.6,27.41,"TO"
"7/27/2024 8:30",1094.5,27.44,"TO"
"7/27/2024 8:40",1096.6,27.45,"TO"
"7/27/2024 8:50",1100.7,27.45,"TO"
"7/27/2024 9:00",1100.2,27.51,"TO"
"7/27/2024 9:10",1095.7,27.49,"TO"
"7/27/2024 9:20",1094,27.51,"TO"
"7/27/2024 9:30",1093.5,27.54,"TO"
"7/27/2024 9:40",1093.9,27.58,"TO"
"7/27/2024 9:50",1091.4,27.58,"TO"
"7/27/2024 10:00",1091.8,27.58,"TO"
"7/27/2024 10:10",1094.3,27.6,"TO"
"7/27/2024 10:20",1094.2,27.65,"TO"
"7/27/2024 10:30",1091.7,27.66,"TO"
"7/27/2024 10:40",1091.7,27.71,"TO"
"7/27/2024 10:50",1093.7,27.75,"TO"
"7/27/2024 11:00",1093.7,27.76,"TO"
"7/27/2024 11:10",1098.2,27.79,"TO"
"7/27/2024 11:20",1099,27.86,"TO"
"7/27/2024 11:30",1096.5,27.86,"TO"
"7/27/2024 11:40",1099.7,27.93,"TO"
"7/27/2024 11:50",1102.2,27.96,"TO"
"7/27/2024 12:00",1102.5,28.02,"TO"
"7/27/2024 12:10",1102.9,28.02,"TO"
"7/27/2024 12:20",1104.1,28.08,"TO"
"7/27/2024 12:30",1105.3,28.1,"TO"
"7/27/2024 12:40",1107.4,28.14,"TO"
"7/27/2024 12:50",1107.3,28.19,"TO"
"7/27/2024 13:00",1107.7,28.25,"TO"
"7/27/2024 13:10",1110.1,28.29,"TO"
"7/27/2024 13:20",1109.7,28.32,"TO"
"7/27/2024 13:30",1112.1,28.35,"TO"
"7/27/2024 13:40",1117.5,28.37,"TO"
"7/27/2024 13:50",1118.7,28.43,"TO"
"7/27/2024 14:00",1119.8,28.5,"TO"
"7/27/2024 14:10",1121,28.52,"TO"
"7/27/2024 14:20",1119.8,28.55,"TO"
"7/27/2024 14:30",1120.9,28.6,"TO"
"7/27/2024 14:40",1122.2,28.61,"TO"
"7/27/2024 14:50",1125.5,28.62,"TO"
"7/27/2024 15:00",1125.5,28.64,"TO"
"7/27/2024 15:10",1125.8,28.69,"TO"
"7/27/2024 15:20",1125.9,28.67,"TO"
"7/27/2024 15:30",1126.3,28.68,"TO"
"7/27/2024 15:40",1125.4,28.7,"TO"
"7/27/2024 15:50",1127.9,28.71,"TO"
"7/27/2024 16:00",1128.3,28.73,"TO"
"7/27/2024 16:10",1128.7,28.72,"TO"
"7/27/2024 16:20",1129.1,28.75,"TO"
"7/27/2024 16:30",1129.1,28.75,"TO"
"7/27/2024 16:40",1128.7,28.75,"TO"
"7/27/2024 16:50",1128.7,28.73,"TO"
"7/27/2024 17:00",1127.9,28.72,"TO"
"7/27/2024 17:10",1127,28.71,"TO"
"7/27/2024 17:20",1126.2,28.7,"TO"
"7/27/2024 17:30",1125.4,28.67,"TO"
"7/27/2024 17:40",1125.5,28.66,"TO"
"7/27/2024 17:50",1125,28.64,"TO"
"7/27/2024 18:00",1124.2,28.62,"TO"
"7/27/2024 18:10",1125.1,28.6,"TO"
"7/27/2024 18:20",1125.1,28.59,"TO"
"7/27/2024 18:30",1124.3,28.55,"TO"
"7/27/2024 18:40",1124.4,28.53,"TO"
"7/27/2024 18:50",1124.4,28.51,"TO"
"7/27/2024 19:00",1124.4,28.5,"TO"
"7/27/2024 19:10",1124.8,28.47,"TO"
"7/27/2024 19:20",1124.5,28.44,"TO"
"7/27/2024 19:30",1124.1,28.41,"TO"
"7/27/2024 19:40",1122.9,28.38,"TO"
"7/27/2024 19:50",1122.5,28.35,"TO"
"7/27/2024 20:00",1122.1,28.34,"TO"
"7/27/2024 20:10",1122.5,28.32,"TO"
"7/27/2024 20:20",1121.3,28.29,"TO"
"7/27/2024 20:30",1121.3,28.27,"TO"
"7/27/2024 20:40",1120.5,28.26,"TO"
"7/27/2024 20:50",1120.6,28.24,"TO"
"7/27/2024 21:00",1121.8,28.21,"TO"
"7/27/2024 21:10",1120.2,28.19,"TO"
"7/27/2024 21:20",1119.8,28.17,"TO"
"7/27/2024 21:30",1119.4,28.14,"TO"
"7/27/2024 21:40",1119.4,28.13,"TO"
"7/27/2024 21:50",1121.1,28.12,"TO"
"7/27/2024 22:00",1120.7,28.1,"TO"
"7/27/2024 22:10",1121.2,28.07,"TO"
"7/27/2024 22:20",1120.8,28.05,"TO"
"7/27/2024 22:30",1119.1,28.04,"TO"
"7/27/2024 22:40",1119.1,28.03,"TO"
"7/27/2024 22:50",1117.9,28.01,"TO"
"7/27/2024 23:00",1117.5,28,"TO"
"7/27/2024 23:10",1118,27.97,"TO"
"7/27/2024 23:20",1114.7,27.95,"TO"
"7/27/2024 23:30",1114.7,27.93,"TO"
"7/27/2024 23:40",1114.7,27.93,"TO"
"7/27/2024 23:50",1114.7,27.91,"TO"
"7/28/2024 0:00",1113.1,27.88,"TO"
"7/28/2024 0:10",1110.2,27.86,"TO"
"7/28/2024 0:20",1109,27.84,"TO"
"7/28/2024 0:30",1109,27.82,"TO"
"7/28/2024 0:40",1107.8,27.79,"TO"
"7/28/2024 0:50",1105.7,27.76,"TO"
"7/28/2024 1:00",1104.5,27.75,"TO"
"7/28/2024 1:10",1103.7,27.73,"TO"
"7/28/2024 1:20",1103.7,27.7,"TO"
"7/28/2024 1:30",1103.8,27.68,"TO"
"7/28/2024 1:40",1104.6,27.67,"TO"
"7/28/2024 1:50",1105.9,27.66,"TO"
"7/28/2024 2:00",1107.6,27.63,"TO"
"7/28/2024 2:10",1108,27.62,"TO"
"7/28/2024 2:20",1107.2,27.6,"TO"
"7/28/2024 2:30",1107.6,27.58,"TO"
"7/28/2024 2:40",1107.7,27.56,"TO"
"7/28/2024 2:50",1108.5,27.53,"TO"
"7/28/2024 3:00",1110.2,27.52,"TO"
"7/28/2024 3:10",1112.3,27.52,"TO"
"7/28/2024 3:20",1113.1,27.5,"TO"
"7/28/2024 3:30",1111.9,27.5,"TO"
"7/28/2024 3:40",1087.9,27.39,"TO"
"7/28/2024 3:50",1086.3,27.37,"TO"
"7/28/2024 4:00",1085.9,27.35,"TO"
"7/28/2024 4:10",1089.6,27.35,"TO"
"7/28/2024 4:20",1091.7,27.35,"TO"
"7/28/2024 4:30",1095,27.34,"TO"
"7/28/2024 4:40",1095.9,27.32,"TO"
"7/28/2024 4:50",1095.1,27.28,"TO"
"7/28/2024 5:00",1093.9,27.27,"TO"
"7/28/2024 5:10",1093.9,27.25,"TO"
"7/28/2024 5:20",1092.7,27.23,"TO"
"7/28/2024 5:30",1092.3,27.2,"TO"
"7/28/2024 5:40",1090.6,27.18,"TO"
"7/28/2024 5:50",1088.2,27.15,"TO"
"7/28/2024 6:00",1086.2,27.11,"TO"
"7/28/2024 6:10",1079.1,27.07,"TO"
"7/28/2024 6:20",1079.1,27.07,"TO"
"7/28/2024 6:30",1076.3,27.05,"TO"
"7/28/2024 6:40",1077.5,27.03,"TO"
"7/28/2024 6:50",1077.5,27.02,"TO"
"7/28/2024 7:00",1078.8,27.02,"TO"
"7/28/2024 7:10",1079.2,27.02,"TO"
"7/28/2024 7:20",1081.3,27.02,"TO"
"7/28/2024 7:30",1079.6,27.01,"TO"
"7/28/2024 7:40",1081.3,27.02,"TO"
"7/28/2024 7:50",1081.3,27.02,"TO"
"7/28/2024 8:00",1082.1,27.03,"TO"
"7/28/2024 8:10",1082.9,27.02,"TO"
"7/28/2024 8:20",1082.5,27.05,"TO"
"7/28/2024 8:30",1083.3,27.05,"TO"
"7/28/2024 8:40",1080.8,27.06,"TO"
"7/28/2024 8:50",1080.4,27.05,"TO"
"7/28/2024 9:00",1080.7,27.16,"TO"
"7/28/2024 9:10",1072.1,27.09,"TO"
"7/28/2024 9:20",1075.4,27.1,"TO"
"7/28/2024 9:30",1077.4,27.12,"TO"
"7/28/2024 9:40",1075.8,27.11,"TO"
"7/28/2024 9:50",1071.6,27.11,"TO"
"7/28/2024 10:00",1078.6,27.14,"TO"
"7/28/2024 10:10",1076.6,27.12,"TO"
"7/28/2024 10:20",1079.9,27.14,"TO"
"7/28/2024 10:30",1080.6,27.25,"TO"
"7/28/2024 10:40",1078.9,27.26,"TO"
"7/28/2024 10:50",1075.9,27.37,"TO"
"7/28/2024 11:00",1076.4,27.32,"TO"
"7/28/2024 11:10",1076.4,27.31,"TO"
"7/28/2024 11:20",1078.8,27.36,"TO"
"7/28/2024 11:30",1077.5,27.37,"TO"
"7/28/2024 11:40",1077.4,27.45,"TO"
"7/28/2024 11:50",1078.2,27.49,"TO"
"7/28/2024 12:00",1078.7,27.49,"TO"
"7/28/2024 12:10",1078.6,27.54,"TO"
"7/28/2024 12:20",1078.6,27.57,"TO"
"7/28/2024 12:30",1078.9,27.59,"TO"
"7/28/2024 12:40",1081,27.63,"TO"
"7/28/2024 12:50",1081.3,27.67,"TO"
"7/28/2024 13:00",1084.2,27.74,"TO"
"7/28/2024 13:10",1085.4,27.77,"TO"
"7/28/2024 13:20",1085,27.76,"TO"
"7/28/2024 13:30",1086.2,27.79,"TO"
"7/28/2024 13:40",1087.8,27.84,"TO"
"7/28/2024 13:50",1089,27.88,"TO"
"7/28/2024 14:00",1089,27.91,"TO"
"7/28/2024 14:10",1090.2,27.92,"TO"
"7/28/2024 14:20",1090.9,27.99,"TO"
"7/28/2024 14:30",1091.7,28.02,"TO"
"7/28/2024 14:40",1092.5,28.05,"TO"
"7/28/2024 14:50",1092.9,28.08,"TO"
"7/28/2024 15:00",1093.7,28.11,"TO"
"7/28/2024 15:10",1093.7,28.11,"TO"
"7/28/2024 15:20",1094.5,28.12,"TO"
"7/28/2024 15:30",1094.1,28.14,"TO"
"7/28/2024 15:40",1094.1,28.13,"TO"
"7/28/2024 15:50",1093.2,28.14,"TO"
"7/28/2024 16:00",1093.7,28.14,"TO"
"7/28/2024 16:10",1093.6,28.16,"TO"
"7/28/2024 16:20",1093.3,28.13,"TO"
"7/28/2024 16:30",1092.4,28.12,"TO"
"7/28/2024 16:40",1094.5,28.12,"TO"
"7/28/2024 16:50",1094.5,28.12,"TO"
"7/28/2024 17:00",1093.7,28.09,"TO"
"7/28/2024 17:10",1093.8,28.05,"TO"
"7/28/2024 17:20",1093,28.01,"TO"
"7/28/2024 17:30",1092.6,27.99,"TO"
"7/28/2024 17:40",1091.8,27.97,"TO"
"7/28/2024 17:50",1091.8,27.95,"TO"
"7/28/2024 18:00",1091,27.93,"TO"
"7/28/2024 18:10",1090.2,27.91,"TO"
"7/28/2024 18:20",1091,27.91,"TO"
"7/28/2024 18:30",1090.7,27.87,"TO"
"7/28/2024 18:40",1089.9,27.85,"TO"
"7/28/2024 18:50",1089.5,27.83,"TO"
"7/28/2024 19:00",1089.9,27.82,"TO"
"7/28/2024 19:10",1089.9,27.79,"TO"
"7/28/2024 19:20",1091.2,27.77,"TO"
"7/28/2024 19:30",1090.8,27.75,"TO"
"7/28/2024 19:40",1090.8,27.73,"TO"
"7/28/2024 19:50",1090.4,27.7,"TO"
"7/28/2024 20:00",1090,27.69,"TO"
"7/28/2024 20:10",1088.4,27.67,"TO"
"7/28/2024 20:20",1088.4,27.65,"TO"
"7/28/2024 20:30",1086.8,27.61,"TO"
"7/28/2024 20:40",1086,27.58,"TO"
"7/28/2024 20:50",1085.2,27.57,"TO"
"7/28/2024 21:00",1084.8,27.54,"TO"
"7/28/2024 21:10",1084.4,27.52,"TO"
"7/28/2024 21:20",1083.6,27.5,"TO"
"7/28/2024 21:30",1083.2,27.48,"TO"
"7/28/2024 21:40",1083.7,27.45,"TO"
"7/28/2024 21:50",1082,27.43,"TO"
"7/28/2024 22:00",1083.7,27.42,"TO"
"7/28/2024 22:10",1083.3,27.41,"TO"
"7/28/2024 22:20",1082.9,27.4,"TO"
"7/28/2024 22:30",1083.8,27.37,"TO"
"7/28/2024 22:40",1083,27.35,"TO"
"7/28/2024 22:50",1083.8,27.34,"TO"
"7/28/2024 23:00",1083,27.33,"TO"
"7/28/2024 23:10",1084.3,27.31,"TO"
"7/28/2024 23:20",1084.3,27.29,"TO"
"7/28/2024 23:30",1085.1,27.28,"TO"
"7/28/2024 23:40",1086.4,27.28,"TO"
"7/28/2024 23:50",1086,27.26,"TO"
"7/29/2024 0:00",1086.4,27.24,"TO"
"7/29/2024 0:10",1086.4,27.23,"TO"
"7/29/2024 0:20",1085.6,27.2,"TO"
"7/29/2024 0:30",1086.5,27.19,"TO"
"7/29/2024 0:40",1086.1,27.17,"TO"
"7/29/2024 0:50",1085.3,27.16,"TO"
"7/29/2024 1:00",1085.3,27.14,"TO"
"7/29/2024 1:10",1085.7,27.12,"TO"
"7/29/2024 1:20",1086.2,27.11,"TO"
"7/29/2024 1:30",1086.6,27.09,"TO"
"7/29/2024 1:40",1086.6,27.07,"TO"
"7/29/2024 1:50",1086.6,27.06,"TO"
"7/29/2024 2:00",1086.2,27.06,"TO"
"7/29/2024 2:10",1086.2,27.05,"TO"
"7/29/2024 2:20",1086.2,27.03,"TO"
"7/29/2024 2:30",1086.7,27.02,"TO"
"7/29/2024 2:40",1085.5,27,"TO"
"7/29/2024 2:50",1085.1,26.98,"TO"
"7/29/2024 3:00",1084.7,26.97,"TO"
"7/29/2024 3:10",1084.3,26.94,"TO"
"7/29/2024 3:20",1084.3,26.92,"TO"
"7/29/2024 3:30",1083.5,26.91,"TO"
"7/29/2024 3:40",1083.9,26.9,"TO"
"7/29/2024 3:50",1083.5,26.88,"TO"
"7/29/2024 4:00",1083.5,26.85,"TO"
"7/29/2024 4:10",1083.2,26.83,"TO"
"7/29/2024 4:20",1083.2,26.82,"TO"
"7/29/2024 4:30",1082.3,26.82,"TO"
"7/29/2024 4:40",1082.4,26.81,"TO"
"7/29/2024 4:50",1082.4,26.78,"TO"
"7/29/2024 5:00",1082.4,26.76,"TO"
"7/29/2024 5:10",1081.6,26.74,"TO"
"7/29/2024 5:20",1081.2,26.73,"TO"
"7/29/2024 5:30",1080.8,26.71,"TO"
"7/29/2024 5:40",1081.3,26.68,"TO"
"7/29/2024 5:50",1080.4,26.67,"TO"
"7/29/2024 6:00",1079.2,26.63,"TO"
"7/29/2024 6:10",1079.3,26.61,"TO"
"7/29/2024 6:20",1078.9,26.59,"TO"
"7/29/2024 6:30",1078.9,26.57,"TO"
"7/29/2024 6:40",1080.1,26.57,"TO"
"7/29/2024 6:50",1081,26.57,"TO"
"7/29/2024 7:00",1082.6,26.58,"TO"
"7/29/2024 7:10",1082.6,26.58,"TO"
"7/29/2024 7:20",1083,26.58,"TO"
"7/29/2024 7:30",1083.9,26.58,"TO"
"7/29/2024 7:40",1084.3,26.59,"TO"
"7/29/2024 7:50",1084.7,26.6,"TO"
"7/29/2024 8:00",1084.6,26.63,"TO"
"7/29/2024 8:10",1083.8,26.61,"TO"
"7/29/2024 8:20",1084.6,26.64,"TO"
"7/29/2024 8:30",1085.9,26.66,"TO"
"7/29/2024 8:40",1086.2,26.68,"TO"
"7/29/2024 8:50",1086.6,26.69,"TO"
"7/29/2024 9:00",1088.9,26.86,"TO"
"7/29/2024 9:10",1087,26.75,"TO"
"7/29/2024 9:20",1084.9,26.75,"TO"
"7/29/2024 9:30",1086.1,26.81,"TO"
"7/29/2024 9:40",1086.9,26.8,"TO"
"7/29/2024 9:50",1086.9,26.81,"TO"
"7/29/2024 10:00",1088.9,26.86,"TO"
"7/29/2024 10:10",1086.9,26.82,"TO"
"7/29/2024 10:20",1087.3,26.81,"TO"
"7/29/2024 10:30",1088.6,26.83,"TO"
"7/29/2024 10:40",1089.7,26.89,"TO"
"7/29/2024 10:50",1086.9,26.86,"TO"
"7/29/2024 11:00",1086.8,26.91,"TO"
"7/29/2024 11:10",1086.8,26.91,"TO"
"7/29/2024 11:20",1088,26.95,"TO"
"7/29/2024 11:30",1087.9,27,"TO"
"7/29/2024 11:40",1087.9,27,"TO"
"7/29/2024 11:50",1087.9,27.02,"TO"
"7/29/2024 12:00",1087.9,27.03,"TO"
"7/29/2024 12:10",1089.1,27.05,"TO"
"7/29/2024 12:20",1089.9,27.07,"TO"
"7/29/2024 12:30",1089.1,27.09,"TO"
"7/29/2024 12:40",1089.1,27.09,"TO"
"7/29/2024 12:50",1089.5,27.12,"TO"
"7/29/2024 13:00",1091.1,27.14,"TO"
"7/29/2024 13:10",1090.3,27.15,"TO"
"7/29/2024 13:20",1090.3,27.16,"TO"
"7/29/2024 13:30",1091,27.19,"TO"
"7/29/2024 13:40",1091,27.19,"TO"
"7/29/2024 13:50",1091.5,27.18,"TO"
"7/29/2024 14:00",1092.3,27.23,"TO"
"7/29/2024 14:10",1092.2,27.24,"TO"
"7/29/2024 14:20",1092.2,27.25,"TO"
"7/29/2024 14:30",1093.5,27.23,"TO"
"7/29/2024 14:40",1094.3,27.28,"TO"
"7/29/2024 14:50",1095.9,27.29,"TO"
"7/29/2024 15:00",1095.9,27.31,"TO"
"7/29/2024 15:10",1095.9,27.32,"TO"
"7/29/2024 15:20",1095.9,27.32,"TO"
"7/29/2024 15:30",1095.9,27.32,"TO"
"7/29/2024 15:40",1096.7,27.33,"TO"
"7/29/2024 15:50",1096.7,27.32,"TO"
"7/29/2024 16:00",1096.7,27.33,"TO"
"7/29/2024 16:10",1096.7,27.32,"TO"
"7/29/2024 16:20",1096.7,27.32,"TO"
"7/29/2024 16:30",1096.3,27.29,"TO"
"7/29/2024 16:40",1096.7,27.31,"TO"
"7/29/2024 16:50",1096.8,27.28,"TO"
"7/29/2024 17:00",1096.7,27.29,"TO"
"7/29/2024 17:10",1096.8,27.28,"TO"
"7/29/2024 17:20",1096.7,27.29,"TO"
"7/29/2024 17:30",1096.7,27.29,"TO"
"7/29/2024 17:40",1097.2,27.29,"TO"
"7/29/2024 17:50",1096.8,27.28,"TO"
"7/29/2024 18:00",1096.4,27.26,"TO"
"7/29/2024 18:10",1095.2,27.23,"TO"
"7/29/2024 18:20",1094.7,27.23,"TO"
"7/29/2024 18:30",1093.5,27.2,"TO"
"7/29/2024 18:40",1093.6,27.18,"TO"
"7/29/2024 18:50",1092.7,27.16,"TO"
"7/29/2024 19:00",1092.4,27.14,"TO"
"7/29/2024 19:10",1092.4,27.11,"TO"
"7/29/2024 19:20",1091.6,27.09,"TO"
"7/29/2024 19:30",1091.2,27.07,"TO"
"7/29/2024 19:40",1091.2,27.06,"TO"
"7/29/2024 19:50",1091.2,27.03,"TO"
"7/29/2024 20:00",1090.8,27.01,"TO"
"7/29/2024 20:10",1090.4,27.01,"TO"
"7/29/2024 20:20",1090.5,26.98,"TO"
"7/29/2024 20:30",1090.5,26.97,"TO"
"7/29/2024 20:40",1090.1,26.93,"TO"
"7/29/2024 20:50",1089.7,26.92,"TO"
"7/29/2024 21:00",1089.3,26.91,"TO"
"7/29/2024 21:10",1089.3,26.89,"TO"
"7/29/2024 21:20",1089.4,26.86,"TO"
"7/29/2024 21:30",1090.6,26.85,"TO"
"7/29/2024 21:40",1091,26.85,"TO"
"7/29/2024 21:50",1091.5,26.83,"TO"
"7/29/2024 22:00",1091.9,26.82,"TO"
"7/29/2024 22:10",1091.9,26.82,"TO"
"7/29/2024 22:20",1091.9,26.8,"TO"
"7/29/2024 22:30",1092.8,26.78,"TO"
"7/29/2024 22:40",1092.4,26.76,"TO"
"7/29/2024 22:50",1092.4,26.76,"TO"
"7/29/2024 23:00",1091.6,26.73,"TO"
"7/29/2024 23:10",1091.2,26.73,"TO"
"7/29/2024 23:20",1090.8,26.71,"TO"
"7/29/2024 23:30",1090.8,26.71,"TO"
"7/29/2024 23:40",1090.8,26.69,"TO"
"7/29/2024 23:50",1090.8,26.67,"TO"
"7/30/2024 0:00",1090.4,26.65,"TO"
"7/30/2024 0:10",1090,26.64,"TO"
"7/30/2024 0:20",1090.9,26.63,"TO"
"7/30/2024 0:30",1090.5,26.61,"TO"
"7/30/2024 0:40",1090.9,26.6,"TO"
"7/30/2024 0:50",1091.3,26.59,"TO"
"7/30/2024 1:00",1090.9,26.58,"TO"
"7/30/2024 1:10",1090.1,26.57,"TO"
"7/30/2024 1:20",1090.6,26.55,"TO"
"7/30/2024 1:30",1091,26.54,"TO"
"7/30/2024 1:40",1090.2,26.52,"TO"
"7/30/2024 1:50",1089.8,26.51,"TO"
"7/30/2024 2:00",1089.4,26.5,"TO"
"7/30/2024 2:10",1088.6,26.48,"TO"
"7/30/2024 2:20",1088.2,26.47,"TO"
"7/30/2024 2:30",1087.8,26.44,"TO"
"7/30/2024 2:40",1088.2,26.43,"TO"
"7/30/2024 2:50",1087,26.42,"TO"
"7/30/2024 3:00",1087.4,26.41,"TO"
"7/30/2024 3:10",1086.6,26.39,"TO"
"7/30/2024 3:20",1085.8,26.38,"TO"
"7/30/2024 3:30",1086.2,26.37,"TO"
"7/30/2024 3:40",1085.8,26.34,"TO"
"7/30/2024 3:50",1085,26.33,"TO"
"7/30/2024 4:00",1084.2,26.31,"TO"
"7/30/2024 4:10",1085.4,26.3,"TO"
"7/30/2024 4:20",1084.6,26.29,"TO"
"7/30/2024 4:30",1085.5,26.29,"TO"
"7/30/2024 4:40",1084.2,26.26,"TO"
"7/30/2024 4:50",1084.3,26.25,"TO"
"7/30/2024 5:00",1084.3,26.24,"TO"
"7/30/2024 5:10",1084.3,26.23,"TO"
"7/30/2024 5:20",1084.3,26.21,"TO"
"7/30/2024 5:30",1083.9,26.2,"TO"
"7/30/2024 5:40",1083.5,26.17,"TO"
"7/30/2024 5:50",1083.5,26.16,"TO"
"7/30/2024 6:00",1083.5,26.15,"TO"
"7/30/2024 6:10",1083.6,26.14,"TO"
"7/30/2024 6:20",1083.6,26.13,"TO"
"7/30/2024 6:30",1083.2,26.12,"TO"
"7/30/2024 6:40",1083.2,26.12,"TO"
"7/30/2024 6:50",1083.6,26.13,"TO"
"7/30/2024 7:00",1083.6,26.13,"TO"
"7/30/2024 7:10",1083.1,26.14,"TO"
"7/30/2024 7:20",1084,26.14,"TO"
"7/30/2024 7:30",1084.4,26.15,"TO"
"7/30/2024 7:40",1083.5,26.16,"TO"
"7/30/2024 7:50",1083.9,26.17,"TO"
"7/30/2024 8:00",1084.3,26.2,"TO"
"7/30/2024 8:10",1084.7,26.21,"TO"
"7/30/2024 8:20",1084.7,26.23,"TO"
"7/30/2024 8:30",1084.7,26.24,"TO"
"7/30/2024 8:40",1085.5,26.25,"TO"
"7/30/2024 8:50",1085.5,26.29,"TO"
"7/30/2024 9:00",1086.2,26.35,"TO"
"7/30/2024 9:10",1086.3,26.32,"TO"
"7/30/2024 9:20",1086.7,26.33,"TO"
"7/30/2024 9:30",1087.8,26.46,"TO"
"7/30/2024 9:40",1086.5,26.44,"TO"
"7/30/2024 9:50",1086.2,26.4,"TO"
"7/30/2024 10:00",1087.3,26.46,"TO"
"7/30/2024 10:10",1086.5,26.44,"TO"
"7/30/2024 10:20",1086.5,26.46,"TO"
"7/30/2024 10:30",1087.3,26.5,"TO"
"7/30/2024 10:40",1091.7,26.67,"TO"
"7/30/2024 10:50",1090.9,26.59,"TO"
"7/30/2024 11:00",1090.1,26.58,"TO"
"7/30/2024 11:10",1090.5,26.59,"TO"
"7/30/2024 11:20",1090.5,26.64,"TO"
"7/30/2024 11:30",1091.6,26.68,"TO"
"7/30/2024 11:40",1095.2,26.83,"TO"
"7/30/2024 11:50",1095.7,26.78,"TO"
"7/30/2024 12:00",1095.7,26.81,"TO"
"7/30/2024 12:10",1097.3,26.85,"TO"
"7/30/2024 12:20",1098.4,26.91,"TO"
"7/30/2024 12:30",1098.8,26.93,"TO"
"7/30/2024 12:40",1098.8,26.97,"TO"
"7/30/2024 12:50",1099.9,27.05,"TO"
"7/30/2024 13:00",1101.9,27.12,"TO"
"7/30/2024 13:10",1102.7,27.16,"TO"
"7/30/2024 13:20",1104.7,27.24,"TO"
"7/30/2024 13:30",1104.7,27.24,"TO"
"7/30/2024 13:40",1106.3,27.26,"TO"
"7/30/2024 13:50",1107.5,27.31,"TO"
"7/30/2024 14:00",1106.7,27.32,"TO"
"7/30/2024 14:10",1107.5,27.35,"TO"
"7/30/2024 14:20",1108.3,27.39,"TO"
"7/30/2024 14:30",1108.3,27.4,"TO"
"7/30/2024 14:40",1109.1,27.4,"TO"
"7/30/2024 14:50",1109.5,27.41,"TO"
"7/30/2024 15:00",1110.7,27.41,"TO"
"7/30/2024 15:10",1111.5,27.45,"TO"
"7/30/2024 15:20",1111.5,27.45,"TO"
"7/30/2024 15:30",1111.9,27.45,"TO"
"7/30/2024 15:40",1113.2,27.45,"TO"
"7/30/2024 15:50",1112.4,27.44,"TO"
"7/30/2024 16:00",1113.3,27.39,"TO"
"7/30/2024 16:10",1113.6,27.42,"TO"
"7/30/2024 16:20",1113.7,27.4,"TO"
"7/30/2024 16:30",1114.1,27.41,"TO"
"7/30/2024 16:40",1113.6,27.43,"TO"
"7/30/2024 16:50",1113.2,27.43,"TO"
"7/30/2024 17:00",1113.2,27.43,"TO"
"7/30/2024 17:10",1114.1,27.4,"TO"
"7/30/2024 17:20",1113.7,27.4,"TO"
"7/30/2024 17:30",1113.3,27.4,"TO"
"7/30/2024 17:40",1114.1,27.39,"TO"
"7/30/2024 17:50",1112.1,27.35,"TO"
"7/30/2024 18:00",1112.5,27.35,"TO"
"7/30/2024 18:10",1112.5,27.33,"TO"
"7/30/2024 18:20",1111.3,27.32,"TO"
"7/30/2024 18:30",1110.9,27.29,"TO"
"7/30/2024 18:40",1110.9,27.28,"TO"
"7/30/2024 18:50",1110.5,27.27,"TO"
"7/30/2024 19:00",1110.9,27.26,"TO"
"7/30/2024 19:10",1111.8,27.25,"TO"
"7/30/2024 19:20",1111,27.23,"TO"
"7/30/2024 19:30",1111,27.22,"TO"
"7/30/2024 19:40",1110.6,27.2,"TO"
"7/30/2024 19:50",1109.8,27.19,"TO"
"7/30/2024 20:00",1110.2,27.18,"TO"
"7/30/2024 20:10",1110.6,27.17,"TO"
"7/30/2024 20:20",1111,27.16,"TO"
"7/30/2024 20:30",1109.8,27.12,"TO"
"7/30/2024 20:40",1109.4,27.11,"TO"
"7/30/2024 20:50",1110.7,27.1,"TO"
"7/30/2024 21:00",1109.9,27.08,"TO"
"7/30/2024 21:10",1109.9,27.08,"TO"
"7/30/2024 21:20",1109.9,27.07,"TO"
"7/30/2024 21:30",1109.1,27.05,"TO"
"7/30/2024 21:40",1108.7,27.03,"TO"
"7/30/2024 21:50",1106.6,27.01,"TO"
"7/30/2024 22:00",1106.6,27.01,"TO"
"7/30/2024 22:10",1106.7,27,"TO"
"7/30/2024 22:20",1106.7,26.99,"TO"
"7/30/2024 22:30",1107.1,26.99,"TO"
"7/30/2024 22:40",1106.7,26.95,"TO"
"7/30/2024 22:50",1105.9,26.94,"TO"
"7/30/2024 23:00",1107.6,26.93,"TO"
"7/30/2024 23:10",1108,26.92,"TO"
"7/30/2024 23:20",1106.8,26.91,"TO"
"7/30/2024 23:30",1106.8,26.9,"TO"
"7/30/2024 23:40",1106,26.89,"TO"
"7/30/2024 23:50",1106.8,26.86,"TO"
"7/31/2024 0:00",1106,26.84,"TO"
"7/31/2024 0:10",1105.6,26.83,"TO"
"7/31/2024 0:20",1105.6,26.82,"TO"
"7/31/2024 0:30",1104.8,26.81,"TO"
"7/31/2024 0:40",1105.7,26.78,"TO"
"7/31/2024 0:50",1102.4,26.76,"TO"
"7/31/2024 1:00",1102.4,26.75,"TO"
"7/31/2024 1:10",1103.2,26.74,"TO"
"7/31/2024 1:20",1103.3,26.72,"TO"
"7/31/2024 1:30",1103.3,26.71,"TO"
"7/31/2024 1:40",1103.3,26.68,"TO"
"7/31/2024 1:50",1102.9,26.67,"TO"
"7/31/2024 2:00",1103.7,26.66,"TO"
"7/31/2024 2:10",1104.6,26.66,"TO"
"7/31/2024 2:20",1104.6,26.64,"TO"
"7/31/2024 2:30",1104.6,26.63,"TO"
"7/31/2024 2:40",1104.6,26.63,"TO"
"7/31/2024 2:50",1105.9,26.61,"TO"
"7/31/2024 3:00",1105.9,26.61,"TO"
"7/31/2024 3:10",1106.7,26.6,"TO"
"7/31/2024 3:20",1106.7,26.59,"TO"
"7/31/2024 3:30",1105.9,26.58,"TO"
"7/31/2024 3:40",1106.3,26.57,"TO"
"7/31/2024 3:50",1107.2,26.55,"TO"
"7/31/2024 4:00",1106,26.54,"TO"
"7/31/2024 4:10",1106,26.52,"TO"
"7/31/2024 4:20",1105.6,26.51,"TO"
"7/31/2024 4:30",1106,26.5,"TO"
"7/31/2024 4:40",1105.6,26.5,"TO"
"7/31/2024 4:50",1106.4,26.5,"TO"
"7/31/2024 5:00",1106.4,26.49,"TO"
"7/31/2024 5:10",1106.9,26.49,"TO"
"7/31/2024 5:20",1106.5,26.47,"TO"
"7/31/2024 5:30",1104.8,26.46,"TO"
"7/31/2024 5:40",1104.8,26.44,"TO"
"7/31/2024 5:50",1104.9,26.42,"TO"
"7/31/2024 6:00",1104.5,26.4,"TO"
"7/31/2024 6:10",1104.5,26.38,"TO"
"7/31/2024 6:20",1103.2,26.38,"TO"
"7/31/2024 6:30",1103.3,26.37,"TO"
"7/31/2024 6:40",1102.8,26.37,"TO"
"7/31/2024 6:50",1103.7,26.35,"TO"
"7/31/2024 7:00",1103.3,26.34,"TO"
"7/31/2024 7:10",1102.9,26.35,"TO"
"7/31/2024 7:20",1102.8,26.37,"TO"
"7/31/2024 7:30",1103.7,26.38,"TO"
"7/31/2024 7:40",1104.5,26.4,"TO"
"7/31/2024 7:50",1104.9,26.41,"TO"
"7/31/2024 8:00",1104.8,26.43,"TO"
"7/31/2024 8:10",1106.1,26.46,"TO"
"7/31/2024 8:20",1105.7,26.44,"TO"
"7/31/2024 8:30",1106.1,26.44,"TO"
"7/31/2024 8:40",1106.1,26.44,"TO"
"7/31/2024 8:50",1106.1,26.44,"TO"
"7/31/2024 9:00",1106.1,26.43,"TO"
"7/31/2024 9:10",1105.3,26.43,"TO"
"7/31/2024 9:20",1106.1,26.43,"TO"
"7/31/2024 9:30",1106.1,26.43,"TO"
"7/31/2024 9:40",1106.5,26.43,"TO"
"7/31/2024 9:50",1106.5,26.46,"TO"
"7/31/2024 10:00",1106,26.47,"TO"
"7/31/2024 10:10",1106.4,26.51,"TO"
"7/31/2024 10:20",1106,26.55,"TO"
"7/31/2024 10:30",1106.3,26.58,"TO"
"7/31/2024 10:40",1107.9,26.67,"TO"
"7/31/2024 10:50",1109.5,26.73,"TO"
"7/31/2024 11:00",1108.3,26.66,"TO"
"7/31/2024 11:10",1109.1,26.67,"TO"
"7/31/2024 11:20",1107.9,26.69,"TO"
"7/31/2024 11:30",1108.3,26.69,"TO"
"7/31/2024 11:40",1108.7,26.72,"TO"
"7/31/2024 11:50",1109.4,26.76,"TO"
"7/31/2024 12:00",1110.6,26.82,"TO"
"7/31/2024 12:10",1112.7,26.85,"TO"
"7/31/2024 12:20",1112.6,26.91,"TO"
"7/31/2024 12:30",1113.8,26.94,"TO"
"7/31/2024 12:40",1112.5,26.97,"TO"
"7/31/2024 12:50",1115,27.01,"TO"
"7/31/2024 13:00",1115.7,27.08,"TO"
"7/31/2024 13:10",1116.5,27.1,"TO"
"7/31/2024 13:20",1119,27.15,"TO"
"7/31/2024 13:30",1118.5,27.2,"TO"
"7/31/2024 13:40",1120.5,27.23,"TO"
"7/31/2024 13:50",1121.3,27.31,"TO"
"7/31/2024 14:00",1122.9,27.35,"TO"
"7/31/2024 14:10",1123.6,27.42,"TO"
"7/31/2024 14:20",1124.8,27.48,"TO"
"7/31/2024 14:30",1124.8,27.5,"TO"
"7/31/2024 14:40",1126,27.54,"TO"
"7/31/2024 14:50",1127.6,27.57,"TO"
"7/31/2024 15:00",1127.6,27.6,"TO"
"7/31/2024 15:10",1128.8,27.61,"TO"
"7/31/2024 15:20",1129.2,27.62,"TO"
"7/31/2024 15:30",1128.8,27.61,"TO"
"7/31/2024 15:40",1129.2,27.63,"TO"
"7/31/2024 15:50",1128.4,27.62,"TO"
"7/31/2024 16:00",1129.2,27.63,"TO"
"7/31/2024 16:10",1128.8,27.62,"TO"
"7/31/2024 16:20",1129.2,27.62,"TO"
"7/31/2024 16:30",1128.8,27.59,"TO"
"7/31/2024 16:40",1127.6,27.57,"TO"
"7/31/2024 16:50",1127.6,27.56,"TO"
"7/31/2024 17:00",1126,27.52,"TO"
"7/31/2024 17:10",1126,27.49,"TO"
"7/31/2024 17:20",1126.5,27.49,"TO"
"7/31/2024 17:30",1126.5,27.49,"TO"
"7/31/2024 17:40",1126.5,27.46,"TO"
"7/31/2024 17:50",1126.1,27.44,"TO"
"7/31/2024 18:00",1126.1,27.41,"TO"
"7/31/2024 18:10",1126.2,27.39,"TO"
"7/31/2024 18:20",1126.2,27.37,"TO"
"7/31/2024 18:30",1125.8,27.35,"TO"
"7/31/2024 18:40",1125.4,27.34,"TO"
"7/31/2024 18:50",1125.4,27.33,"TO"
"7/31/2024 19:00",1125,27.31,"TO"
"7/31/2024 19:10",1125,27.28,"TO"
"7/31/2024 19:20",1125.1,27.26,"TO"
"7/31/2024 19:30",1125.1,27.25,"TO"
"7/31/2024 19:40",1125.1,27.23,"TO"
"7/31/2024 19:50",1124.7,27.2,"TO"
"7/31/2024 20:00",1124.8,27.18,"TO"
"7/31/2024 20:10",1125.2,27.17,"TO"
"7/31/2024 20:20",1125.6,27.16,"TO"
"7/31/2024 20:30",1125.2,27.14,"TO"
"7/31/2024 20:40",1124.8,27.11,"TO"
"7/31/2024 20:50",1124.4,27.09,"TO"
"7/31/2024 21:00",1124.9,27.08,"TO"
"7/31/2024 21:10",1124.9,27.07,"TO"
"7/31/2024 21:20",1124.9,27.06,"TO"
"7/31/2024 21:30",1126.6,27.05,"TO"
"7/31/2024 21:40",1126.2,27.03,"TO"
"7/31/2024 21:50",1121.2,27.01,"TO"
"7/31/2024 22:00",1122,27.01,"TO"
"7/31/2024 22:10",1120.8,26.99,"TO"
"7/31/2024 22:20",1120.8,26.98,"TO"
"7/31/2024 22:30",1121.3,26.94,"TO"
"7/31/2024 22:40",1121.7,26.93,"TO"
"7/31/2024 22:50",1121.3,26.92,"TO"
"7/31/2024 23:00",1121.3,26.91,"TO"
"7/31/2024 23:10",1121.8,26.9,"TO"
"7/31/2024 23:20",1121.4,26.88,"TO"
"7/31/2024 23:30",1121,26.86,"TO"
"7/31/2024 23:40",1121,26.85,"TO"
"7/31/2024 23:50",1121,26.84,"TO"
"8/1/2024 0:00",1121.8,26.84,"TO"
"8/1/2024 0:10",1122.3,26.82,"TO"
"8/1/2024 0:20",1121,26.81,"TO"
"8/1/2024 0:30",1118.6,26.8,"TO"
"8/1/2024 0:40",1117.3,26.78,"TO"
"8/1/2024 0:50",1117.8,26.77,"TO"
"8/1/2024 1:00",1118.2,26.77,"TO"
"8/1/2024 1:10",1117.3,26.76,"TO"
"8/1/2024 1:20",1116.9,26.76,"TO"
"8/1/2024 1:30",1115.3,26.74,"TO"
"8/1/2024 1:40",1113.3,26.71,"TO"
"8/1/2024 1:50",1108.7,26.68,"TO"
"8/1/2024 2:00",1103.3,26.66,"TO"
"8/1/2024 2:10",1101.3,26.61,"TO"
"8/1/2024 2:20",1097.2,26.57,"TO"
"8/1/2024 2:30",1085.2,26.52,"TO"
"8/1/2024 2:40",1086,26.52,"TO"
"8/1/2024 2:50",1089.3,26.52,"TO"
"8/1/2024 3:00",1091.4,26.52,"TO"
"8/1/2024 3:10",1093.5,26.51,"TO"
"8/1/2024 3:20",1094.4,26.5,"TO"
"8/1/2024 3:30",1094.8,26.48,"TO"
"8/1/2024 3:40",1094.4,26.46,"TO"
"8/1/2024 3:50",1093.2,26.43,"TO"
"8/1/2024 4:00",1092,26.41,"TO"
"8/1/2024 4:10",1092,26.4,"TO"
"8/1/2024 4:20",1092,26.39,"TO"
"8/1/2024 4:30",1092.4,26.39,"TO"
"8/1/2024 4:40",1092,26.38,"TO"
"8/1/2024 4:50",1092,26.35,"TO"
"8/1/2024 5:00",1091.2,26.35,"TO"
"8/1/2024 5:10",1090.8,26.33,"TO"
"8/1/2024 5:20",1090.8,26.33,"TO"
"8/1/2024 5:30",1091.3,26.3,"TO"
"8/1/2024 5:40",1090.4,26.29,"TO"
"8/1/2024 5:50",1090,26.27,"TO"
"8/1/2024 6:00",1089.2,26.25,"TO"
"8/1/2024 6:10",1088.4,26.24,"TO"
"8/1/2024 6:20",1088,26.22,"TO"
"8/1/2024 6:30",1087.6,26.21,"TO"
"8/1/2024 6:40",1087.6,26.21,"TO"
"8/1/2024 6:50",1088.4,26.22,"TO"
"8/1/2024 7:00",1088.9,26.21,"TO"
"8/1/2024 7:10",1088.9,26.2,"TO"
"8/1/2024 7:20",1087.6,26.2,"TO"
"8/1/2024 7:30",1087.2,26.2,"TO"
"8/1/2024 7:40",1087.6,26.2,"TO"
"8/1/2024 7:50",1088.5,26.21,"TO"
"8/1/2024 8:00",1088.9,26.22,"TO"
"8/1/2024 8:10",1089.7,26.23,"TO"
"8/1/2024 8:20",1090.1,26.26,"TO"
"8/1/2024 8:30",1089.6,26.26,"TO"
"8/1/2024 8:40",1090,26.27,"TO"
"8/1/2024 8:50",1090,26.32,"TO"
"8/1/2024 9:00",1090.7,26.41,"TO"
"8/1/2024 9:10",1090.4,26.37,"TO"
"8/1/2024 9:20",1089.1,26.34,"TO"
"8/1/2024 9:30",1090,26.34,"TO"
"8/1/2024 9:40",1090.8,26.35,"TO"
"8/1/2024 9:50",1090.7,26.39,"TO"
"8/1/2024 10:00",1090.3,26.41,"TO"
"8/1/2024 10:10",1091.5,26.42,"TO"
"8/1/2024 10:20",1091.9,26.46,"TO"
"8/1/2024 10:30",1091.4,26.5,"TO"
"8/1/2024 10:40",1092.7,26.52,"TO"
"8/1/2024 10:50",1093.8,26.65,"TO"
"8/1/2024 11:00",1091.3,26.59,"TO"
"8/1/2024 11:10",1090.9,26.58,"TO"
"8/1/2024 11:20",1090.9,26.64,"TO"
"8/1/2024 11:30",1092.5,26.69,"TO"
"8/1/2024 11:40",1092.9,26.71,"TO"
"8/1/2024 11:50",1094.1,26.75,"TO"
"8/1/2024 12:00",1094.4,26.77,"TO"
"8/1/2024 12:10",1094,26.81,"TO"
"8/1/2024 12:20",1096,26.84,"TO"
"8/1/2024 12:30",1095.6,26.84,"TO"
"8/1/2024 12:40",1098,26.92,"TO"
"8/1/2024 12:50",1098.4,26.97,"TO"
"8/1/2024 13:00",1099.1,27.03,"TO"
"8/1/2024 13:10",1100.8,27.06,"TO"
"8/1/2024 13:20",1100.3,27.08,"TO"
"8/1/2024 13:30",1099.5,27.09,"TO"
"8/1/2024 13:40",1100.3,27.12,"TO"
"8/1/2024 13:50",1101.5,27.17,"TO"
"8/1/2024 14:00",1102.7,27.2,"TO"
"8/1/2024 14:10",1103.9,27.25,"TO"
"8/1/2024 14:20",1103.4,27.27,"TO"
"8/1/2024 14:30",1105,27.32,"TO"
"8/1/2024 14:40",1106.2,27.35,"TO"
"8/1/2024 14:50",1106.2,27.36,"TO"
"8/1/2024 15:00",1107,27.39,"TO"
"8/1/2024 15:10",1107.4,27.4,"TO"
"8/1/2024 15:20",1107,27.4,"TO"
"8/1/2024 15:30",1074.8,27.26,"TO"
"8/1/2024 15:40",1060.2,27.26,"TO"
"8/1/2024 15:50",1057.3,27.26,"TO"
"8/1/2024 16:00",1060.7,27.24,"TO"
"8/1/2024 16:10",1065.7,27.23,"TO"
"8/1/2024 16:20",1067.8,27.22,"TO"
"8/1/2024 16:30",1064.5,27.19,"TO"
"8/1/2024 16:40",1064.5,27.19,"TO"
"8/1/2024 16:50",1064.5,27.18,"TO"
"8/1/2024 17:00",1065.7,27.16,"TO"
"8/1/2024 17:10",1064.9,27.14,"TO"
"8/1/2024 17:20",1065.4,27.14,"TO"
"8/1/2024 17:30",1065.8,27.11,"TO"
"8/1/2024 17:40",1067.9,27.09,"TO"
"8/1/2024 17:50",1068.7,27.09,"TO"
"8/1/2024 18:00",1069.1,27.09,"TO"
"8/1/2024 18:10",1067.9,27.07,"TO"
"8/1/2024 18:20",1070,27.06,"TO"
"8/1/2024 18:30",1069.6,27.05,"TO"
"8/1/2024 18:40",1070.5,27.03,"TO"
"8/1/2024 18:50",1068.9,26.99,"TO"
"8/1/2024 19:00",1068.9,26.98,"TO"
"8/1/2024 19:10",1068.4,26.98,"TO"
"8/1/2024 19:20",1068.5,26.97,"TO"
"8/1/2024 19:30",1068.9,26.95,"TO"
"8/1/2024 19:40",1068.1,26.93,"TO"
"8/1/2024 19:50",1068.5,26.92,"TO"
"8/1/2024 20:00",1068.5,26.92,"TO"
"8/1/2024 20:10",1068.1,26.9,"TO"
"8/1/2024 20:20",1068.1,26.89,"TO"
"8/1/2024 20:30",1067.3,26.88,"TO"
"8/1/2024 20:40",1067.7,26.86,"TO"
"8/1/2024 20:50",1066.5,26.84,"TO"
"8/1/2024 21:00",1065.7,26.83,"TO"
"8/1/2024 21:10",1065.7,26.82,"TO"
"8/1/2024 21:20",1065.8,26.8,"TO"
"8/1/2024 21:30",1065.3,26.78,"TO"
"8/1/2024 21:40",1065.8,26.76,"TO"
"8/1/2024 21:50",1064.6,26.75,"TO"
"8/1/2024 22:00",1063.7,26.74,"TO"
"8/1/2024 22:10",1065.4,26.73,"TO"
"8/1/2024 22:20",1063.8,26.71,"TO"
"8/1/2024 22:30",1063.8,26.69,"TO"
"8/1/2024 22:40",1063.4,26.69,"TO"
"8/1/2024 22:50",1062.6,26.68,"TO"
"8/1/2024 23:00",1063,26.67,"TO"
"8/1/2024 23:10",1063,26.66,"TO"
"8/1/2024 23:20",1062.6,26.65,"TO"
"8/1/2024 23:30",1063,26.63,"TO"
"8/1/2024 23:40",1063.5,26.61,"TO"
"8/1/2024 23:50",1063.9,26.6,"TO"
"8/2/2024 0:00",1064.3,26.59,"TO"
"8/2/2024 0:10",1064.8,26.57,"TO"
"8/2/2024 0:20",1066.4,26.57,"TO"
"8/2/2024 0:30",1066.5,26.55,"TO"
"8/2/2024 0:40",1067.7,26.55,"TO"
"8/2/2024 0:50",1069,26.54,"TO"
"8/2/2024 1:00",1069.8,26.54,"TO"
"8/2/2024 1:10",1069.8,26.52,"TO"
"8/2/2024 1:20",1069.8,26.51,"TO"
"8/2/2024 1:30",1070.2,26.5,"TO"
"8/2/2024 1:40",1069.8,26.49,"TO"
"8/2/2024 1:50",1069.9,26.48,"TO"
"8/2/2024 2:00",1069.9,26.48,"TO"
"8/2/2024 2:10",1070.7,26.47,"TO"
"8/2/2024 2:20",1071.5,26.47,"TO"
"8/2/2024 2:30",1071.5,26.46,"TO"
"8/2/2024 2:40",1072,26.44,"TO"
"8/2/2024 2:50",1072.4,26.44,"TO"
"8/2/2024 3:00",1073.6,26.43,"TO"
"8/2/2024 3:10",1074.1,26.42,"TO"
"8/2/2024 3:20",1074.9,26.41,"TO"
"8/2/2024 3:30",1075.8,26.4,"TO"
"8/2/2024 3:40",1075.8,26.4,"TO"
"8/2/2024 3:50",1075.8,26.38,"TO"
"8/2/2024 4:00",1074.6,26.35,"TO"
"8/2/2024 4:10",1074.6,26.34,"TO"
"8/2/2024 4:20",1074.2,26.34,"TO"
"8/2/2024 4:30",1073.8,26.33,"TO"
"8/2/2024 4:40",1071.3,26.33,"TO"
"8/2/2024 4:50",1072.1,26.32,"TO"
"8/2/2024 5:00",1072.5,26.31,"TO"
"8/2/2024 5:10",1072.1,26.3,"TO"
"8/2/2024 5:20",1072.6,26.29,"TO"
"8/2/2024 5:30",1072.2,26.27,"TO"
"8/2/2024 5:40",1072.6,26.27,"TO"
"8/2/2024 5:50",1071.4,26.26,"TO"
"8/2/2024 6:00",1072.6,26.26,"TO"
"8/2/2024 6:10",1072.6,26.25,"TO"
"8/2/2024 6:20",1073.9,26.25,"TO"
"8/2/2024 6:30",1071.8,26.23,"TO"
"8/2/2024 6:40",1072.2,26.23,"TO"
"8/2/2024 6:50",1070.6,26.22,"TO"
"8/2/2024 7:00",1070.2,26.21,"TO"
"8/2/2024 7:10",1070.2,26.2,"TO"
"8/2/2024 7:20",1070.2,26.2,"TO"
"8/2/2024 7:30",1071.4,26.21,"TO"
"8/2/2024 7:40",1071.4,26.21,"TO"
"8/2/2024 7:50",1071.8,26.21,"TO"
"8/2/2024 8:00",1072.2,26.23,"TO"
"8/2/2024 8:10",1071,26.23,"TO"
"8/2/2024 8:20",1071.4,26.25,"TO"
"8/2/2024 8:30",1071.4,26.25,"TO"
"8/2/2024 8:40",1072.2,26.29,"TO"
"8/2/2024 8:50",1072.5,26.31,"TO"
"8/2/2024 9:00",1072.5,26.32,"TO"
"8/2/2024 9:10",1072.9,26.33,"TO"
"8/2/2024 9:20",1072.9,26.37,"TO"
"8/2/2024 9:30",1074.1,26.42,"TO"
"8/2/2024 9:40",1072.4,26.4,"TO"
"8/2/2024 9:50",1074.5,26.44,"TO"
"8/2/2024 10:00",1073.7,26.42,"TO"
"8/2/2024 10:10",1074.5,26.41,"TO"
"8/2/2024 10:20",1074,26.46,"TO"
"8/2/2024 10:30",1073.6,26.48,"TO"
"8/2/2024 10:40",1075.6,26.54,"TO"
"8/2/2024 10:50",1074.7,26.6,"TO"
"8/2/2024 11:00",1076.7,26.69,"TO"
"8/2/2024 11:10",1074.7,26.61,"TO"
"8/2/2024 11:20",1077.5,26.66,"TO"
"8/2/2024 11:30",1077.5,26.67,"TO"
"8/2/2024 11:40",1078.7,26.72,"TO"
"8/2/2024 11:50",1079.1,26.75,"TO"
"8/2/2024 12:00",1079,26.8,"TO"
"8/2/2024 12:10",1080.2,26.83,"TO"
"8/2/2024 12:20",1082.3,26.89,"TO"
"8/2/2024 12:30",1083.5,26.92,"TO"
"8/2/2024 12:40",1083.4,26.98,"TO"
"8/2/2024 12:50",1083.4,26.99,"TO"
"8/2/2024 13:00",1084.6,27.03,"TO"
"8/2/2024 13:10",1085.8,27.05,"TO"
"8/2/2024 13:20",1086.6,27.08,"TO"
"8/2/2024 13:30",1086.6,27.1,"TO"
"8/2/2024 13:40",1087.3,27.16,"TO"
"8/2/2024 13:50",1088.6,27.19,"TO"
"8/2/2024 14:00",1089,27.2,"TO"
"8/2/2024 14:10",1091,27.26,"TO"
"8/2/2024 14:20",1090.9,27.28,"TO"
"8/2/2024 14:30",1092.1,27.35,"TO"
"8/2/2024 14:40",1092.9,27.37,"TO"
"8/2/2024 14:50",1094.1,27.42,"TO"
"8/2/2024 15:00",1095.3,27.46,"TO"
"8/2/2024 15:10",1096.5,27.51,"TO"
"8/2/2024 15:20",1095.7,27.5,"TO"
"8/2/2024 15:30",1096.5,27.52,"TO"
"8/2/2024 15:40",1096.9,27.54,"TO"
"8/2/2024 15:50",1097.7,27.57,"TO"
"8/2/2024 16:00",1098.1,27.57,"TO"
"8/2/2024 16:10",1098.1,27.58,"TO"
"8/2/2024 16:20",1098.1,27.58,"TO"
"8/2/2024 16:30",1097.7,27.57,"TO"
"8/2/2024 16:40",1098.5,27.58,"TO"
"8/2/2024 16:50",1096.8,27.57,"TO"
"8/2/2024 17:00",1096.8,27.56,"TO"
"8/2/2024 17:10",1097.3,27.56,"TO"
"8/2/2024 17:20",1097.7,27.54,"TO"
"8/2/2024 17:30",1097.7,27.53,"TO"
"8/2/2024 17:40",1097.3,27.53,"TO"
"8/2/2024 17:50",1097.7,27.52,"TO"
"8/2/2024 18:00",1096.9,27.51,"TO"
"8/2/2024 18:10",1096.5,27.49,"TO"
"8/2/2024 18:20",1096.5,27.48,"TO"
"8/2/2024 18:30",1096.5,27.48,"TO"
"8/2/2024 18:40",1097,27.46,"TO"
"8/2/2024 18:50",1096.6,27.44,"TO"
"8/2/2024 19:00",1096.2,27.43,"TO"
"8/2/2024 19:10",1096.2,27.42,"TO"
"8/2/2024 19:20",1097,27.41,"TO"
"8/2/2024 19:30",1095.8,27.4,"TO"
"8/2/2024 19:40",1096.6,27.39,"TO"
"8/2/2024 19:50",1096.6,27.37,"TO"
"8/2/2024 20:00",1097.1,27.36,"TO"
"8/2/2024 20:10",1096.7,27.33,"TO"
"8/2/2024 20:20",1094.2,27.32,"TO"
"8/2/2024 20:30",1094.2,27.31,"TO"
"8/2/2024 20:40",1094.7,27.28,"TO"
"8/2/2024 20:50",1094.7,27.27,"TO"
"8/2/2024 21:00",1094.7,27.26,"TO"
"8/2/2024 21:10",1094.3,27.25,"TO"
"8/2/2024 21:20",1095.1,27.24,"TO"
"8/2/2024 21:30",1095.6,27.23,"TO"
"8/2/2024 21:40",1095.6,27.22,"TO"
"8/2/2024 21:50",1096.8,27.2,"TO"
"8/2/2024 22:00",1096,27.19,"TO"
"8/2/2024 22:10",1097.3,27.18,"TO"
"8/2/2024 22:20",1098.6,27.17,"TO"
"8/2/2024 22:30",1099.4,27.16,"TO"
"8/2/2024 22:40",1098.2,27.16,"TO"
"8/2/2024 22:50",1098.6,27.14,"TO"
"8/2/2024 23:00",1101.1,27.12,"TO"
"8/2/2024 23:10",1102,27.1,"TO"
"8/2/2024 23:20",1098.2,27.09,"TO"
"8/2/2024 23:30",1097,27.08,"TO"
"8/2/2024 23:40",1097,27.06,"TO"
"8/2/2024 23:50",1096.2,27.05,"TO"
"8/3/2024 0:00",1096.2,27.03,"TO"
"8/3/2024 0:10",1093.8,27.01,"TO"
"8/3/2024 0:20",1093.3,27.01,"TO"
"8/3/2024 0:30",1092.5,26.99,"TO"
"8/3/2024 0:40",1091.3,26.98,"TO"
"8/3/2024 0:50",1093.4,26.95,"TO"
"8/3/2024 1:00",1093.8,26.93,"TO"
"8/3/2024 1:10",1093,26.92,"TO"
"8/3/2024 1:20",1091.8,26.91,"TO"
"8/3/2024 1:30",1093.1,26.89,"TO"
"8/3/2024 1:40",1091.4,26.88,"TO"
"8/3/2024 1:50",1091.8,26.86,"TO"
"8/3/2024 2:00",1096.5,26.83,"TO"
"8/3/2024 2:10",1094,26.82,"TO"
"8/3/2024 2:20",1090.7,26.8,"TO"
"8/3/2024 2:30",1091.1,26.76,"TO"
"8/3/2024 2:40",1091.6,26.74,"TO"
"8/3/2024 2:50",1091.6,26.74,"TO"
"8/3/2024 3:00",1092.8,26.73,"TO"
"8/3/2024 3:10",1092.9,26.71,"TO"
"8/3/2024 3:20",1092.9,26.69,"TO"
"8/3/2024 3:30",1092.5,26.68,"TO"
"8/3/2024 3:40",1092.9,26.66,"TO"
"8/3/2024 3:50",1093.3,26.65,"TO"
"8/3/2024 4:00",1092.9,26.64,"TO"
"8/3/2024 4:10",1093,26.63,"TO"
"8/3/2024 4:20",1092.6,26.6,"TO"
"8/3/2024 4:30",1091.8,26.59,"TO"
"8/3/2024 4:40",1092.6,26.57,"TO"
"8/3/2024 4:50",1092.2,26.55,"TO"
"8/3/2024 5:00",1092.2,26.54,"TO"
"8/3/2024 5:10",1092.3,26.51,"TO"
"8/3/2024 5:20",1091,26.5,"TO"
"8/3/2024 5:30",1089.8,26.48,"TO"
"8/3/2024 5:40",1091.1,26.48,"TO"
"8/3/2024 5:50",1091.1,26.46,"TO"
"8/3/2024 6:00",1091.1,26.42,"TO"
"8/3/2024 6:10",1090.3,26.41,"TO"
"8/3/2024 6:20",1090.3,26.4,"TO"
"8/3/2024 6:30",1089.9,26.4,"TO"
"8/3/2024 6:40",1089.9,26.4,"TO"
"8/3/2024 6:50",1090.3,26.4,"TO"
"8/3/2024 7:00",1090.3,26.4,"TO"
"8/3/2024 7:10",1091.2,26.39,"TO"
"8/3/2024 7:20",1089.9,26.39,"TO"
"8/3/2024 7:30",1089.9,26.39,"TO"
"8/3/2024 7:40",1090.7,26.41,"TO"
"8/3/2024 7:50",1090.3,26.41,"TO"
"8/3/2024 8:00",1091.1,26.43,"TO"
"8/3/2024 8:10",1091.1,26.46,"TO"
"8/3/2024 8:20",1091.9,26.49,"TO"
"8/3/2024 8:30",1091.9,26.5,"TO"
"8/3/2024 8:40",1091.8,26.54,"TO"
"8/3/2024 8:50",1093,26.63,"TO"
"8/3/2024 9:00",1092.6,26.58,"TO"
"8/3/2024 9:10",1090.9,26.58,"TO"
"8/3/2024 9:20",1092.5,26.65,"TO"
"8/3/2024 9:30",1093.9,26.85,"TO"
"8/3/2024 9:40",1092.5,26.67,"TO"
"8/3/2024 9:50",1092.9,26.68,"TO"
"8/3/2024 10:00",1091.6,26.71,"TO"
"8/3/2024 10:10",1091.6,26.71,"TO"
"8/3/2024 10:20",1092,26.71,"TO"
"8/3/2024 10:30",1094,26.8,"TO"
"8/3/2024 10:40",1095.2,26.85,"TO"
"8/3/2024 10:50",1095.6,26.85,"TO"
"8/3/2024 11:00",1096.8,26.93,"TO"
"8/3/2024 11:10",1096.4,26.92,"TO"
"8/3/2024 11:20",1097.2,26.91,"TO"
"8/3/2024 11:30",1098,26.94,"TO"
"8/3/2024 11:40",1100,27.03,"TO"
"8/3/2024 11:50",1101.2,27.08,"TO"
"8/3/2024 12:00",1101.6,27.08,"TO"
"8/3/2024 12:10",1101.9,27.14,"TO"
"8/3/2024 12:20",1102.7,27.18,"TO"
"8/3/2024 12:30",1103.9,27.2,"TO"
"8/3/2024 12:40",1105.1,27.25,"TO"
"8/3/2024 12:50",1105.9,27.28,"TO"
"8/3/2024 13:00",1108.3,27.33,"TO"
"8/3/2024 13:10",1109.5,27.39,"TO"
"8/3/2024 13:20",1110.7,27.43,"TO"
"8/3/2024 13:30",1110.7,27.43,"TO"
"8/3/2024 13:40",1106.2,27.42,"TO"
"8/3/2024 13:50",1100.3,27.45,"TO"
"8/3/2024 14:00",1100.3,27.48,"TO"
"8/3/2024 14:10",1101.5,27.5,"TO"
"8/3/2024 14:20",1101.5,27.51,"TO"
"8/3/2024 14:30",1102.3,27.54,"TO"
"8/3/2024 14:40",1103.1,27.57,"TO"
"8/3/2024 14:50",1104.7,27.59,"TO"
"8/3/2024 15:00",1105.9,27.63,"TO"
"8/3/2024 15:10",1107.1,27.66,"TO"
"8/3/2024 15:20",1107.9,27.67,"TO"
"8/3/2024 15:30",1108.3,27.68,"TO"
"8/3/2024 15:40",1108.3,27.69,"TO"
"8/3/2024 15:50",1107.9,27.68,"TO"
"8/3/2024 16:00",1107.9,27.68,"TO"
"8/3/2024 16:10",1109.2,27.68,"TO"
"8/3/2024 16:20",1110.8,27.68,"TO"
"8/3/2024 16:30",1109.6,27.66,"TO"
"8/3/2024 16:40",1110,27.67,"TO"
"8/3/2024 16:50",1110.8,27.68,"TO"
"8/3/2024 17:00",1110.4,27.66,"TO"
"8/3/2024 17:10",1109.3,27.61,"TO"
"8/3/2024 17:20",1110.6,27.57,"TO"
"8/3/2024 17:30",1109.7,27.6,"TO"
"8/3/2024 17:40",1110.5,27.6,"TO"
"8/3/2024 17:50",1110.5,27.6,"TO"
"8/3/2024 18:00",1110.5,27.59,"TO"
"8/3/2024 18:10",1110.2,27.56,"TO"
"8/3/2024 18:20",1110.6,27.54,"TO"
"8/3/2024 18:30",1109.8,27.52,"TO"
"8/3/2024 18:40",1109.4,27.51,"TO"
"8/3/2024 18:50",1108.6,27.49,"TO"
"8/3/2024 19:00",1108.2,27.46,"TO"
"8/3/2024 19:10",1107.4,27.45,"TO"
"8/3/2024 19:20",1107.8,27.43,"TO"
"8/3/2024 19:30",1107.8,27.42,"TO"
"8/3/2024 19:40",1108.2,27.41,"TO"
"8/3/2024 19:50",1108.3,27.4,"TO"
"8/3/2024 20:00",1108.7,27.39,"TO"
"8/3/2024 20:10",1108.7,27.36,"TO"
"8/3/2024 20:20",1108.3,27.36,"TO"
"8/3/2024 20:30",1109.2,27.33,"TO"
"8/3/2024 20:40",1109.6,27.32,"TO"
"8/3/2024 20:50",1108.8,27.29,"TO"
"8/3/2024 21:00",1109.2,27.27,"TO"
"8/3/2024 21:10",1108.4,27.26,"TO"
"8/3/2024 21:20",1106.4,27.25,"TO"
"8/3/2024 21:30",1106.4,27.23,"TO"
"8/3/2024 21:40",1106.4,27.2,"TO"
"8/3/2024 21:50",1105.6,27.2,"TO"
"8/3/2024 22:00",1105.2,27.17,"TO"
"8/3/2024 22:10",1105.2,27.16,"TO"
"8/3/2024 22:20",1105.2,27.15,"TO"
"8/3/2024 22:30",1105.3,27.12,"TO"
"8/3/2024 22:40",1105.3,27.1,"TO"
"8/3/2024 22:50",1104.5,27.07,"TO"
"8/3/2024 23:00",1102.8,27.06,"TO"
"8/3/2024 23:10",1102.5,27.03,"TO"
"8/3/2024 23:20",1102.9,27.01,"TO"
"8/3/2024 23:30",1100.8,27.01,"TO"
"8/3/2024 23:40",1100.9,26.98,"TO"
"8/3/2024 23:50",1100.9,26.94,"TO"
"8/4/2024 0:00",1100.1,26.93,"TO"
"8/4/2024 0:10",1100.5,26.91,"TO"
"8/4/2024 0:20",1101.8,26.89,"TO"
"8/4/2024 0:30",1102.6,26.88,"TO"
"8/4/2024 0:40",1103.1,26.86,"TO"
"8/4/2024 0:50",1103.5,26.85,"TO"
"8/4/2024 1:00",1103.1,26.84,"TO"
"8/4/2024 1:10",1103.9,26.83,"TO"
"8/4/2024 1:20",1106.5,26.81,"TO"
"8/4/2024 1:30",1105.2,26.81,"TO"
"8/4/2024 1:40",1105.2,26.81,"TO"
"8/4/2024 1:50",1105.7,26.8,"TO"
"8/4/2024 2:00",1105.7,26.77,"TO"
"8/4/2024 2:10",1106.5,26.76,"TO"
"8/4/2024 2:20",1107,26.74,"TO"
"8/4/2024 2:30",1107,26.72,"TO"
"8/4/2024 2:40",1107,26.71,"TO"
"8/4/2024 2:50",1107.5,26.68,"TO"
"8/4/2024 3:00",1107.1,26.67,"TO"
"8/4/2024 3:10",1106.6,26.66,"TO"
"8/4/2024 3:20",1105.8,26.64,"TO"
"8/4/2024 3:30",1104.6,26.63,"TO"
"8/4/2024 3:40",1105.9,26.61,"TO"
"8/4/2024 3:50",1106.7,26.6,"TO"
"8/4/2024 4:00",1105.1,26.59,"TO"
"8/4/2024 4:10",1104.7,26.58,"TO"
"8/4/2024 4:20",1104.7,26.57,"TO"
"8/4/2024 4:30",1105.9,26.56,"TO"
"8/4/2024 4:40",1106,26.55,"TO"
"8/4/2024 4:50",1105.1,26.52,"TO"
"8/4/2024 5:00",1105.2,26.51,"TO"
"8/4/2024 5:10",1105.2,26.49,"TO"
"8/4/2024 5:20",1103.9,26.49,"TO"
"8/4/2024 5:30",1103.5,26.48,"TO"
"8/4/2024 5:40",1102.7,26.47,"TO"
"8/4/2024 5:50",1102.7,26.47,"TO"
"8/4/2024 6:00",1102.7,26.44,"TO"
"8/4/2024 6:10",1102.8,26.42,"TO"
"8/4/2024 6:20",1101.5,26.41,"TO"
"8/4/2024 6:30",1101.5,26.4,"TO"
"8/4/2024 6:40",1102.4,26.39,"TO"
"8/4/2024 6:50",1102.4,26.4,"TO"
"8/4/2024 7:00",1102,26.41,"TO"
"8/4/2024 7:10",1102.8,26.41,"TO"
"8/4/2024 7:20",1102.8,26.41,"TO"
"8/4/2024 7:30",1102.4,26.42,"TO"
"8/4/2024 7:40",1102.3,26.43,"TO"
"8/4/2024 7:50",1102.3,26.43,"TO"
"8/4/2024 8:00",1102.3,26.44,"TO"
"8/4/2024 8:10",1103.1,26.47,"TO"
"8/4/2024 8:20",1103.5,26.5,"TO"
"8/4/2024 8:30",1102.7,26.5,"TO"
"8/4/2024 8:40",1103,26.55,"TO"
"8/4/2024 8:50",1104.6,26.65,"TO"
"8/4/2024 9:00",1102.6,26.56,"TO"
"8/4/2024 9:10",1103.8,26.59,"TO"
"8/4/2024 9:20",1104.6,26.66,"TO"
"8/4/2024 9:30",1104.5,26.73,"TO"
"8/4/2024 9:40",1103.7,26.66,"TO"
"8/4/2024 9:50",1104.1,26.71,"TO"
"8/4/2024 10:00",1104.9,26.74,"TO"
"8/4/2024 10:10",1104.9,26.74,"TO"
"8/4/2024 10:20",1104.9,26.75,"TO"
"8/4/2024 10:30",1106.8,26.92,"TO"
"8/4/2024 10:40",1109.1,27.07,"TO"
"8/4/2024 10:50",1107.2,26.9,"TO"
"8/4/2024 11:00",1110.3,27.05,"TO"
"8/4/2024 11:10",1110.4,26.97,"TO"
"8/4/2024 11:20",1111.2,27.02,"TO"
"8/4/2024 11:30",1112.4,27.08,"TO"
"8/4/2024 11:40",1112,27.09,"TO"
"8/4/2024 11:50",1113.5,27.17,"TO"
"8/4/2024 12:00",1116,27.23,"TO"
"8/4/2024 12:10",1115.9,27.26,"TO"
"8/4/2024 12:20",1117.5,27.32,"TO"
"8/4/2024 12:30",1117.1,27.29,"TO"
"8/4/2024 12:40",1119.9,27.43,"TO"
"8/4/2024 12:50",1120.2,27.48,"TO"
"8/4/2024 13:00",1121.5,27.49,"TO"
"8/4/2024 13:10",1123.9,27.58,"TO"
"8/4/2024 13:20",1124.2,27.6,"TO"
"8/4/2024 13:30",1124.6,27.68,"TO"
"8/4/2024 13:40",1127.5,27.69,"TO"
"8/4/2024 13:50",1127,27.69,"TO"
"8/4/2024 14:00",1127.1,27.68,"TO"
"8/4/2024 14:10",1127.1,27.66,"TO"
"8/4/2024 14:20",1127.5,27.68,"TO"
"8/4/2024 14:30",1128.2,27.73,"TO"
"8/4/2024 14:40",1127.4,27.71,"TO"
"8/4/2024 14:50",1128.7,27.73,"TO"
"8/4/2024 15:00",1128.6,27.75,"TO"
"8/4/2024 15:10",1129.1,27.75,"TO"
"8/4/2024 15:20",1128.7,27.73,"TO"
"8/4/2024 15:30",1128.2,27.74,"TO"
"8/4/2024 15:40",1128.6,27.76,"TO"
"8/4/2024 15:50",1129.8,27.8,"TO"
"8/4/2024 16:00",1129.4,27.78,"TO"
"8/4/2024 16:10",1131.1,27.8,"TO"
"8/4/2024 16:20",1131.1,27.8,"TO"
"8/4/2024 16:30",1131.5,27.82,"TO"
"8/4/2024 16:40",1130.6,27.82,"TO"
"8/4/2024 16:50",1131.1,27.8,"TO"
"8/4/2024 17:00",1130.7,27.78,"TO"
"8/4/2024 17:10",1131.1,27.77,"TO"
"8/4/2024 17:20",1130.7,27.76,"TO"
"8/4/2024 17:30",1130.3,27.75,"TO"
"8/4/2024 17:40",1130.3,27.74,"TO"
"8/4/2024 17:50",1130.7,27.74,"TO"
"8/4/2024 18:00",1130.7,27.73,"TO"
"8/4/2024 18:10",1130.4,27.7,"TO"
"8/4/2024 18:20",1130,27.69,"TO"
"8/4/2024 18:30",1129.6,27.68,"TO"
"8/4/2024 18:40",1129.2,27.66,"TO"
"8/4/2024 18:50",1129.2,27.63,"TO"
"8/4/2024 19:00",1128.8,27.62,"TO"
"8/4/2024 19:10",1129.2,27.61,"TO"
"8/4/2024 19:20",1129.2,27.59,"TO"
"8/4/2024 19:30",1128.9,27.57,"TO"
"8/4/2024 19:40",1128.5,27.56,"TO"
"8/4/2024 19:50",1128.5,27.54,"TO"
"8/4/2024 20:00",1128.5,27.53,"TO"
"8/4/2024 20:10",1128.1,27.52,"TO"
"8/4/2024 20:20",1128.5,27.5,"TO"
"8/4/2024 20:30",1128.1,27.5,"TO"
"8/4/2024 20:40",1129.4,27.5,"TO"
"8/4/2024 20:50",1131.5,27.49,"TO"
"8/4/2024 21:00",1132.7,27.48,"TO"
"8/4/2024 21:10",1133.1,27.46,"TO"
"8/4/2024 21:20",1131.9,27.45,"TO"
"8/4/2024 21:30",1131.9,27.44,"TO"
"8/4/2024 21:40",1131.1,27.43,"TO"
"8/4/2024 21:50",1131.1,27.42,"TO"
"8/4/2024 22:00",1132,27.41,"TO"
"8/4/2024 22:10",1132,27.41,"TO"
"8/4/2024 22:20",1131.6,27.39,"TO"
"8/4/2024 22:30",1130.8,27.37,"TO"
"8/4/2024 22:40",1130.8,27.36,"TO"
"8/4/2024 22:50",1130.4,27.36,"TO"
"8/4/2024 23:00",1130.4,27.35,"TO"
"8/4/2024 23:10",1130,27.34,"TO"
"8/4/2024 23:20",1130,27.33,"TO"
"8/4/2024 23:30",1130,27.32,"TO"
"8/4/2024 23:40",1129.6,27.31,"TO"
"8/4/2024 23:50",1130.9,27.29,"TO"
"8/5/2024 0:00",1128.8,27.27,"TO"
"8/5/2024 0:10",1126.7,27.27,"TO"
"8/5/2024 0:20",1128.8,27.25,"TO"
"8/5/2024 0:30",1129.7,27.24,"TO"
"8/5/2024 0:40",1129.7,27.23,"TO"
"8/5/2024 0:50",1129.7,27.22,"TO"
"8/5/2024 1:00",1130.1,27.19,"TO"
"8/5/2024 1:10",1128.9,27.19,"TO"
"8/5/2024 1:20",1128.9,27.17,"TO"
"8/5/2024 1:30",1129,27.15,"TO"
"8/5/2024 1:40",1128.5,27.15,"TO"
"8/5/2024 1:50",1129,27.14,"TO"
"8/5/2024 2:00",1129.8,27.12,"TO"
"8/5/2024 2:10",1130.2,27.11,"TO"
"8/5/2024 2:20",1131.1,27.09,"TO"
"8/5/2024 2:30",1131.5,27.08,"TO"
"8/5/2024 2:40",1129.9,27.07,"TO"
"8/5/2024 2:50",1130.3,27.05,"TO"
"8/5/2024 3:00",1129.9,27.03,"TO"
"8/5/2024 3:10",1128.7,27.03,"TO"
"8/5/2024 3:20",1129.1,27.01,"TO"
"8/5/2024 3:30",1129.1,27.01,"TO"
"8/5/2024 3:40",1129.1,27.01,"TO"
"8/5/2024 3:50",1128.7,27.01,"TO"
"8/5/2024 4:00",1128.7,27.01,"TO"
"8/5/2024 4:10",1127.9,27,"TO"
"8/5/2024 4:20",1128.7,27,"TO"
"8/5/2024 4:30",1130,26.99,"TO"
"8/5/2024 4:40",1128.7,26.98,"TO"
"8/5/2024 4:50",1127.9,26.98,"TO"
"8/5/2024 5:00",1128.8,26.97,"TO"
"8/5/2024 5:10",1129.2,26.95,"TO"
"8/5/2024 5:20",1130.5,26.94,"TO"
"8/5/2024 5:30",1129.2,26.94,"TO"
"8/5/2024 5:40",1128,26.92,"TO"
"8/5/2024 5:50",1125.5,26.92,"TO"
"8/5/2024 6:00",1125.5,26.91,"TO"
"8/5/2024 6:10",1126.8,26.9,"TO"
"8/5/2024 6:20",1127.6,26.89,"TO"
"8/5/2024 6:30",1126.4,26.89,"TO"
"8/5/2024 6:40",1126.4,26.89,"TO"
"8/5/2024 6:50",1126.4,26.89,"TO"
"8/5/2024 7:00",1126.3,26.9,"TO"
"8/5/2024 7:10",1127.2,26.9,"TO"
"8/5/2024 7:20",1127.6,26.92,"TO"
"8/5/2024 7:30",1128,26.92,"TO"
"8/5/2024 7:40",1128,26.93,"TO"
"8/5/2024 7:50",1127.5,26.94,"TO"
"8/5/2024 8:00",1127.1,26.95,"TO"
"8/5/2024 8:10",1127.9,26.98,"TO"
"8/5/2024 8:20",1127.9,27,"TO"
"8/5/2024 8:30",1128.3,27.02,"TO"
"8/5/2024 8:40",1128.3,27.01,"TO"
"8/5/2024 8:50",1128.2,27.1,"TO"
"8/5/2024 9:00",1128.6,27.11,"TO"
"8/5/2024 9:10",1129,27.12,"TO"
"8/5/2024 9:20",1129.3,27.2,"TO"
"8/5/2024 9:30",1130,27.29,"TO"
"8/5/2024 9:40",1129.3,27.22,"TO"
"8/5/2024 9:50",1129.6,27.33,"TO"
"8/5/2024 10:00",1130.1,27.27,"TO"
"8/5/2024 10:10",1131.7,27.28,"TO"
"8/5/2024 10:20",1132.1,27.32,"TO"
"8/5/2024 10:30",1136.3,27.62,"TO"
"8/5/2024 10:40",1137.5,27.65,"TO"
"8/5/2024 10:50",1135.7,27.45,"TO"
"8/5/2024 11:00",1136.8,27.53,"TO"
"8/5/2024 11:10",1136.8,27.56,"TO"
"8/5/2024 11:20",1137.2,27.58,"TO"
"8/5/2024 11:30",1139.6,27.61,"TO"
"8/5/2024 11:40",1140,27.65,"TO"
"8/5/2024 11:50",1141.2,27.71,"TO"
"8/5/2024 12:00",1141.5,27.75,"TO"
"8/5/2024 12:10",1143.6,27.79,"TO"
"8/5/2024 12:20",1145.6,27.83,"TO"
"8/5/2024 12:30",1146.8,27.86,"TO"
"8/5/2024 12:40",1149.2,27.96,"TO"
"8/5/2024 12:50",1148.3,27.97,"TO"
"8/5/2024 13:00",1149.9,28.03,"TO"
"8/5/2024 13:10",1151.1,28.12,"TO"
"8/5/2024 13:20",1153.1,28.13,"TO"
"8/5/2024 13:30",1153.9,28.17,"TO"
"8/5/2024 13:40",1155.1,28.2,"TO"
"8/5/2024 13:50",1156.3,28.25,"TO"
"8/5/2024 14:00",1157.9,28.32,"TO"
"8/5/2024 14:10",1159.6,28.34,"TO"
"8/5/2024 14:20",1160.3,28.39,"TO"
"8/5/2024 14:30",1160.3,28.41,"TO"
"8/5/2024 14:40",1161.5,28.43,"TO"
"8/5/2024 14:50",1161.9,28.47,"TO"
"8/5/2024 15:00",1161.9,28.5,"TO"
"8/5/2024 15:10",1164.3,28.55,"TO"
"8/5/2024 15:20",1163.9,28.54,"TO"
"8/5/2024 15:30",1164.7,28.58,"TO"
"8/5/2024 15:40",1165.5,28.56,"TO"
"8/5/2024 15:50",1166.4,28.55,"TO"
"8/5/2024 16:00",1165.1,28.53,"TO"
"8/5/2024 16:10",1165.9,28.56,"TO"
"8/5/2024 16:20",1165.9,28.58,"TO"
"8/5/2024 16:30",1165.5,28.55,"TO"
"8/5/2024 16:40",1165.1,28.58,"TO"
"8/5/2024 16:50",1165.1,28.55,"TO"
"8/5/2024 17:00",1164.7,28.54,"TO"
"8/5/2024 17:10",1164.7,28.53,"TO"
"8/5/2024 17:20",1164.4,28.5,"TO"
"8/5/2024 17:30",1163.9,28.5,"TO"
"8/5/2024 17:40",1164,28.47,"TO"
"8/5/2024 17:50",1163.6,28.45,"TO"
"8/5/2024 18:00",1163.6,28.44,"TO"
"8/5/2024 18:10",1163.2,28.43,"TO"
"8/5/2024 18:20",1163.2,28.41,"TO"
"8/5/2024 18:30",1163.2,28.38,"TO"
"8/5/2024 18:40",1162.8,28.37,"TO"
"8/5/2024 18:50",1162.9,28.34,"TO"
"8/5/2024 19:00",1162.9,28.32,"TO"
"8/5/2024 19:10",1161.7,28.3,"TO"
"8/5/2024 19:20",1161.7,28.28,"TO"
"8/5/2024 19:30",1161.7,28.26,"TO"
"8/5/2024 19:40",1161.8,28.24,"TO"
"8/5/2024 19:50",1161.4,28.2,"TO"
"8/5/2024 20:00",1161,28.19,"TO"
"8/5/2024 20:10",1159.8,28.17,"TO"
"8/5/2024 20:20",1159,28.14,"TO"
"8/5/2024 20:30",1159.8,28.13,"TO"
"8/5/2024 20:40",1159.4,28.11,"TO"
"8/5/2024 20:50",1159.4,28.11,"TO"
"8/5/2024 21:00",1160.7,28.1,"TO"
"8/5/2024 21:10",1162,28.08,"TO"
"8/5/2024 21:20",1161.1,28.07,"TO"
"8/5/2024 21:30",1160.7,28.05,"TO"
"8/5/2024 21:40",1161.2,28.04,"TO"
"8/5/2024 21:50",1159.5,28.02,"TO"
"8/5/2024 22:00",1160,28,"TO"
"8/5/2024 22:10",1158.7,28,"TO"
"8/5/2024 22:20",1160.8,27.97,"TO"
"8/5/2024 22:30",1162.1,27.96,"TO"
"8/5/2024 22:40",1162.5,27.95,"TO"
"8/5/2024 22:50",1162.1,27.93,"TO"
"8/5/2024 23:00",1163,27.92,"TO"
"8/5/2024 23:10",1161.8,27.91,"TO"
"8/5/2024 23:20",1161,27.88,"TO"
"8/5/2024 23:30",1161.8,27.87,"TO"
"8/5/2024 23:40",1161.8,27.86,"TO"
"8/5/2024 23:50",1161,27.84,"TO"
"8/6/2024 0:00",1162.3,27.83,"TO"
"8/6/2024 0:10",1161.9,27.83,"TO"
"8/6/2024 0:20",1161.5,27.8,"TO"
"8/6/2024 0:30",1160.3,27.78,"TO"
"8/6/2024 0:40",1159.8,27.77,"TO"
"8/6/2024 0:50",1160.7,27.76,"TO"
"8/6/2024 1:00",1162,27.75,"TO"
"8/6/2024 1:10",1162,27.73,"TO"
"8/6/2024 1:20",1162.4,27.71,"TO"
"8/6/2024 1:30",1162.4,27.69,"TO"
"8/6/2024 1:40",1161.6,27.67,"TO"
"8/6/2024 1:50",1161.2,27.66,"TO"
"8/6/2024 2:00",1160,27.63,"TO"
"8/6/2024 2:10",1159.2,27.63,"TO"
"8/6/2024 2:20",1158.8,27.62,"TO"
"8/6/2024 2:30",1158.8,27.61,"TO"
"8/6/2024 2:40",1158,27.59,"TO"
"8/6/2024 2:50",1157.2,27.58,"TO"
"8/6/2024 3:00",1156.8,27.56,"TO"
"8/6/2024 3:10",1156.8,27.54,"TO"
"8/6/2024 3:20",1156.8,27.54,"TO"
"8/6/2024 3:30",1157.2,27.53,"TO"
"8/6/2024 3:40",1156,27.5,"TO"
"8/6/2024 3:50",1155.6,27.5,"TO"
"8/6/2024 4:00",1155.6,27.49,"TO"
"8/6/2024 4:10",1155.6,27.46,"TO"
"8/6/2024 4:20",1154.8,27.44,"TO"
"8/6/2024 4:30",1154.9,27.42,"TO"
"8/6/2024 4:40",1155.3,27.42,"TO"
"8/6/2024 4:50",1154.9,27.4,"TO"
"8/6/2024 5:00",1154.1,27.37,"TO"
"8/6/2024 5:10",1154.1,27.37,"TO"
"8/6/2024 5:20",1153.7,27.35,"TO"
"8/6/2024 5:30",1154.5,27.35,"TO"
"8/6/2024 5:40",1154.6,27.34,"TO"
"8/6/2024 5:50",1155,27.33,"TO"
"8/6/2024 6:00",1155.8,27.32,"TO"
"8/6/2024 6:10",1155.9,27.28,"TO"
"8/6/2024 6:20",1153.4,27.27,"TO"
"8/6/2024 6:30",1153.4,27.26,"TO"
"8/6/2024 6:40",1153.4,27.25,"TO"
"8/6/2024 6:50",1153,27.24,"TO"
"8/6/2024 7:00",1152.6,27.24,"TO"
"8/6/2024 7:10",1153,27.23,"TO"
"8/6/2024 7:20",1153.8,27.24,"TO"
"8/6/2024 7:30",1154.7,27.25,"TO"
"8/6/2024 7:40",1155.1,27.27,"TO"
"8/6/2024 7:50",1155.5,27.28,"TO"
"8/6/2024 8:00",1156.3,27.29,"TO"
"8/6/2024 8:10",1157.1,27.34,"TO"
"8/6/2024 8:20",1157.1,27.33,"TO"
"8/6/2024 8:30",1157.5,27.35,"TO"
"8/6/2024 8:40",1158.3,27.34,"TO"
"8/6/2024 8:50",1158.2,27.41,"TO"
"8/6/2024 9:00",1157,27.37,"TO"
"8/6/2024 9:10",1157,27.4,"TO"
"8/6/2024 9:20",1159,27.48,"TO"
"8/6/2024 9:30",1160,27.67,"TO"
"8/6/2024 9:40",1158.9,27.53,"TO"
"8/6/2024 9:50",1158.8,27.62,"TO"
"8/6/2024 10:00",1158.8,27.58,"TO"
"8/6/2024 10:10",1159.6,27.61,"TO"
"8/6/2024 10:20",1160,27.66,"TO"
"8/6/2024 10:30",1163.4,27.96,"TO"
"8/6/2024 10:40",1163.4,27.9,"TO"
"8/6/2024 10:50",1163.2,27.79,"TO"
"8/6/2024 11:00",1163.8,27.91,"TO"
"8/6/2024 11:10",1164.8,27.85,"TO"
"8/6/2024 11:20",1166.3,27.93,"TO"
"8/6/2024 11:30",1168.4,27.94,"TO"
"8/6/2024 11:40",1170.8,28.02,"TO"
"8/6/2024 11:50",1174.1,28.05,"TO"
"8/6/2024 12:00",1176.1,28.11,"TO"
"8/6/2024 12:10",1176.4,28.17,"TO"
"8/6/2024 12:20",1178.4,28.25,"TO"
"8/6/2024 12:30",1179.7,28.26,"TO"
"8/6/2024 12:40",1181.7,28.32,"TO"
"8/6/2024 12:50",1182,28.35,"TO"
"8/6/2024 13:00",1184.5,28.42,"TO"
"8/6/2024 13:10",1188.1,28.53,"TO"
"8/6/2024 13:20",1186.9,28.45,"TO"
"8/6/2024 13:30",1186.5,28.47,"TO"
"8/6/2024 13:40",1188.5,28.55,"TO"
"8/6/2024 13:50",1187.2,28.56,"TO"
"8/6/2024 14:00",1189.6,28.63,"TO"
"8/6/2024 14:10",1190,28.64,"TO"
"8/6/2024 14:20",1190.8,28.68,"TO"
"8/6/2024 14:30",1191.6,28.71,"TO"
"8/6/2024 14:40",1192.8,28.75,"TO"
"8/6/2024 14:50",1193.6,28.79,"TO"
"8/6/2024 15:00",1194.8,28.8,"TO"
"8/6/2024 15:10",1194,28.8,"TO"
"8/6/2024 15:20",1191.9,28.77,"TO"
"8/6/2024 15:30",1191.5,28.75,"TO"
"8/6/2024 15:40",1190.4,28.69,"TO"
"8/6/2024 15:50",1189.5,28.68,"TO"
"8/6/2024 16:00",1188.7,28.67,"TO"
"8/6/2024 16:10",1188.8,28.63,"TO"
"8/6/2024 16:20",1188.4,28.6,"TO"
"8/6/2024 16:30",1187.6,28.56,"TO"
"8/6/2024 16:40",1187.2,28.54,"TO"
"8/6/2024 16:50",1187.7,28.52,"TO"
"8/6/2024 17:00",1188.9,28.52,"TO"
"8/6/2024 17:10",1188.9,28.52,"TO"
"8/6/2024 17:20",1188.5,28.51,"TO"
"8/6/2024 17:30",1188.9,28.5,"TO"
"8/6/2024 17:40",1187.7,28.49,"TO"
"8/6/2024 17:50",1187.7,28.47,"TO"
"8/6/2024 18:00",1187.8,28.45,"TO"
"8/6/2024 18:10",1187.8,28.44,"TO"
"8/6/2024 18:20",1187.8,28.41,"TO"
"8/6/2024 18:30",1187,28.38,"TO"
"8/6/2024 18:40",1185.8,28.36,"TO"
"8/6/2024 18:50",1185.4,28.33,"TO"
"8/6/2024 19:00",1186.3,28.3,"TO"
"8/6/2024 19:10",1186.7,28.27,"TO"
"8/6/2024 19:20",1186.8,28.26,"TO"
"8/6/2024 19:30",1186.8,28.22,"TO"
"8/6/2024 19:40",1186,28.2,"TO"
"8/6/2024 19:50",1185.6,28.18,"TO"
"8/6/2024 20:00",1185.2,28.17,"TO"
"8/6/2024 20:10",1185.6,28.14,"TO"
"8/6/2024 20:20",1184.4,28.12,"TO"
"8/6/2024 20:30",1183.2,28.09,"TO"
"8/6/2024 20:40",1182.4,28.07,"TO"
"8/6/2024 20:50",1182,28.04,"TO"
"8/6/2024 21:00",1181.6,28.02,"TO"
"8/6/2024 21:10",1181.2,28,"TO"
"8/6/2024 21:20",1181.3,27.97,"TO"
"8/6/2024 21:30",1180.9,27.94,"TO"
"8/6/2024 21:40",1180.9,27.92,"TO"
"8/6/2024 21:50",1183.5,27.9,"TO"
"8/6/2024 22:00",1182.7,27.86,"TO"
"8/6/2024 22:10",1184,27.84,"TO"
"8/6/2024 22:20",1181.9,27.82,"TO"
"8/6/2024 22:30",1180.3,27.79,"TO"
"8/6/2024 22:40",1180.7,27.77,"TO"
"8/6/2024 22:50",1180.3,27.74,"TO"
"8/6/2024 23:00",1178.7,27.73,"TO"
"8/6/2024 23:10",1178.3,27.7,"TO"
"8/6/2024 23:20",1177.9,27.67,"TO"
"8/6/2024 23:30",1179.1,27.68,"TO"
"8/6/2024 23:40",1180.4,27.67,"TO"
"8/6/2024 23:50",1180.9,27.65,"TO"
"8/7/2024 0:00",1180.5,27.63,"TO"
"8/7/2024 0:10",1180.1,27.61,"TO"
"8/7/2024 0:20",1179.7,27.6,"TO"
"8/7/2024 0:30",1180.9,27.59,"TO"
"8/7/2024 0:40",1181.8,27.57,"TO"
"8/7/2024 0:50",1179.3,27.54,"TO"
"8/7/2024 1:00",1178.9,27.52,"TO"
"8/7/2024 1:10",1177.7,27.51,"TO"
"8/7/2024 1:20",1178.6,27.48,"TO"
"8/7/2024 1:30",1176.1,27.46,"TO"
"8/7/2024 1:40",1176.5,27.43,"TO"
"8/7/2024 1:50",1174.9,27.42,"TO"
"8/7/2024 2:00",1176.2,27.39,"TO"
"8/7/2024 2:10",1175.8,27.37,"TO"
"8/7/2024 2:20",1175.8,27.35,"TO"
"8/7/2024 2:30",1175,27.33,"TO"
"8/7/2024 2:40",1176.3,27.31,"TO"
"8/7/2024 2:50",1175.5,27.28,"TO"
"8/7/2024 3:00",1175.5,27.27,"TO"
"8/7/2024 3:10",1173.9,27.25,"TO"
"8/7/2024 3:20",1174.3,27.22,"TO"
"8/7/2024 3:30",1174.3,27.19,"TO"
"8/7/2024 3:40",1172.7,27.17,"TO"
"8/7/2024 3:50",1175.2,27.16,"TO"
"8/7/2024 4:00",1174.4,27.12,"TO"
"8/7/2024 4:10",1171.5,27.1,"TO"
"8/7/2024 4:20",1172.8,27.07,"TO"
"8/7/2024 4:30",1171.6,27.07,"TO"
"8/7/2024 4:40",1171.2,27.05,"TO"
"8/7/2024 4:50",1170.4,27.01,"TO"
"8/7/2024 5:00",1170,27.01,"TO"
"8/7/2024 5:10",1168.4,26.97,"TO"
"8/7/2024 5:20",1167.1,26.94,"TO"
"8/7/2024 5:30",1166.8,26.92,"TO"
"8/7/2024 5:40",1166.8,26.91,"TO"
"8/7/2024 5:50",1167.7,26.86,"TO"
"8/7/2024 6:00",1168.5,26.85,"TO"
"8/7/2024 6:10",1167.7,26.81,"TO"
"8/7/2024 6:20",1164.8,26.78,"TO"
"8/7/2024 6:30",1165.3,26.76,"TO"
"8/7/2024 6:40",1165.3,26.77,"TO"
"8/7/2024 6:50",1164.9,26.76,"TO"
"8/7/2024 7:00",1165.3,26.76,"TO"
"8/7/2024 7:10",1165.3,26.76,"TO"
"8/7/2024 7:20",1166.5,26.76,"TO"
"8/7/2024 7:30",1167,26.76,"TO"
"8/7/2024 7:40",1166.5,26.78,"TO"
"8/7/2024 7:50",1166.9,26.81,"TO"
"8/7/2024 8:00",1168.1,26.82,"TO"
"8/7/2024 8:10",1168.9,26.84,"TO"
"8/7/2024 8:20",1168.5,26.86,"TO"
"8/7/2024 8:30",1168.1,26.88,"TO"
"8/7/2024 8:40",1168.8,26.93,"TO"
"8/7/2024 8:50",1169.6,27.01,"TO"
"8/7/2024 9:00",1168.4,26.93,"TO"
"8/7/2024 9:10",1167.6,26.94,"TO"
"8/7/2024 9:20",1168.7,27.01,"TO"
"8/7/2024 9:30",1171.1,27.14,"TO"
"8/7/2024 9:40",1169.9,27.05,"TO"
"8/7/2024 9:50",1170.3,27.06,"TO"
"8/7/2024 10:00",1170.7,27.08,"TO"
"8/7/2024 10:10",1171.9,27.11,"TO"
"8/7/2024 10:20",1172.3,27.14,"TO"
"8/7/2024 10:30",1173.1,27.22,"TO"
"8/7/2024 10:40",1171.8,27.23,"TO"
"8/7/2024 10:50",1173.4,27.26,"TO"
"8/7/2024 11:00",1172.9,27.37,"TO"
"8/7/2024 11:10",1174.9,27.37,"TO"
"8/7/2024 11:20",1174.9,27.39,"TO"
"8/7/2024 11:30",1177.4,27.45,"TO"
"8/7/2024 11:40",1179,27.48,"TO"
"8/7/2024 11:50",1181,27.53,"TO"
"8/7/2024 12:00",1181.8,27.57,"TO"
"8/7/2024 12:10",1183.8,27.62,"TO"
"8/7/2024 12:20",1187.1,27.69,"TO"
"8/7/2024 12:30",1188.3,27.74,"TO"
"8/7/2024 12:40",1189.9,27.79,"TO"
"8/7/2024 12:50",1190.7,27.79,"TO"
"8/7/2024 13:00",1193.5,27.91,"TO"
"8/7/2024 13:10",1195.5,27.95,"TO"
"8/7/2024 13:20",1197.1,27.97,"TO"
"8/7/2024 13:30",1199.6,27.97,"TO"
"8/7/2024 13:40",1202.5,28.05,"TO"
"8/7/2024 13:50",1202.8,28.1,"TO"
"8/7/2024 14:00",1202.4,28.12,"TO"
"8/7/2024 14:10",1204,28.13,"TO"
"8/7/2024 14:20",1205.2,28.21,"TO"
"8/7/2024 14:30",1206,28.24,"TO"
"8/7/2024 14:40",1205.6,28.24,"TO"
"8/7/2024 14:50",1205.9,28.27,"TO"
"8/7/2024 15:00",1206.8,28.26,"TO"
"8/7/2024 15:10",1208.8,28.35,"TO"
"8/7/2024 15:20",1208.7,28.36,"TO"
"8/7/2024 15:30",1208.7,28.37,"TO"
"8/7/2024 15:40",1209.1,28.37,"TO"
"8/7/2024 15:50",1209.5,28.39,"TO"
"8/7/2024 16:00",1208.3,28.35,"TO"
"8/7/2024 16:10",1209.6,28.36,"TO"
"8/7/2024 16:20",1208,28.3,"TO"
"8/7/2024 16:30",1207.2,28.28,"TO"
"8/7/2024 16:40",1206.4,28.21,"TO"
"8/7/2024 16:50",1206,28.19,"TO"
"8/7/2024 17:00",1204.4,28.17,"TO"
"8/7/2024 17:10",1202.8,28.13,"TO"
"8/7/2024 17:20",1202.4,28.11,"TO"
"8/7/2024 17:30",1203.3,28.09,"TO"
"8/7/2024 17:40",1202.9,28.05,"TO"
"8/7/2024 17:50",1201.7,28.03,"TO"
"8/7/2024 18:00",1202.1,28.01,"TO"
"8/7/2024 18:10",1201.7,27.99,"TO"
"8/7/2024 18:20",1201.7,27.97,"TO"
"8/7/2024 18:30",1202.6,27.96,"TO"
"8/7/2024 18:40",1201,27.93,"TO"
"8/7/2024 18:50",1201.4,27.92,"TO"
"8/7/2024 19:00",1199.7,27.91,"TO"
"8/7/2024 19:10",1199.8,27.88,"TO"
"8/7/2024 19:20",1200.2,27.87,"TO"
"8/7/2024 19:30",1200.6,27.86,"TO"
"8/7/2024 19:40",1199.8,27.84,"TO"
"8/7/2024 19:50",1199,27.82,"TO"
"8/7/2024 20:00",1199.4,27.8,"TO"
"8/7/2024 20:10",1199.5,27.78,"TO"
"8/7/2024 20:20",1199.5,27.76,"TO"
"8/7/2024 20:30",1200.8,27.75,"TO"
"8/7/2024 20:40",1200.4,27.73,"TO"
"8/7/2024 20:50",1199.6,27.7,"TO"
"8/7/2024 21:00",1199.6,27.68,"TO"
"8/7/2024 21:10",1200.9,27.67,"TO"
"8/7/2024 21:20",1200.1,27.65,"TO"
"8/7/2024 21:30",1198.4,27.63,"TO"
"8/7/2024 21:40",1198.4,27.62,"TO"
"8/7/2024 21:50",1198.5,27.59,"TO"
"8/7/2024 22:00",1198.5,27.58,"TO"
"8/7/2024 22:10",1198.5,27.56,"TO"
"8/7/2024 22:20",1198.1,27.53,"TO"
"8/7/2024 22:30",1198.6,27.5,"TO"
"8/7/2024 22:40",1197.3,27.49,"TO"
"8/7/2024 22:50",1196.5,27.48,"TO"
"8/7/2024 23:00",1195.3,27.44,"TO"
"8/7/2024 23:10",1195.3,27.44,"TO"
"8/7/2024 23:20",1195.8,27.42,"TO"
"8/7/2024 23:30",1195.4,27.4,"TO"
"8/7/2024 23:40",1195,27.39,"TO"
"8/7/2024 23:50",1194.2,27.35,"TO"
"8/8/2024 0:00",1193.8,27.34,"TO"
"8/8/2024 0:10",1193,27.32,"TO"
"8/8/2024 0:20",1192.2,27.31,"TO"
"8/8/2024 0:30",1192.2,27.27,"TO"
"8/8/2024 0:40",1192.6,27.26,"TO"
"8/8/2024 0:50",1190.2,27.23,"TO"
"8/8/2024 1:00",1190.6,27.2,"TO"
"8/8/2024 1:10",1190.6,27.2,"TO"
"8/8/2024 1:20",1190.6,27.18,"TO"
"8/8/2024 1:30",1190.7,27.16,"TO"
"8/8/2024 1:40",1189.4,27.15,"TO"
"8/8/2024 1:50",1189,27.14,"TO"
"8/8/2024 2:00",1189.5,27.1,"TO"
"8/8/2024 2:10",1189.5,27.09,"TO"
"8/8/2024 2:20",1189.1,27.07,"TO"
"8/8/2024 2:30",1187.9,27.05,"TO"
"8/8/2024 2:40",1188.7,27.03,"TO"
"8/8/2024 2:50",1188.4,27.01,"TO"
"8/8/2024 3:00",1188.4,26.99,"TO"
"8/8/2024 3:10",1188.8,26.98,"TO"
"8/8/2024 3:20",1186.3,26.97,"TO"
"8/8/2024 3:30",1184.7,26.93,"TO"
"8/8/2024 3:40",1185.1,26.92,"TO"
"8/8/2024 3:50",1185.2,26.89,"TO"
"8/8/2024 4:00",1183.9,26.88,"TO"
"8/8/2024 4:10",1184,26.84,"TO"
"8/8/2024 4:20",1184.4,26.83,"TO"
"8/8/2024 4:30",1184,26.82,"TO"
"8/8/2024 4:40",1183.2,26.78,"TO"
"8/8/2024 4:50",1183.7,26.76,"TO"
"8/8/2024 5:00",1184.1,26.75,"TO"
"8/8/2024 5:10",1182.9,26.73,"TO"
"8/8/2024 5:20",1183.3,26.71,"TO"
"8/8/2024 5:30",1183.3,26.68,"TO"
"8/8/2024 5:40",1183.4,26.67,"TO"
"8/8/2024 5:50",1183.8,26.64,"TO"
"8/8/2024 6:00",1183,26.6,"TO"
"8/8/2024 6:10",1182.2,26.59,"TO"
"8/8/2024 6:20",1181.4,26.57,"TO"
"8/8/2024 6:30",1180.2,26.54,"TO"
"8/8/2024 6:40",1181,26.55,"TO"
"8/8/2024 6:50",1179.8,26.54,"TO"
"8/8/2024 7:00",1180.2,26.52,"TO"
"8/8/2024 7:10",1180.2,26.54,"TO"
"8/8/2024 7:20",1180.2,26.54,"TO"
"8/8/2024 7:30",1180.6,26.54,"TO"
"8/8/2024 7:40",1181,26.54,"TO"
"8/8/2024 7:50",1181,26.56,"TO"
"8/8/2024 8:00",1181.4,26.57,"TO"
"8/8/2024 8:10",1180.9,26.6,"TO"
"8/8/2024 8:20",1180.5,26.61,"TO"
"8/8/2024 8:30",1180.9,26.63,"TO"
"8/8/2024 8:40",1182,26.74,"TO"
"8/8/2024 8:50",1181.5,26.8,"TO"
"8/8/2024 9:00",1182.8,26.75,"TO"
"8/8/2024 9:10",1182.4,26.75,"TO"
"8/8/2024 9:20",1185.8,27.08,"TO"
"8/8/2024 9:30",1187.7,26.91,"TO"
"8/8/2024 9:40",1185.6,26.88,"TO"
"8/8/2024 9:50",1185.2,26.89,"TO"
"8/8/2024 10:00",1185.9,26.95,"TO"
"8/8/2024 10:10",1187.7,27.17,"TO"
"8/8/2024 10:20",1188.7,27.08,"TO"
"8/8/2024 10:30",1189.8,27.19,"TO"
"8/8/2024 10:40",1191.4,27.26,"TO"
"8/8/2024 10:50",1193,27.26,"TO"
"8/8/2024 11:00",1194.3,27.28,"TO"
"8/8/2024 11:10",1195.5,27.31,"TO"
"8/8/2024 11:20",1196.7,27.37,"TO"
"8/8/2024 11:30",1196.6,27.4,"TO"
"8/8/2024 11:40",1197.4,27.45,"TO"
"8/8/2024 11:50",1199,27.48,"TO"
"8/8/2024 12:00",1200.2,27.53,"TO"
"8/8/2024 12:10",1201,27.54,"TO"
"8/8/2024 12:20",1203.4,27.62,"TO"
"8/8/2024 12:30",1205.4,27.69,"TO"
"8/8/2024 12:40",1207,27.75,"TO"
"8/8/2024 12:50",1208.3,27.77,"TO"
"8/8/2024 13:00",1213.8,27.97,"TO"
"8/8/2024 13:10",1216.3,28.02,"TO"
"8/8/2024 13:20",1215.1,27.96,"TO"
"8/8/2024 13:30",1215.9,28.02,"TO"
"8/8/2024 13:40",1217.5,28.03,"TO"
"8/8/2024 13:50",1221.6,28.11,"TO"
"8/8/2024 14:00",1222,28.16,"TO"
"8/8/2024 14:10",1223.2,28.19,"TO"
"8/8/2024 14:20",1225.6,28.28,"TO"
"8/8/2024 14:30",1224.8,28.25,"TO"
"8/8/2024 14:40",1225.6,28.22,"TO"
"8/8/2024 14:50",1226.8,28.32,"TO"
"8/8/2024 15:00",1228,28.34,"TO"
"8/8/2024 15:10",1228.3,28.38,"TO"
"8/8/2024 15:20",1228.4,28.36,"TO"
"8/8/2024 15:30",1228.8,28.37,"TO"
"8/8/2024 15:40",1228.4,28.36,"TO"
"8/8/2024 15:50",1228.4,28.37,"TO"
"8/8/2024 16:00",1228.8,28.39,"TO"
"8/8/2024 16:10",1235.9,28.37,"TO"
"8/8/2024 16:20",1235.5,28.34,"TO"
"8/8/2024 16:30",1236.3,28.36,"TO"
"8/8/2024 16:40",1235.1,28.33,"TO"
"8/8/2024 16:50",1234.7,28.33,"TO"
"8/8/2024 17:00",1234.7,28.32,"TO"
"8/8/2024 17:10",1226.4,28.3,"TO"
"8/8/2024 17:20",1224.7,28.29,"TO"
"8/8/2024 17:30",1225.6,28.24,"TO"
"8/8/2024 17:40",1225.7,28.2,"TO"
"8/8/2024 17:50",1225.7,28.18,"TO"
"8/8/2024 18:00",1225.7,28.14,"TO"
"8/8/2024 18:10",1227,28.11,"TO"
"8/8/2024 18:20",1226.6,28.1,"TO"
"8/8/2024 18:30",1226.2,28.08,"TO"
"8/8/2024 18:40",1226.3,28.05,"TO"
"8/8/2024 18:50",1225.9,28.04,"TO"
"8/8/2024 19:00",1225.9,28.01,"TO"
"8/8/2024 19:10",1228,28,"TO"
"8/8/2024 19:20",1229.3,27.97,"TO"
"8/8/2024 19:30",1227.2,27.96,"TO"
"8/8/2024 19:40",1226,27.95,"TO"
"8/8/2024 19:50",1224.8,27.94,"TO"
"8/8/2024 20:00",1225.6,27.93,"TO"
"8/8/2024 20:10",1226.1,27.9,"TO"
"8/8/2024 20:20",1226.1,27.87,"TO"
"8/8/2024 20:30",1226.1,27.85,"TO"
"8/8/2024 20:40",1226.6,27.84,"TO"
"8/8/2024 20:50",1227.4,27.8,"TO"
"8/8/2024 21:00",1225.4,27.8,"TO"
"8/8/2024 21:10",1225.8,27.8,"TO"
"8/8/2024 21:20",1226.2,27.78,"TO"
"8/8/2024 21:30",1221.7,27.76,"TO"
"8/8/2024 21:40",1222.5,27.74,"TO"
"8/8/2024 21:50",1220.9,27.73,"TO"
"8/8/2024 22:00",1221.7,27.7,"TO"
"8/8/2024 22:10",1221.3,27.69,"TO"
"8/8/2024 22:20",1223,27.67,"TO"
"8/8/2024 22:30",1220.5,27.67,"TO"
"8/8/2024 22:40",1219.7,27.66,"TO"
"8/8/2024 22:50",1220.6,27.63,"TO"
"8/8/2024 23:00",1221,27.62,"TO"
"8/8/2024 23:10",1225.6,27.6,"TO"
"8/8/2024 23:20",1219.8,27.57,"TO"
"8/8/2024 23:30",1219.8,27.56,"TO"
"8/8/2024 23:40",1220.2,27.57,"TO"
"8/8/2024 23:50",1219.8,27.56,"TO"
"8/9/2024 0:00",1220.7,27.52,"TO"
"8/9/2024 0:10",1221.1,27.51,"TO"
"8/9/2024 0:20",1219.1,27.5,"TO"
"8/9/2024 0:30",1220.8,27.48,"TO"
"8/9/2024 0:40",1219.9,27.48,"TO"
"8/9/2024 0:50",1218.7,27.45,"TO"
"8/9/2024 1:00",1219.1,27.45,"TO"
"8/9/2024 1:10",1218.7,27.44,"TO"
"8/9/2024 1:20",1218.3,27.42,"TO"
"8/9/2024 1:30",1218.3,27.43,"TO"
"8/9/2024 1:40",1221.7,27.41,"TO"
"8/9/2024 1:50",1219.6,27.39,"TO"
"8/9/2024 2:00",1219.2,27.39,"TO"
"8/9/2024 2:10",1221.8,27.36,"TO"
"8/9/2024 2:20",1220.9,27.35,"TO"
"8/9/2024 2:30",1218.4,27.34,"TO"
"8/9/2024 2:40",1218.9,27.33,"TO"
"8/9/2024 2:50",1217.2,27.32,"TO"
"8/9/2024 3:00",1216.4,27.31,"TO"
"8/9/2024 3:10",1217.2,27.29,"TO"
"8/9/2024 3:20",1215.2,27.28,"TO"
"8/9/2024 3:30",1215.2,27.27,"TO"
"8/9/2024 3:40",1215.2,27.26,"TO"
"8/9/2024 3:50",1214.4,27.24,"TO"
"8/9/2024 4:00",1215.2,27.24,"TO"
"8/9/2024 4:10",1214.8,27.22,"TO"
"8/9/2024 4:20",1214.9,27.2,"TO"
"8/9/2024 4:30",1216.1,27.19,"TO"
"8/9/2024 4:40",1214.9,27.18,"TO"
"8/9/2024 4:50",1214.9,27.16,"TO"
"8/9/2024 5:00",1213.3,27.15,"TO"
"8/9/2024 5:10",1213.3,27.14,"TO"
"8/9/2024 5:20",1212.4,27.14,"TO"
"8/9/2024 5:30",1213.7,27.12,"TO"
"8/9/2024 5:40",1213.7,27.11,"TO"
"8/9/2024 5:50",1213.3,27.1,"TO"
"8/9/2024 6:00",1213.4,27.07,"TO"
"8/9/2024 6:10",1215,27.07,"TO"
"8/9/2024 6:20",1200.4,27.03,"TO"
"8/9/2024 6:30",1200.5,27.02,"TO"
"8/9/2024 6:40",1174.2,26.99,"TO"
"8/9/2024 6:50",1187.1,27.01,"TO"
"8/9/2024 7:00",1193,27.01,"TO"
"8/9/2024 7:10",1194.6,27.01,"TO"
"8/9/2024 7:20",1195.8,27.03,"TO"
"8/9/2024 7:30",1195.8,27.03,"TO"
"8/9/2024 7:40",1197.1,27.05,"TO"
"8/9/2024 7:50",1198.3,27.06,"TO"
"8/9/2024 8:00",1198.7,27.06,"TO"
"8/9/2024 8:10",1200,27.07,"TO"
"8/9/2024 8:20",1198.7,27.09,"TO"
"8/9/2024 8:30",1200.3,27.11,"TO"
"8/9/2024 8:40",1199.4,27.19,"TO"
"8/9/2024 8:50",1198.1,27.19,"TO"
"8/9/2024 9:00",1198.1,27.23,"TO"
"8/9/2024 9:10",1198.9,27.23,"TO"
"8/9/2024 9:20",1205.6,27.58,"TO"
"8/9/2024 9:30",1199.2,27.35,"TO"
"8/9/2024 9:40",1200.1,27.33,"TO"
"8/9/2024 9:50",1200.5,27.33,"TO"
"8/9/2024 10:00",1200.5,27.35,"TO"
"8/9/2024 10:10",1202.4,27.44,"TO"
"8/9/2024 10:20",1202,27.44,"TO"
"8/9/2024 10:30",1201.2,27.43,"TO"
"8/9/2024 10:40",1206,27.58,"TO"
"8/9/2024 10:50",1204,27.53,"TO"
"8/9/2024 11:00",1204.8,27.57,"TO"
"8/9/2024 11:10",1203.5,27.6,"TO"
"8/9/2024 11:20",1204.3,27.6,"TO"
"8/9/2024 11:30",1205.9,27.68,"TO"
"8/9/2024 11:40",1210.8,27.75,"TO"
"8/9/2024 11:50",1219.2,27.75,"TO"
"8/9/2024 12:00",1214.1,27.8,"TO"
"8/9/2024 12:10",1214.8,27.87,"TO"
"8/9/2024 12:20",1217.6,27.96,"TO"
"8/9/2024 12:30",1218.4,28.01,"TO"
"8/9/2024 12:40",1218.3,28.04,"TO"
"8/9/2024 12:50",1218.7,28.08,"TO"
"8/9/2024 13:00",1219.5,28.09,"TO"
"8/9/2024 13:10",1216.2,28.05,"TO"
"8/9/2024 13:20",1217.9,28.09,"TO"
"8/9/2024 13:30",1217.9,28.1,"TO"
"8/9/2024 13:40",1217,28.11,"TO"
"8/9/2024 13:50",1217.8,28.16,"TO"
"8/9/2024 14:00",1218.6,28.14,"TO"
"8/9/2024 14:10",1219.4,28.19,"TO"
"8/9/2024 14:20",1219.3,28.25,"TO"
"8/9/2024 14:30",1221.9,28.19,"TO"
"8/9/2024 14:40",1224.3,28.25,"TO"
"8/9/2024 14:50",1225.1,28.32,"TO"
"8/9/2024 15:00",1225.5,28.35,"TO"
"8/9/2024 15:10",1225,28.39,"TO"
"8/9/2024 15:20",1225.4,28.39,"TO"
"8/9/2024 15:30",1225.8,28.42,"TO"
"8/9/2024 15:40",1225.3,28.44,"TO"
"8/9/2024 15:50",1225.3,28.45,"TO"
"8/9/2024 16:00",1226.2,28.46,"TO"
"8/9/2024 16:10",1227.8,28.46,"TO"
"8/9/2024 16:20",1227,28.46,"TO"
"8/9/2024 16:30",1222.5,28.39,"TO"
"8/9/2024 16:40",1224.6,28.37,"TO"
"8/9/2024 16:50",1221.8,28.32,"TO"
"8/9/2024 17:00",1220.9,28.3,"TO"
"8/9/2024 17:10",1219.7,28.28,"TO"
"8/9/2024 17:20",1219.7,28.26,"TO"
"8/9/2024 17:30",1222.3,28.25,"TO"
"8/9/2024 17:40",1222.7,28.26,"TO"
"8/9/2024 17:50",1221.9,28.21,"TO"
"8/9/2024 18:00",1219.4,28.18,"TO"
"8/9/2024 18:10",1219,28.16,"TO"
"8/9/2024 18:20",1215.3,28.12,"TO"
"8/9/2024 18:30",1213.3,28.09,"TO"
"8/9/2024 18:40",1213.3,28.07,"TO"
"8/9/2024 18:50",1213.3,28.04,"TO"
"8/9/2024 19:00",1212.1,28.02,"TO"
"8/9/2024 19:10",1200.9,27.97,"TO"
"8/9/2024 19:20",1196.7,27.96,"TO"
"8/9/2024 19:30",1196.8,27.94,"TO"
"8/9/2024 19:40",1187.2,27.9,"TO"
"8/9/2024 19:50",1184.7,27.88,"TO"
"8/9/2024 20:00",1183.9,27.86,"TO"
"8/9/2024 20:10",1179.8,27.84,"TO"
"8/9/2024 20:20",1175.7,27.8,"TO"
"8/9/2024 20:30",1180.2,27.8,"TO"
"8/9/2024 20:40",1181.5,27.78,"TO"
"8/9/2024 20:50",1187.4,27.77,"TO"
"8/9/2024 21:00",1190.3,27.76,"TO"
"8/9/2024 21:10",1189.9,27.75,"TO"
"8/9/2024 21:20",1192,27.73,"TO"
"8/9/2024 21:30",1192.4,27.73,"TO"
"8/9/2024 21:40",1194.1,27.71,"TO"
"8/9/2024 21:50",1196.2,27.7,"TO"
"8/9/2024 22:00",1195.8,27.69,"TO"
"8/9/2024 22:10",1198.4,27.68,"TO"
"8/9/2024 22:20",1196.7,27.66,"TO"
"8/9/2024 22:30",1195.5,27.65,"TO"
"8/9/2024 22:40",1195.9,27.63,"TO"
"8/9/2024 22:50",1196.3,27.62,"TO"
"8/9/2024 23:00",1193.4,27.61,"TO"
"8/9/2024 23:10",1194.7,27.6,"TO"
"8/9/2024 23:20",1195.5,27.59,"TO"
"8/9/2024 23:30",1197.2,27.58,"TO"
"8/9/2024 23:40",1197.2,27.57,"TO"
"8/9/2024 23:50",1198.5,27.54,"TO"
"8/10/2024 0:00",1195.6,27.53,"TO"
"8/10/2024 0:10",1194.4,27.51,"TO"
"8/10/2024 0:20",1191.1,27.5,"TO"
"8/10/2024 0:30",1191.1,27.48,"TO"
"8/10/2024 0:40",1187.8,27.46,"TO"
"8/10/2024 0:50",1190.3,27.46,"TO"
"8/10/2024 1:00",1191.2,27.43,"TO"
"8/10/2024 1:10",1188.2,27.43,"TO"
"8/10/2024 1:20",1190.8,27.41,"TO"
"8/10/2024 1:30",1189.1,27.41,"TO"
"8/10/2024 1:40",1187.5,27.39,"TO"
"8/10/2024 1:50",1187.9,27.37,"TO"
"8/10/2024 2:00",1189.2,27.35,"TO"
"8/10/2024 2:10",1189.2,27.35,"TO"
"8/10/2024 2:20",1190.9,27.33,"TO"
"8/10/2024 2:30",1191.7,27.33,"TO"
"8/10/2024 2:40",1193,27.32,"TO"
"8/10/2024 2:50",1193.8,27.31,"TO"
"8/10/2024 3:00",1193.4,27.31,"TO"
"8/10/2024 3:10",1192.6,27.29,"TO"
"8/10/2024 3:20",1192.6,27.29,"TO"
"8/10/2024 3:30",1195.1,27.27,"TO"
"8/10/2024 3:40",1196.4,27.26,"TO"
"8/10/2024 3:50",1191.8,27.26,"TO"
"8/10/2024 4:00",1193.5,27.25,"TO"
"8/10/2024 4:10",1192.2,27.24,"TO"
"8/10/2024 4:20",1191.4,27.24,"TO"
"8/10/2024 4:30",1193.1,27.24,"TO"
"8/10/2024 4:40",1193.9,27.22,"TO"
"8/10/2024 4:50",1194.4,27.2,"TO"
"8/10/2024 5:00",1193.1,27.19,"TO"
"8/10/2024 5:10",1191.9,27.19,"TO"
"8/10/2024 5:20",1190.7,27.17,"TO"
"8/10/2024 5:30",1191.1,27.17,"TO"
"8/10/2024 5:40",1191.5,27.16,"TO"
"8/10/2024 5:50",1191.5,27.14,"TO"
"8/10/2024 6:00",1190.7,27.12,"TO"
"8/10/2024 6:10",1191.1,27.11,"TO"
"8/10/2024 6:20",1193.3,27.1,"TO"
"8/10/2024 6:30",1189.5,27.08,"TO"
"8/10/2024 6:40",1189.1,27.06,"TO"
"8/10/2024 6:50",1189.1,27.06,"TO"
"8/10/2024 7:00",1189.5,27.07,"TO"
"8/10/2024 7:10",1190.4,27.05,"TO"
"8/10/2024 7:20",1190,27.07,"TO"
"8/10/2024 7:30",1190.8,27.07,"TO"
"8/10/2024 7:40",1190.8,27.07,"TO"
"8/10/2024 7:50",1193.3,27.09,"TO"
"8/10/2024 8:00",1196.2,27.09,"TO"
"8/10/2024 8:10",1196.6,27.1,"TO"
"8/10/2024 8:20",1197,27.11,"TO"
"8/10/2024 8:30",1197,27.14,"TO"
"8/10/2024 8:40",1199,27.22,"TO"
"8/10/2024 8:50",1199.3,27.25,"TO"
"8/10/2024 9:00",1198.5,27.22,"TO"
"8/10/2024 9:10",1198.1,27.23,"TO"
"8/10/2024 9:20",1198.9,27.23,"TO"
"8/10/2024 9:30",1193.1,27.23,"TO"
"8/10/2024 9:40",1193.5,27.25,"TO"
"8/10/2024 9:50",1195.1,27.27,"TO"
"8/10/2024 10:00",1196.4,27.28,"TO"
"8/10/2024 10:10",1197.2,27.28,"TO"
"8/10/2024 10:20",1197.6,27.27,"TO"
"8/10/2024 10:30",1196.4,27.27,"TO"
"8/10/2024 10:40",1193,27.31,"TO"
"8/10/2024 10:50",1194.1,27.39,"TO"
"8/10/2024 11:00",1194.5,27.4,"TO"
"8/10/2024 11:10",1196.2,27.43,"TO"
"8/10/2024 11:20",1197.3,27.49,"TO"
"8/10/2024 11:30",1197.3,27.51,"TO"
"8/10/2024 11:40",1198.2,27.51,"TO"
"8/10/2024 11:50",1199,27.5,"TO"
"8/10/2024 12:00",1199.9,27.49,"TO"
"8/10/2024 12:10",1200.3,27.46,"TO"
"8/10/2024 12:20",1199.9,27.46,"TO"
"8/10/2024 12:30",1199.5,27.45,"TO"
"8/10/2024 12:40",1201.1,27.48,"TO"
"8/10/2024 12:50",1202.3,27.51,"TO"
"8/10/2024 13:00",1203.9,27.59,"TO"
"8/10/2024 13:10",1205,27.71,"TO"
"8/10/2024 13:20",1208,27.68,"TO"
"8/10/2024 13:30",1207.9,27.73,"TO"
"8/10/2024 13:40",1209.9,27.77,"TO"
"8/10/2024 13:50",1211.2,27.79,"TO"
"8/10/2024 14:00",1211.9,27.86,"TO"
"8/10/2024 14:10",1212.3,27.91,"TO"
"8/10/2024 14:20",1213.5,27.93,"TO"
"8/10/2024 14:30",1214.2,27.99,"TO"
"8/10/2024 14:40",1214.2,28.02,"TO"
"8/10/2024 14:50",1214.5,28.09,"TO"
"8/10/2024 15:00",1212.5,28.04,"TO"
"8/10/2024 15:10",1212,28.09,"TO"
"8/10/2024 15:20",1213.6,28.17,"TO"
"8/10/2024 15:30",1213.6,28.17,"TO"
"8/10/2024 15:40",1211.5,28.17,"TO"
"8/10/2024 15:50",1211.5,28.16,"TO"
"8/10/2024 16:00",1212.4,28.12,"TO"
"8/10/2024 16:10",1212.8,28.14,"TO"
"8/10/2024 16:20",1213.2,28.14,"TO"
"8/10/2024 16:30",1214.4,28.17,"TO"
"8/10/2024 16:40",1214.4,28.16,"TO"
"8/10/2024 16:50",1214,28.16,"TO"
"8/10/2024 17:00",1214.5,28.14,"TO"
"8/10/2024 17:10",1214.5,28.12,"TO"
"8/10/2024 17:20",1214.1,28.12,"TO"
"8/10/2024 17:30",1213.7,28.1,"TO"
"8/10/2024 17:40",1212.4,28.1,"TO"
"8/10/2024 17:50",1213.3,28.09,"TO"
"8/10/2024 18:00",1212.9,28.07,"TO"
"8/10/2024 18:10",1213.3,28.05,"TO"
"8/10/2024 18:20",1213.3,28.05,"TO"
"8/10/2024 18:30",1213.4,28.03,"TO"
"8/10/2024 18:40",1212.1,28.02,"TO"
"8/10/2024 18:50",1212.1,28,"TO"
"8/10/2024 19:00",1212.2,27.99,"TO"
"8/10/2024 19:10",1211.8,27.97,"TO"
"8/10/2024 19:20",1210.6,27.93,"TO"
"8/10/2024 19:30",1208.1,27.9,"TO"
"8/10/2024 19:40",1207.3,27.87,"TO"
"8/10/2024 19:50",1206.5,27.85,"TO"
"8/10/2024 20:00",1206.5,27.82,"TO"
"8/10/2024 20:10",1205.3,27.78,"TO"
"8/10/2024 20:20",1204.5,27.76,"TO"
"8/10/2024 20:30",1204.5,27.74,"TO"
"8/10/2024 20:40",1204.6,27.7,"TO"
"8/10/2024 20:50",1204.2,27.68,"TO"
"8/10/2024 21:00",1204.2,27.65,"TO"
"8/10/2024 21:10",1204.3,27.6,"TO"
"8/10/2024 21:20",1201,27.56,"TO"
"8/10/2024 21:30",1200.6,27.53,"TO"
"8/10/2024 21:40",1199.8,27.51,"TO"
"8/10/2024 21:50",1202.3,27.51,"TO"
"8/10/2024 22:00",1204.4,27.5,"TO"
"8/10/2024 22:10",1203.6,27.48,"TO"
"8/10/2024 22:20",1204.5,27.48,"TO"
"8/10/2024 22:30",1205.3,27.46,"TO"
"8/10/2024 22:40",1205.3,27.45,"TO"
"8/10/2024 22:50",1204.9,27.43,"TO"
"8/10/2024 23:00",1204.1,27.41,"TO"
"8/10/2024 23:10",1204.6,27.4,"TO"
"8/10/2024 23:20",1204.2,27.37,"TO"
"8/10/2024 23:30",1203.8,27.35,"TO"
"8/10/2024 23:40",1203.8,27.34,"TO"
"8/10/2024 23:50",1202.2,27.32,"TO"
"8/11/2024 0:00",1202.6,27.29,"TO"
"8/11/2024 0:10",1201.8,27.27,"TO"
"8/11/2024 0:20",1200.2,27.25,"TO"
"8/11/2024 0:30",1200.6,27.24,"TO"
"8/11/2024 0:40",1199,27.22,"TO"
"8/11/2024 0:50",1199.4,27.2,"TO"
"8/11/2024 1:00",1199.8,27.18,"TO"
"8/11/2024 1:10",1199.4,27.16,"TO"
"8/11/2024 1:20",1198.2,27.12,"TO"
"8/11/2024 1:30",1198.3,27.11,"TO"
"8/11/2024 1:40",1198.3,27.1,"TO"
"8/11/2024 1:50",1197.9,27.08,"TO"
"8/11/2024 2:00",1197.1,27.06,"TO"
"8/11/2024 2:10",1196.3,27.05,"TO"
"8/11/2024 2:20",1195.4,27.02,"TO"
"8/11/2024 2:30",1195.5,27.01,"TO"
"8/11/2024 2:40",1195.1,27,"TO"
"8/11/2024 2:50",1195.9,26.98,"TO"
"8/11/2024 3:00",1194.7,26.94,"TO"
"8/11/2024 3:10",1193.9,26.93,"TO"
"8/11/2024 3:20",1193.5,26.92,"TO"
"8/11/2024 3:30",1193.5,26.91,"TO"
"8/11/2024 3:40",1196.5,26.89,"TO"
"8/11/2024 3:50",1193.6,26.86,"TO"
"8/11/2024 4:00",1192.7,26.85,"TO"
"8/11/2024 4:10",1191.5,26.83,"TO"
"8/11/2024 4:20",1192.4,26.82,"TO"
"8/11/2024 4:30",1191.1,26.8,"TO"
"8/11/2024 4:40",1191.2,26.77,"TO"
"8/11/2024 4:50",1191.6,26.76,"TO"
"8/11/2024 5:00",1191.2,26.75,"TO"
"8/11/2024 5:10",1191.6,26.73,"TO"
"8/11/2024 5:20",1190.4,26.72,"TO"
"8/11/2024 5:30",1190,26.71,"TO"
"8/11/2024 5:40",1190,26.67,"TO"
"8/11/2024 5:50",1191.3,26.65,"TO"
"8/11/2024 6:00",1190.1,26.63,"TO"
"8/11/2024 6:10",1190.1,26.59,"TO"
"8/11/2024 6:20",1190.2,26.58,"TO"
"8/11/2024 6:30",1191.4,26.58,"TO"
"8/11/2024 6:40",1190.2,26.58,"TO"
"8/11/2024 6:50",1189.3,26.58,"TO"
"8/11/2024 7:00",1187.7,26.57,"TO"
"8/11/2024 7:10",1187.7,26.58,"TO"
"8/11/2024 7:20",1187.2,26.58,"TO"
"8/11/2024 7:30",1187.6,26.59,"TO"
"8/11/2024 7:40",1187.6,26.6,"TO"
"8/11/2024 7:50",1186.8,26.61,"TO"
"8/11/2024 8:00",1186.7,26.64,"TO"
"8/11/2024 8:10",1186.7,26.67,"TO"
"8/11/2024 8:20",1186.7,26.68,"TO"
"8/11/2024 8:30",1186.7,26.69,"TO"
"8/11/2024 8:40",1189.8,26.86,"TO"
"8/11/2024 8:50",1192.5,27.03,"TO"
"8/11/2024 9:00",1189.9,26.8,"TO"
"8/11/2024 9:10",1189.8,26.83,"TO"
"8/11/2024 9:20",1189.4,26.86,"TO"
"8/11/2024 9:30",1190.6,26.9,"TO"
"8/11/2024 9:40",1190.5,26.94,"TO"
"8/11/2024 9:50",1190.9,26.97,"TO"
"8/11/2024 10:00",1191.3,26.97,"TO"
"8/11/2024 10:10",1194.4,27.16,"TO"
"8/11/2024 10:20",1194.6,27.06,"TO"
"8/11/2024 10:30",1195.8,27.08,"TO"
"8/11/2024 10:40",1195.7,27.11,"TO"
"8/11/2024 10:50",1196.5,27.16,"TO"
"8/11/2024 11:00",1196.9,27.18,"TO"
"8/11/2024 11:10",1199.2,27.32,"TO"
"8/11/2024 11:20",1200.9,27.32,"TO"
"8/11/2024 11:30",1202,27.41,"TO"
"8/11/2024 11:40",1202.9,27.43,"TO"
"8/11/2024 11:50",1204.9,27.49,"TO"
"8/11/2024 12:00",1206.5,27.56,"TO"
"8/11/2024 12:10",1208.1,27.6,"TO"
"8/11/2024 12:20",1208.4,27.67,"TO"
"8/11/2024 12:30",1213.2,27.84,"TO"
"8/11/2024 12:40",1212.8,27.78,"TO"
"8/11/2024 12:50",1213.6,27.82,"TO"
"8/11/2024 13:00",1217.2,27.99,"TO"
"8/11/2024 13:10",1217.2,27.93,"TO"
"8/11/2024 13:20",1217.2,27.96,"TO"
"8/11/2024 13:30",1217.2,27.94,"TO"
"8/11/2024 13:40",1217.6,27.95,"TO"
"8/11/2024 13:50",1218.4,27.99,"TO"
"8/11/2024 14:00",1218,27.97,"TO"
"8/11/2024 14:10",1218.8,28,"TO"
"8/11/2024 14:20",1220.9,28.04,"TO"
"8/11/2024 14:30",1220.4,28.07,"TO"
"8/11/2024 14:40",1221.6,28.12,"TO"
"8/11/2024 14:50",1222.8,28.14,"TO"
"8/11/2024 15:00",1222.8,28.12,"TO"
"8/11/2024 15:10",1222.9,28.1,"TO"
"8/11/2024 15:20",1222.5,28.07,"TO"
"8/11/2024 15:30",1222.9,28.04,"TO"
"8/11/2024 15:40",1222.1,28.02,"TO"
"8/11/2024 15:50",1222.2,28,"TO"
"8/11/2024 16:00",1221.4,27.96,"TO"
"8/11/2024 16:10",1220.1,27.95,"TO"
"8/11/2024 16:20",1218.9,27.93,"TO"
"8/11/2024 16:30",1218.9,27.93,"TO"
"8/11/2024 16:40",1218.9,27.92,"TO"
"8/11/2024 16:50",1218.5,27.91,"TO"
"8/11/2024 17:00",1218.1,27.9,"TO"
"8/11/2024 17:10",1217.3,27.88,"TO"
"8/11/2024 17:20",1217.3,27.88,"TO"
"8/11/2024 17:30",1216.9,27.87,"TO"
"8/11/2024 17:40",1216.9,27.86,"TO"
"8/11/2024 17:50",1217.4,27.85,"TO"
"8/11/2024 18:00",1216.9,27.84,"TO"
"8/11/2024 18:10",1216.9,27.84,"TO"
"8/11/2024 18:20",1216.1,27.83,"TO"
"8/11/2024 18:30",1216.2,27.8,"TO"
"8/11/2024 18:40",1215.8,27.79,"TO"
"8/11/2024 18:50",1216.6,27.77,"TO"
"8/11/2024 19:00",1217.5,27.75,"TO"
"8/11/2024 19:10",1215,27.7,"TO"
"8/11/2024 19:20",1215.1,27.68,"TO"
"8/11/2024 19:30",1216.3,27.67,"TO"
"8/11/2024 19:40",1217.2,27.65,"TO"
"8/11/2024 19:50",1216.4,27.63,"TO"
"8/11/2024 20:00",1215.6,27.6,"TO"
"8/11/2024 20:10",1215.2,27.59,"TO"
"8/11/2024 20:20",1214,27.56,"TO"
"8/11/2024 20:30",1214.8,27.54,"TO"
"8/11/2024 20:40",1214.5,27.51,"TO"
"8/11/2024 20:50",1214.9,27.5,"TO"
"8/11/2024 21:00",1214.1,27.46,"TO"
"8/11/2024 21:10",1214.5,27.45,"TO"
"8/11/2024 21:20",1214.6,27.43,"TO"
"8/11/2024 21:30",1215.8,27.42,"TO"
"8/11/2024 21:40",1215.9,27.4,"TO"
"8/11/2024 21:50",1216.3,27.37,"TO"
"8/11/2024 22:00",1213.8,27.35,"TO"
"8/11/2024 22:10",1213.4,27.34,"TO"
"8/11/2024 22:20",1213.5,27.32,"TO"
"8/11/2024 22:30",1213.5,27.31,"TO"
"8/11/2024 22:40",1213.5,27.28,"TO"
"8/11/2024 22:50",1212.7,27.27,"TO"
"8/11/2024 23:00",1211,27.26,"TO"
"8/11/2024 23:10",1212.3,27.24,"TO"
"8/11/2024 23:20",1212.3,27.23,"TO"
"8/11/2024 23:30",1211.1,27.22,"TO"
"8/11/2024 23:40",1212.4,27.19,"TO"
"8/11/2024 23:50",1209.9,27.18,"TO"
"8/12/2024 0:00",1209.1,27.14,"TO"
"8/12/2024 0:10",1209.1,27.16,"TO"
"8/12/2024 0:20",1208.7,27.14,"TO"
"8/12/2024 0:30",1209.1,27.12,"TO"
"8/12/2024 0:40",1208.7,27.1,"TO"
"8/12/2024 0:50",1208.3,27.09,"TO"
"8/12/2024 1:00",1207.1,27.08,"TO"
"8/12/2024 1:10",1206.7,27.06,"TO"
"8/12/2024 1:20",1206.3,27.03,"TO"
"8/12/2024 1:30",1205.1,27.01,"TO"
"8/12/2024 1:40",1204.3,27,"TO"
"8/12/2024 1:50",1204.7,26.99,"TO"
"8/12/2024 2:00",1204.3,26.98,"TO"
"8/12/2024 2:10",1204.3,26.97,"TO"
"8/12/2024 2:20",1204.3,26.95,"TO"
"8/12/2024 2:30",1204.3,26.93,"TO"
"8/12/2024 2:40",1204,26.9,"TO"
"8/12/2024 2:50",1204.4,26.89,"TO"
"8/12/2024 3:00",1204,26.88,"TO"
"8/12/2024 3:10",1203.6,26.86,"TO"
"8/12/2024 3:20",1203.2,26.84,"TO"
"8/12/2024 3:30",1202.8,26.83,"TO"
"8/12/2024 3:40",1202.4,26.8,"TO"
"8/12/2024 3:50",1202,26.8,"TO"
"8/12/2024 4:00",1202,26.78,"TO"
"8/12/2024 4:10",1202.1,26.76,"TO"
"8/12/2024 4:20",1202.1,26.75,"TO"
"8/12/2024 4:30",1200.8,26.73,"TO"
"8/12/2024 4:40",1201.7,26.71,"TO"
"8/12/2024 4:50",1200.9,26.69,"TO"
"8/12/2024 5:00",1200.1,26.67,"TO"
"8/12/2024 5:10",1200.9,26.66,"TO"
"8/12/2024 5:20",1201.8,26.65,"TO"
"8/12/2024 5:30",1202.6,26.63,"TO"
"8/12/2024 5:40",1203.5,26.63,"TO"
"8/12/2024 5:50",1203.1,26.61,"TO"
"8/12/2024 6:00",1202.3,26.58,"TO"
"8/12/2024 6:10",1202.3,26.57,"TO"
"8/12/2024 6:20",1201.9,26.56,"TO"
"8/12/2024 6:30",1202.3,26.56,"TO"
"8/12/2024 6:40",1201.5,26.55,"TO"
"8/12/2024 6:50",1201.1,26.54,"TO"
"8/12/2024 7:00",1201.5,26.54,"TO"
"8/12/2024 7:10",1201.1,26.54,"TO"
"8/12/2024 7:20",1200.2,26.56,"TO"
"8/12/2024 7:30",1199.4,26.56,"TO"
"8/12/2024 7:40",1199.8,26.57,"TO"
"8/12/2024 7:50",1198.9,26.58,"TO"
"8/12/2024 8:00",1198.9,26.6,"TO"
"8/12/2024 8:10",1197.6,26.68,"TO"
"8/12/2024 8:20",1197.1,26.68,"TO"
"8/12/2024 8:30",1197.5,26.72,"TO"
"8/12/2024 8:40",1198.6,26.83,"TO"
"8/12/2024 8:50",1201.3,27.01,"TO"
"8/12/2024 9:00",1201.2,26.81,"TO"
"8/12/2024 9:10",1201.5,26.84,"TO"
"8/12/2024 9:20",1201.9,26.88,"TO"
"8/12/2024 9:30",1204.4,26.91,"TO"
"8/12/2024 9:40",1204.3,26.94,"TO"
"8/12/2024 9:50",1205.5,26.98,"TO"
"8/12/2024 10:00",1205.9,27.01,"TO"
"8/12/2024 10:10",1207.8,27.17,"TO"
"8/12/2024 10:20",1210.4,27.09,"TO"
"8/12/2024 10:30",1210.6,27.25,"TO"
"8/12/2024 10:40",1211.7,27.36,"TO"
"8/12/2024 10:50",1213.5,27.28,"TO"
"8/12/2024 11:00",1215.4,27.43,"TO"
"8/12/2024 11:10",1217.1,27.44,"TO"
"8/12/2024 11:20",1217,27.46,"TO"
"8/12/2024 11:30",1217.8,27.52,"TO"
"8/12/2024 11:40",1218.6,27.54,"TO"
"8/12/2024 11:50",1221.8,27.63,"TO"
"8/12/2024 12:00",1222.2,27.67,"TO"
"8/12/2024 12:10",1223.4,27.67,"TO"
"8/12/2024 12:20",1222.2,27.62,"TO"
"8/12/2024 12:30",1225.8,27.8,"TO"
"8/12/2024 12:40",1226.2,27.83,"TO"
"8/12/2024 12:50",1229,27.92,"TO"
"8/12/2024 13:00",1230.5,28.02,"TO"
"8/12/2024 13:10",1233,28.07,"TO"
"8/12/2024 13:20",1233.8,28.05,"TO"
"8/12/2024 13:30",1236.7,28.11,"TO"
"8/12/2024 13:40",1237,28.16,"TO"
"8/12/2024 13:50",1237,28.18,"TO"
"8/12/2024 14:00",1240.2,28.26,"TO"
"8/12/2024 14:10",1239.8,28.25,"TO"
"8/12/2024 14:20",1239.7,28.3,"TO"
"8/12/2024 14:30",1239.7,28.3,"TO"
"8/12/2024 14:40",1240.6,28.3,"TO"
"8/12/2024 14:50",1240.2,28.3,"TO"
"8/12/2024 15:00",1241,28.34,"TO"
"8/12/2024 15:10",1242.1,28.38,"TO"
"8/12/2024 15:20",1242.9,28.42,"TO"
"8/12/2024 15:30",1242.6,28.39,"TO"
"8/12/2024 15:40",1243,28.41,"TO"
"8/12/2024 15:50",1241.4,28.34,"TO"
"8/12/2024 16:00",1242.2,28.36,"TO"
"8/12/2024 16:10",1241.8,28.35,"TO"
"8/12/2024 16:20",1243.4,28.35,"TO"
"8/12/2024 16:30",1243.1,28.33,"TO"
"8/12/2024 16:40",1242.7,28.3,"TO"
"8/12/2024 16:50",1243.5,28.28,"TO"
"8/12/2024 17:00",1242.7,28.26,"TO"
"8/12/2024 17:10",1243.6,28.24,"TO"
"8/12/2024 17:20",1243.2,28.22,"TO"
"8/12/2024 17:30",1242.4,28.2,"TO"
"8/12/2024 17:40",1242.4,28.18,"TO"
"8/12/2024 17:50",1242,28.17,"TO"
"8/12/2024 18:00",1242.5,28.14,"TO"
"8/12/2024 18:10",1242.5,28.12,"TO"
"8/12/2024 18:20",1242.5,28.1,"TO"
"8/12/2024 18:30",1242.6,28.08,"TO"
"8/12/2024 18:40",1242.6,28.05,"TO"
"8/12/2024 18:50",1241.8,28.04,"TO"
"8/12/2024 19:00",1241.8,28.01,"TO"
"8/12/2024 19:10",1242.7,28,"TO"
"8/12/2024 19:20",1244,27.97,"TO"
"8/12/2024 19:30",1244.8,27.96,"TO"
"8/12/2024 19:40",1244.8,27.94,"TO"
"8/12/2024 19:50",1246.5,27.92,"TO"
"8/12/2024 20:00",1242.8,27.92,"TO"
"8/12/2024 20:10",1242.8,27.9,"TO"
"8/12/2024 20:20",1242.8,27.87,"TO"
"8/12/2024 20:30",1241.6,27.87,"TO"
"8/12/2024 20:40",1241.2,27.85,"TO"
"8/12/2024 20:50",1240.4,27.84,"TO"
"8/12/2024 21:00",1240.4,27.83,"TO"
"8/12/2024 21:10",1240,27.8,"TO"
"8/12/2024 21:20",1240.4,27.8,"TO"
"8/12/2024 21:30",1240.4,27.79,"TO"
"8/12/2024 21:40",1240,27.77,"TO"
"8/12/2024 21:50",1239.2,27.77,"TO"
"8/12/2024 22:00",1239.2,27.76,"TO"
"8/12/2024 22:10",1239.2,27.75,"TO"
"8/12/2024 22:20",1238.8,27.75,"TO"
"8/12/2024 22:30",1238.8,27.74,"TO"
"8/12/2024 22:40",1239.3,27.73,"TO"
"8/12/2024 22:50",1238,27.7,"TO"
"8/12/2024 23:00",1238,27.7,"TO"
"8/12/2024 23:10",1237.6,27.69,"TO"
"8/12/2024 23:20",1237.7,27.67,"TO"
"8/12/2024 23:30",1237.7,27.66,"TO"
"8/12/2024 23:40",1237.7,27.65,"TO"
"8/12/2024 23:50",1237.3,27.65,"TO"
"8/13/2024 0:00",1236.9,27.65,"TO"
"8/13/2024 0:10",1236.9,27.63,"TO"
"8/13/2024 0:20",1236,27.63,"TO"
"8/13/2024 0:30",1235.2,27.62,"TO"
"8/13/2024 0:40",1235.6,27.62,"TO"
"8/13/2024 0:50",1236.5,27.61,"TO"
"8/13/2024 1:00",1236.5,27.61,"TO"
"8/13/2024 1:10",1236.1,27.61,"TO"
"8/13/2024 1:20",1236.9,27.6,"TO"
"8/13/2024 1:30",1237.3,27.6,"TO"
"8/13/2024 1:40",1237.8,27.59,"TO"
"8/13/2024 1:50",1237.3,27.6,"TO"
"8/13/2024 2:00",1236.5,27.58,"TO"
"8/13/2024 2:10",1237,27.56,"TO"
"8/13/2024 2:20",1237.4,27.56,"TO"
"8/13/2024 2:30",1238.3,27.54,"TO"
"8/13/2024 2:40",1238.3,27.53,"TO"
"8/13/2024 2:50",1237.9,27.52,"TO"
"8/13/2024 3:00",1237.5,27.51,"TO"
"8/13/2024 3:10",1237,27.51,"TO"
"8/13/2024 3:20",1235.8,27.51,"TO"
"8/13/2024 3:30",1236.2,27.5,"TO"
"8/13/2024 3:40",1236.2,27.49,"TO"
"8/13/2024 3:50",1236.3,27.48,"TO"
"8/13/2024 4:00",1236.7,27.45,"TO"
"8/13/2024 4:10",1236.3,27.45,"TO"
"8/13/2024 4:20",1235,27.45,"TO"
"8/13/2024 4:30",1234.2,27.44,"TO"
"8/13/2024 4:40",1233.8,27.42,"TO"
"8/13/2024 4:50",1233.8,27.42,"TO"
"8/13/2024 5:00",1233.8,27.42,"TO"
"8/13/2024 5:10",1233.8,27.41,"TO"
"8/13/2024 5:20",1234.7,27.41,"TO"
"8/13/2024 5:30",1234.3,27.39,"TO"
"8/13/2024 5:40",1234.3,27.39,"TO"
"8/13/2024 5:50",1234.3,27.37,"TO"
"8/13/2024 6:00",1233.9,27.36,"TO"
"8/13/2024 6:10",1233.9,27.35,"TO"
"8/13/2024 6:20",1233.9,27.34,"TO"
"8/13/2024 6:30",1234.3,27.34,"TO"
"8/13/2024 6:40",1235.2,27.34,"TO"
"8/13/2024 6:50",1234.3,27.34,"TO"
"8/13/2024 7:00",1234.3,27.34,"TO"
"8/13/2024 7:10",1235.2,27.35,"TO"
"8/13/2024 7:20",1235.2,27.35,"TO"
"8/13/2024 7:30",1236.8,27.36,"TO"
"8/13/2024 7:40",1236.4,27.39,"TO"
"8/13/2024 7:50",1236.4,27.4,"TO"
"8/13/2024 8:00",1235.1,27.42,"TO"
"8/13/2024 8:10",1233.8,27.43,"TO"
"8/13/2024 8:20",1233,27.44,"TO"
"8/13/2024 8:30",1233.7,27.48,"TO"
"8/13/2024 8:40",1233.6,27.58,"TO"
"8/13/2024 8:50",1232.4,27.53,"TO"
"8/13/2024 9:00",1234.9,27.53,"TO"
"8/13/2024 9:10",1236.1,27.57,"TO"
"8/13/2024 9:20",1236.5,27.59,"TO"
"8/13/2024 9:30",1237.3,27.63,"TO"
"8/13/2024 9:40",1241,27.65,"TO"
"8/13/2024 9:50",1242.6,27.7,"TO"
"8/13/2024 10:00",1241.8,27.73,"TO"
"8/13/2024 10:10",1241.7,27.77,"TO"
"8/13/2024 10:20",1243.4,27.78,"TO"
"8/13/2024 10:30",1244.1,27.85,"TO"
"8/13/2024 10:40",1245.3,27.92,"TO"
"8/13/2024 10:50",1242,27.87,"TO"
"8/13/2024 11:00",1238.6,27.9,"TO"
"8/13/2024 11:10",1239.1,27.88,"TO"
"8/13/2024 11:20",1239.1,27.86,"TO"
"8/13/2024 11:30",1241.1,27.92,"TO"
"8/13/2024 11:40",1242.7,27.95,"TO"
"8/13/2024 11:50",1243.9,28.04,"TO"
"8/13/2024 12:00",1247.5,28.11,"TO"
"8/13/2024 12:10",1250.8,28.17,"TO"
"8/13/2024 12:20",1250.4,28.18,"TO"
"8/13/2024 12:30",1253.6,28.29,"TO"
"8/13/2024 12:40",1252.7,28.35,"TO"
"8/13/2024 12:50",1255.5,28.43,"TO"
"8/13/2024 13:00",1255.1,28.39,"TO"
"8/13/2024 13:10",1248.2,28.26,"TO"
"8/13/2024 13:20",1240.3,28.18,"TO"
"8/13/2024 13:30",1236.2,28.13,"TO"
"8/13/2024 13:40",1237.5,28.11,"TO"
"8/13/2024 13:50",1243.2,28.2,"TO"
"8/13/2024 14:00",1244.4,28.26,"TO"
"8/13/2024 14:10",1243.2,28.25,"TO"
"8/13/2024 14:20",1244.8,28.28,"TO"
"8/13/2024 14:30",1246.9,28.29,"TO"
"8/13/2024 14:40",1250.5,28.37,"TO"
"8/13/2024 14:50",1252.1,28.43,"TO"
"8/13/2024 15:00",1253.4,28.43,"TO"
"8/13/2024 15:10",1253.4,28.41,"TO"
"8/13/2024 15:20",1253.8,28.39,"TO"
"8/13/2024 15:30",1254.3,28.38,"TO"
"8/13/2024 15:40",1255.9,28.44,"TO"
"8/13/2024 15:50",1256.3,28.45,"TO"
"8/13/2024 16:00",1256.3,28.44,"TO"
"8/13/2024 16:10",1256.7,28.43,"TO"
"8/13/2024 16:20",1255.9,28.39,"TO"
"8/13/2024 16:30",1255.2,28.35,"TO"
"8/13/2024 16:40",1254.8,28.34,"TO"
"8/13/2024 16:50",1255.2,28.35,"TO"
"8/13/2024 17:00",1254.4,28.33,"TO"
"8/13/2024 17:10",1254.4,28.3,"TO"
"8/13/2024 17:20",1254.4,28.29,"TO"
"8/13/2024 17:30",1254,28.26,"TO"
"8/13/2024 17:40",1251.1,28.25,"TO"
"8/13/2024 17:50",1251.1,28.25,"TO"
"8/13/2024 18:00",1251.2,28.21,"TO"
"8/13/2024 18:10",1250.8,28.19,"TO"
"8/13/2024 18:20",1251.6,28.18,"TO"
"8/13/2024 18:30",1251.7,28.16,"TO"
"8/13/2024 18:40",1250.8,28.14,"TO"
"8/13/2024 18:50",1252.1,28.11,"TO"
"8/13/2024 19:00",1252.2,28.07,"TO"
"8/13/2024 19:10",1252.2,28.05,"TO"
"8/13/2024 19:20",1252.2,28.05,"TO"
"8/13/2024 19:30",1252.7,28.03,"TO"
"8/13/2024 19:40",1253.5,28.01,"TO"
"8/13/2024 19:50",1253.6,28,"TO"
"8/13/2024 20:00",1249.4,27.99,"TO"
"8/13/2024 20:10",1247.3,27.96,"TO"
"8/13/2024 20:20",1246.1,27.95,"TO"
"8/13/2024 20:30",1246.9,27.94,"TO"
"8/13/2024 20:40",1247,27.92,"TO"
"8/13/2024 20:50",1245.7,27.91,"TO"
"8/13/2024 21:00",1245.7,27.9,"TO"
"8/13/2024 21:10",1247,27.9,"TO"
"8/13/2024 21:20",1246.2,27.88,"TO"
"8/13/2024 21:30",1245,27.85,"TO"
"8/13/2024 21:40",1245.4,27.85,"TO"
"8/13/2024 21:50",1246.2,27.84,"TO"
"8/13/2024 22:00",1246.2,27.83,"TO"
"8/13/2024 22:10",1247.5,27.82,"TO"
"8/13/2024 22:20",1248.8,27.8,"TO"
"8/13/2024 22:30",1249.2,27.79,"TO"
"8/13/2024 22:40",1247.6,27.78,"TO"
"8/13/2024 22:50",1246.7,27.78,"TO"
"8/13/2024 23:00",1247.6,27.77,"TO"
"8/13/2024 23:10",1248.9,27.75,"TO"
"8/13/2024 23:20",1248.8,27.76,"TO"
"8/13/2024 23:30",1250.1,27.75,"TO"
"8/13/2024 23:40",1249.3,27.75,"TO"
"8/13/2024 23:50",1248.9,27.75,"TO"
"8/14/2024 0:00",1248.1,27.73,"TO"
"8/14/2024 0:10",1248.9,27.73,"TO"
"8/14/2024 0:20",1248.1,27.71,"TO"
"8/14/2024 0:30",1246.4,27.69,"TO"
"8/14/2024 0:40",1247.7,27.69,"TO"
"8/14/2024 0:50",1247.3,27.68,"TO"
"8/14/2024 1:00",1246.4,27.68,"TO"
"8/14/2024 1:10",1246.5,27.66,"TO"
"8/14/2024 1:20",1246.5,27.65,"TO"
"8/14/2024 1:30",1246.5,27.63,"TO"
"8/14/2024 1:40",1247,27.61,"TO"
"8/14/2024 1:50",1243.6,27.61,"TO"
"8/14/2024 2:00",1243.6,27.59,"TO"
"8/14/2024 2:10",1244.1,27.56,"TO"
"8/14/2024 2:20",1242.9,27.53,"TO"
"8/14/2024 2:30",1242.1,27.51,"TO"
"8/14/2024 2:40",1241.7,27.5,"TO"
"8/14/2024 2:50",1241.3,27.48,"TO"
"8/14/2024 3:00",1240.9,27.45,"TO"
"8/14/2024 3:10",1240.9,27.43,"TO"
"8/14/2024 3:20",1240.1,27.4,"TO"
"8/14/2024 3:30",1239.7,27.4,"TO"
"8/14/2024 3:40",1239.3,27.37,"TO"
"8/14/2024 3:50",1238.5,27.34,"TO"
"8/14/2024 4:00",1237.7,27.34,"TO"
"8/14/2024 4:10",1238.1,27.34,"TO"
"8/14/2024 4:20",1238.5,27.34,"TO"
"8/14/2024 4:30",1237.3,27.32,"TO"
"8/14/2024 4:40",1237.3,27.32,"TO"
"8/14/2024 4:50",1238.1,27.32,"TO"
"8/14/2024 5:00",1237.8,27.29,"TO"
"8/14/2024 5:10",1238.6,27.27,"TO"
"8/14/2024 5:20",1238.7,27.25,"TO"
"8/14/2024 5:30",1239.1,27.26,"TO"
"8/14/2024 5:40",1237.4,27.24,"TO"
"8/14/2024 5:50",1236.6,27.22,"TO"
"8/14/2024 6:00",1237.5,27.19,"TO"
"8/14/2024 6:10",1231.6,27.17,"TO"
"8/14/2024 6:20",1227.5,27.15,"TO"
"8/14/2024 6:30",1225.9,27.11,"TO"
"8/14/2024 6:40",1221.7,27.09,"TO"
"8/14/2024 6:50",1218.4,27.08,"TO"
"8/14/2024 7:00",1212.6,27.05,"TO"
"8/14/2024 7:10",1206.7,27.01,"TO"
"8/14/2024 7:20",1201.4,26.95,"TO"
"8/14/2024 7:30",1199.4,26.91,"TO"
"8/14/2024 7:40",1182.8,26.82,"TO"
"8/14/2024 7:50",1166.9,26.78,"TO"
"8/14/2024 8:00",1178.6,26.82,"TO"
"8/14/2024 8:10",1175.7,26.76,"TO"
"8/14/2024 8:20",1170.3,26.73,"TO"
"8/14/2024 8:30",1162.9,26.71,"TO"
"8/14/2024 8:40",1163.7,26.72,"TO"
"8/14/2024 8:50",1172,26.73,"TO"
"8/14/2024 9:00",1165.8,26.67,"TO"
"8/14/2024 9:10",1164.6,26.66,"TO"
"8/14/2024 9:20",1158.8,26.6,"TO"
"8/14/2024 9:30",1152.2,26.52,"TO"
"8/14/2024 9:40",1144.8,26.46,"TO"
"8/14/2024 9:50",1141.9,26.43,"TO"
"8/14/2024 10:00",1138.2,26.4,"TO"
"8/14/2024 10:10",1135.3,26.4,"TO"
"8/14/2024 10:20",1133.2,26.38,"TO"
"8/14/2024 10:30",1127.4,26.34,"TO"
"8/14/2024 10:40",1121.2,26.32,"TO"
"8/14/2024 10:50",1110.4,26.29,"TO"
"8/14/2024 11:00",1105,26.26,"TO"
"8/14/2024 11:10",1102.6,26.25,"TO"
"8/14/2024 11:20",1099.2,26.24,"TO"
"8/14/2024 11:30",1090.5,26.22,"TO"
"8/14/2024 11:40",1087.6,26.22,"TO"
"8/14/2024 11:50",1089.3,26.24,"TO"
"8/14/2024 12:00",1092.1,26.27,"TO"
"8/14/2024 12:10",1095.1,26.23,"TO"
"8/14/2024 12:20",1087.6,26.2,"TO"
"8/14/2024 12:30",1086,26.21,"TO"
"8/14/2024 12:40",1086.4,26.23,"TO"
"8/14/2024 12:50",1088.8,26.24,"TO"
"8/14/2024 13:00",1090.1,26.24,"TO"
"8/14/2024 13:10",1090.9,26.25,"TO"
"8/14/2024 13:20",1093,26.26,"TO"
"8/14/2024 13:30",1093,26.26,"TO"
"8/14/2024 13:40",1094.6,26.26,"TO"
"8/14/2024 13:50",1094.6,26.25,"TO"
"8/14/2024 14:00",1094.2,26.25,"TO"
"8/14/2024 14:10",1094.6,26.25,"TO"
"8/14/2024 14:20",1095.9,26.26,"TO"
"8/14/2024 14:30",1097.1,26.26,"TO"
"8/14/2024 14:40",1086,26.2,"TO"
"8/14/2024 14:50",1066.1,26.16,"TO"
"8/14/2024 15:00",1057.4,26.14,"TO"
"8/14/2024 15:10",1047.8,26.12,"TO"
"8/14/2024 15:20",1044.5,26.12,"TO"
"8/14/2024 15:30",1043.7,26.12,"TO"
"8/14/2024 15:40",1042.5,26.1,"TO"
"8/14/2024 15:50",1040,26.09,"TO"
"8/14/2024 16:00",1040,26.1,"TO"
"8/14/2024 16:10",1037.5,26.09,"TO"
"8/14/2024 16:20",1035.8,26.09,"TO"
"8/14/2024 16:30",1036.7,26.1,"TO"
"8/14/2024 16:40",1037.9,26.09,"TO"
"8/14/2024 16:50",1038.7,26.09,"TO"
"8/14/2024 17:00",1036.7,26.06,"TO"
"8/14/2024 17:10",1029.7,26.05,"TO"
"8/14/2024 17:20",1026.4,26.04,"TO"
"8/14/2024 17:30",1025.9,26.06,"TO"
"8/14/2024 17:40",1024.7,26.05,"TO"
"8/14/2024 17:50",1025.5,26.04,"TO"
"8/14/2024 18:00",1026.8,26.04,"TO"
"8/14/2024 18:10",1027.2,26.01,"TO"
"8/14/2024 18:20",1025.6,26,"TO"
"8/14/2024 18:30",1023.1,26,"TO"
"8/14/2024 18:40",1022.3,26,"TO"
"8/14/2024 18:50",1021.8,26.01,"TO"
"8/14/2024 19:00",1021.8,25.99,"TO"
"8/14/2024 19:10",1020.6,26,"TO"
"8/14/2024 19:20",1021,25.99,"TO"
"8/14/2024 19:30",1021.8,26,"TO"
"8/14/2024 19:40",1022.3,25.99,"TO"
"8/14/2024 19:50",1022.3,25.97,"TO"
"8/14/2024 20:00",1022.3,25.96,"TO"
"8/14/2024 20:10",1019.8,25.95,"TO"
"8/14/2024 20:20",1019,25.93,"TO"
"8/14/2024 20:30",1017.8,25.93,"TO"
"8/14/2024 20:40",1017.4,25.92,"TO"
"8/14/2024 20:50",1015.7,25.91,"TO"
"8/14/2024 21:00",1016.1,25.91,"TO"
"8/14/2024 21:10",1016.1,25.91,"TO"
"8/14/2024 21:20",1016.5,25.91,"TO"
"8/14/2024 21:30",1017,25.91,"TO"
"8/14/2024 21:40",1017,25.9,"TO"
"8/14/2024 21:50",1016.6,25.9,"TO"
"8/14/2024 22:00",1017.4,25.9,"TO"
"8/14/2024 22:10",1017.4,25.9,"TO"
"8/14/2024 22:20",1017.4,25.9,"TO"
"8/14/2024 22:30",1017.8,25.89,"TO"
"8/14/2024 22:40",1017.4,25.88,"TO"
"8/14/2024 22:50",1017.8,25.87,"TO"
"8/14/2024 23:00",1017.4,25.87,"TO"
"8/14/2024 23:10",1017.4,25.86,"TO"
"8/14/2024 23:20",1016.6,25.84,"TO"
"8/14/2024 23:30",1015.8,25.84,"TO"
"8/14/2024 23:40",1015.4,25.83,"TO"
"8/14/2024 23:50",1013.7,25.82,"TO"
"8/15/2024 0:00",1013.3,25.81,"TO"
"8/15/2024 0:10",1012.5,25.81,"TO"
"8/15/2024 0:20",1011.3,25.8,"TO"
"8/15/2024 0:30",1010.5,25.8,"TO"
"8/15/2024 0:40",1009.2,25.8,"TO"
"8/15/2024 0:50",1009.6,25.79,"TO"
"8/15/2024 1:00",1010.5,25.78,"TO"
"8/15/2024 1:10",1010.1,25.76,"TO"
"8/15/2024 1:20",1008,25.75,"TO"
"8/15/2024 1:30",1007.2,25.75,"TO"
"8/15/2024 1:40",1007.2,25.74,"TO"
"8/15/2024 1:50",1007.2,25.74,"TO"
"8/15/2024 2:00",1006.8,25.74,"TO"
"8/15/2024 2:10",1006.4,25.74,"TO"
"8/15/2024 2:20",1006,25.72,"TO"
"8/15/2024 2:30",1005.1,25.73,"TO"
"8/15/2024 2:40",1004.3,25.72,"TO"
"8/15/2024 2:50",1003.9,25.72,"TO"
"8/15/2024 3:00",1004.8,25.71,"TO"
"8/15/2024 3:10",1003.9,25.7,"TO"
"8/15/2024 3:20",1003.9,25.7,"TO"
"8/15/2024 3:30",1003.5,25.7,"TO"
"8/15/2024 3:40",1004.4,25.69,"TO"
"8/15/2024 3:50",1003.9,25.69,"TO"
"8/15/2024 4:00",1003.9,25.69,"TO"
"8/15/2024 4:10",1004.8,25.67,"TO"
"8/15/2024 4:20",1004.8,25.67,"TO"
"8/15/2024 4:30",1005.2,25.67,"TO"
"8/15/2024 4:40",1005.2,25.66,"TO"
"8/15/2024 4:50",1006.5,25.66,"TO"
"8/15/2024 5:00",1006.5,25.66,"TO"
"8/15/2024 5:10",1006.5,25.65,"TO"
"8/15/2024 5:20",1007.3,25.65,"TO"
"8/15/2024 5:30",1005.2,25.64,"TO"
"8/15/2024 5:40",1004,25.64,"TO"
"8/15/2024 5:50",1005.2,25.64,"TO"
"8/15/2024 6:00",1005.2,25.64,"TO"
"8/15/2024 6:10",1005.3,25.62,"TO"
"8/15/2024 6:20",1004.9,25.62,"TO"
"8/15/2024 6:30",1005.3,25.62,"TO"
"8/15/2024 6:40",1004.9,25.62,"TO"
"8/15/2024 6:50",1004,25.62,"TO"
"8/15/2024 7:00",1003.6,25.63,"TO"
"8/15/2024 7:10",1004,25.64,"TO"
"8/15/2024 7:20",1004,25.64,"TO"
"8/15/2024 7:30",1004.4,25.65,"TO"
"8/15/2024 7:40",1005.2,25.66,"TO"
"8/15/2024 7:50",1004,25.66,"TO"
"8/15/2024 8:00",1003.9,25.7,"TO"
"8/15/2024 8:10",1003.9,25.7,"TO"
"8/15/2024 8:20",1004.3,25.73,"TO"
"8/15/2024 8:30",1003.9,25.75,"TO"
"8/15/2024 8:40",1003.4,25.78,"TO"
"8/15/2024 8:50",1001.3,25.8,"TO"
"8/15/2024 9:00",1002.5,25.83,"TO"
"8/15/2024 9:10",1000.9,25.83,"TO"
"8/15/2024 9:20",997.9,25.88,"TO"
"8/15/2024 9:30",995.3,26.07,"TO"
"8/15/2024 9:40",997.5,25.95,"TO"
"8/15/2024 9:50",999.9,25.95,"TO"
"8/15/2024 10:00",1000.3,26.01,"TO"
"8/15/2024 10:10",1001.5,26.06,"TO"
"8/15/2024 10:20",1004,26.06,"TO"
"8/15/2024 10:30",1003.9,26.09,"TO"
"8/15/2024 10:40",1005.1,26.12,"TO"
"8/15/2024 10:50",1003.4,26.21,"TO"
"8/15/2024 11:00",1002.1,26.26,"TO"
"8/15/2024 11:10",1002.9,26.24,"TO"
"8/15/2024 11:20",1004.6,26.27,"TO"
"8/15/2024 11:30",1006.5,26.37,"TO"
"8/15/2024 11:40",1007.8,26.38,"TO"
"8/15/2024 11:50",1007.7,26.42,"TO"
"8/15/2024 12:00",1007.6,26.49,"TO"
"8/15/2024 12:10",1008.8,26.58,"TO"
"8/15/2024 12:20",1008.8,26.59,"TO"
"8/15/2024 12:30",1009.9,26.69,"TO"
"8/15/2024 12:40",1010.7,26.68,"TO"
"8/15/2024 12:50",1010.7,26.69,"TO"
"8/15/2024 13:00",1012.3,26.81,"TO"
"8/15/2024 13:10",1013.4,26.86,"TO"
"8/15/2024 13:20",1011.7,26.93,"TO"
"8/15/2024 13:30",1012.9,26.99,"TO"
"8/15/2024 13:40",1014.2,26.97,"TO"
"8/15/2024 13:50",1014.5,27.01,"TO"
"8/15/2024 14:00",1014.9,27.08,"TO"
"8/15/2024 14:10",1014.8,27.11,"TO"
"8/15/2024 14:20",1014.8,27.12,"TO"
"8/15/2024 14:30",1017.2,27.2,"TO"
"8/15/2024 14:40",1018.4,27.25,"TO"
"8/15/2024 14:50",1019.6,27.26,"TO"
"8/15/2024 15:00",1020.4,27.27,"TO"
"8/15/2024 15:10",1022,27.35,"TO"
"8/15/2024 15:20",1023.3,27.32,"TO"
"8/15/2024 15:30",1023.7,27.35,"TO"
"8/15/2024 15:40",1024,27.41,"TO"
"8/15/2024 15:50",1024.4,27.46,"TO"
"8/15/2024 16:00",1024.8,27.44,"TO"
"8/15/2024 16:10",1026,27.48,"TO"
"8/15/2024 16:20",1027.2,27.51,"TO"
"8/15/2024 16:30",1028.4,27.52,"TO"
"8/15/2024 16:40",1028.4,27.52,"TO"
"8/15/2024 16:50",1028.4,27.54,"TO"
"8/15/2024 17:00",1029.7,27.53,"TO"
"8/15/2024 17:10",1029.7,27.53,"TO"
"8/15/2024 17:20",1030.1,27.54,"TO"
"8/15/2024 17:30",1028.4,27.52,"TO"
"8/15/2024 17:40",1029.7,27.52,"TO"
"8/15/2024 17:50",1027.6,27.53,"TO"
"8/15/2024 18:00",1028,27.51,"TO"
"8/15/2024 18:10",1028.4,27.52,"TO"
"8/15/2024 18:20",1029.6,27.57,"TO"
"8/15/2024 18:30",1028.8,27.54,"TO"
"8/15/2024 18:40",1030.5,27.54,"TO"
"8/15/2024 18:50",1030.1,27.54,"TO"
"8/15/2024 19:00",1029.7,27.53,"TO"
"8/15/2024 19:10",1030.1,27.54,"TO"
"8/15/2024 19:20",1030.5,27.52,"TO"
"8/15/2024 19:30",1030.5,27.52,"TO"
"8/15/2024 19:40",1030.9,27.51,"TO"
"8/15/2024 19:50",1030.6,27.49,"TO"
"8/15/2024 20:00",1030.2,27.46,"TO"
"8/15/2024 20:10",1030.6,27.44,"TO"
"8/15/2024 20:20",1030.6,27.41,"TO"
"8/15/2024 20:30",1030.7,27.39,"TO"
"8/15/2024 20:40",1029.9,27.36,"TO"
"8/15/2024 20:50",1029.9,27.34,"TO"
"8/15/2024 21:00",1029.5,27.31,"TO"
"8/15/2024 21:10",1030,27.27,"TO"
"8/15/2024 21:20",1027.9,27.25,"TO"
"8/15/2024 21:30",1026.3,27.23,"TO"
"8/15/2024 21:40",1026.3,27.22,"TO"
"8/15/2024 21:50",1026.3,27.18,"TO"
"8/15/2024 22:00",1026.3,27.17,"TO"
"8/15/2024 22:10",1027.2,27.14,"TO"
"8/15/2024 22:20",1025.6,27.12,"TO"
"8/15/2024 22:30",1026,27.09,"TO"
"8/15/2024 22:40",1022.7,27.08,"TO"
"8/15/2024 22:50",1022.8,27.05,"TO"
"8/15/2024 23:00",1022,27.02,"TO"
"8/15/2024 23:10",1021.1,27.01,"TO"
"8/15/2024 23:20",1019.9,26.99,"TO"
"8/15/2024 23:30",1019.9,26.97,"TO"
"8/15/2024 23:40",1019.6,26.94,"TO"
"8/15/2024 23:50",1019.6,26.93,"TO"
"8/16/2024 0:00",1018.4,26.9,"TO"
"8/16/2024 0:10",1018,26.89,"TO"
"8/16/2024 0:20",1017.1,26.88,"TO"
"8/16/2024 0:30",1017.6,26.86,"TO"
"8/16/2024 0:40",1016.4,26.84,"TO"
"8/16/2024 0:50",1016,26.83,"TO"
"8/16/2024 1:00",1017.2,26.82,"TO"
"8/16/2024 1:10",1020.1,26.81,"TO"
"8/16/2024 1:20",1021,26.78,"TO"
"8/16/2024 1:30",1021.8,26.77,"TO"
"8/16/2024 1:40",1021,26.75,"TO"
"8/16/2024 1:50",1021,26.73,"TO"
"8/16/2024 2:00",1020.2,26.71,"TO"
"8/16/2024 2:10",1019,26.69,"TO"
"8/16/2024 2:20",1017.8,26.66,"TO"
"8/16/2024 2:30",1018.6,26.65,"TO"
"8/16/2024 2:40",1016.6,26.63,"TO"
"8/16/2024 2:50",1016.6,26.61,"TO"
"8/16/2024 3:00",1015.4,26.59,"TO"
"8/16/2024 3:10",1012.1,26.55,"TO"
"8/16/2024 3:20",1010.9,26.54,"TO"
"8/16/2024 3:30",1009.3,26.51,"TO"
"8/16/2024 3:40",1010.5,26.49,"TO"
"8/16/2024 3:50",1011,26.47,"TO"
"8/16/2024 4:00",1011.8,26.46,"TO"
"8/16/2024 4:10",1011,26.42,"TO"
"8/16/2024 4:20",1010.2,26.41,"TO"
"8/16/2024 4:30",1011,26.4,"TO"
"8/16/2024 4:40",1010.3,26.37,"TO"
"8/16/2024 4:50",1011.1,26.35,"TO"
"8/16/2024 5:00",1011.9,26.33,"TO"
"8/16/2024 5:10",1011.1,26.31,"TO"
"8/16/2024 5:20",1011.2,26.29,"TO"
"8/16/2024 5:30",1011.6,26.26,"TO"
"8/16/2024 5:40",1012.4,26.26,"TO"
"8/16/2024 5:50",1013.7,26.25,"TO"
"8/16/2024 6:00",1013.7,26.23,"TO"
"8/16/2024 6:10",1014.2,26.2,"TO"
"8/16/2024 6:20",1014.2,26.2,"TO"
"8/16/2024 6:30",1012.5,26.17,"TO"
"8/16/2024 6:40",1012.5,26.17,"TO"
"8/16/2024 6:50",1012.5,26.17,"TO"
"8/16/2024 7:00",1013,26.15,"TO"
"8/16/2024 7:10",1012.6,26.14,"TO"
"8/16/2024 7:20",1011.3,26.13,"TO"
"8/16/2024 7:30",1010.9,26.13,"TO"
"8/16/2024 7:40",1010.5,26.14,"TO"
"8/16/2024 7:50",1010.5,26.15,"TO"
"8/16/2024 8:00",1010.5,26.16,"TO"
"8/16/2024 8:10",1009.2,26.18,"TO"
"8/16/2024 8:20",1008.8,26.2,"TO"
"8/16/2024 8:30",1007.1,26.24,"TO"
"8/16/2024 8:40",1007.9,26.22,"TO"
"8/16/2024 8:50",1006.7,26.23,"TO"
"8/16/2024 9:00",1008.3,26.26,"TO"
"8/16/2024 9:10",1005.4,26.3,"TO"
"8/16/2024 9:20",1003.3,26.27,"TO"
"8/16/2024 9:30",996.6,26.35,"TO"
"8/16/2024 9:40",999.9,26.37,"TO"
"8/16/2024 9:50",1002,26.34,"TO"
"8/16/2024 10:00",1000.7,26.35,"TO"
"8/16/2024 10:10",997.4,26.39,"TO"
"8/16/2024 10:20",999.5,26.38,"TO"
"8/16/2024 10:30",1000.7,26.4,"TO"
"8/16/2024 10:40",1002.6,26.56,"TO"
"8/16/2024 10:50",999.2,26.59,"TO"
"8/16/2024 11:00",1000.5,26.56,"TO"
"8/16/2024 11:10",1002.2,26.56,"TO"
"8/16/2024 11:20",1003,26.59,"TO"
"8/16/2024 11:30",1002.9,26.65,"TO"
"8/16/2024 11:40",1002.9,26.65,"TO"
"8/16/2024 11:50",1004.1,26.71,"TO"
"8/16/2024 12:00",1004.4,26.78,"TO"
"8/16/2024 12:10",1005.1,26.89,"TO"
"8/16/2024 12:20",1005.6,26.84,"TO"
"8/16/2024 12:30",1007.2,26.88,"TO"
"8/16/2024 12:40",1009.7,26.89,"TO"
"8/16/2024 12:50",1010.5,26.91,"TO"
"8/16/2024 13:00",1012.4,27.03,"TO"
"8/16/2024 13:10",1012.4,27.09,"TO"
"8/16/2024 13:20",1014.4,27.1,"TO"
"8/16/2024 13:30",1017.3,27.16,"TO"
"8/16/2024 13:40",1016,27.15,"TO"
"8/16/2024 13:50",1016,27.19,"TO"
"1/11/2025 13:00",604.7,24.32,"TO"
"1/11/2025 13:10",596,24.55,"TO"
"1/11/2025 13:20",569.6,24.05,"TO"
"1/11/2025 13:30",570.3,24.36,"TO"
"1/11/2025 13:40",570.5,24.65,"TO"
"1/11/2025 13:50",564.8,24.71,"TO"
"1/11/2025 14:00",562.3,24.86,"TO"
"1/11/2025 14:10",560.2,24.98,"TO"
"1/11/2025 14:20",558.6,24.97,"TO"
"1/11/2025 14:30",555.8,24.98,"TO"
"1/11/2025 14:40",556.9,25.14,"TO"
"1/11/2025 14:50",555.2,25.23,"TO"
"1/11/2025 15:00",553.2,25.16,"TO"
"1/11/2025 15:10",554.8,25.25,"TO"
"1/11/2025 15:20",553.6,25.23,"TO"
"1/11/2025 15:30",553.2,25.19,"TO"
"1/11/2025 15:40",551.2,25.16,"TO"
"1/11/2025 15:50",553.2,25.16,"TO"
"1/11/2025 16:00",552.8,25.24,"TO"
"1/11/2025 16:10",552.4,25.19,"TO"
"1/11/2025 16:20",551.2,25.16,"TO"
"1/11/2025 16:30",550.8,25.16,"TO"
"1/11/2025 16:40",550,25.12,"TO"
"1/11/2025 16:50",550,25.07,"TO"
"1/11/2025 17:00",550.1,25.06,"TO"
"1/11/2025 17:10",550.9,25.03,"TO"
"1/11/2025 17:20",550.5,25.01,"TO"
"1/11/2025 17:30",550.1,24.94,"TO"
"1/11/2025 17:40",548.1,24.87,"TO"
"1/11/2025 17:50",547.4,24.81,"TO"
"1/11/2025 18:00",546.6,24.78,"TO"
"1/11/2025 18:10",546.6,24.74,"TO"
"1/11/2025 18:20",546.2,24.69,"TO"
"1/11/2025 18:30",545.9,24.62,"TO"
"1/11/2025 18:40",545.5,24.57,"TO"
"1/11/2025 18:50",545.1,24.53,"TO"
"1/11/2025 19:00",544.7,24.49,"TO"
"1/11/2025 19:10",544.3,24.46,"TO"
"1/11/2025 19:20",544.4,24.42,"TO"
"1/11/2025 19:30",543.6,24.38,"TO"
"1/11/2025 19:40",543.6,24.37,"TO"
"1/11/2025 19:50",543.2,24.31,"TO"
"1/11/2025 20:00",542.8,24.29,"TO"
"1/11/2025 20:10",542.9,24.26,"TO"
"1/11/2025 20:20",542.5,24.23,"TO"
"1/11/2025 20:30",542.5,24.21,"TO"
"1/11/2025 20:40",542.5,24.2,"TO"
"1/11/2025 20:50",542.5,24.18,"TO"
"1/11/2025 21:00",542.1,24.15,"TO"
"1/11/2025 21:10",542.1,24.13,"TO"
"1/11/2025 21:20",541.3,24.1,"TO"
"1/11/2025 21:30",541.3,24.09,"TO"
"1/11/2025 21:40",542.2,24.08,"TO"
"1/11/2025 21:50",540.6,24.03,"TO"
"1/11/2025 22:00",540.6,24.03,"TO"
"1/11/2025 22:10",541,24.01,"TO"
"1/11/2025 22:20",540.2,24,"TO"
"1/11/2025 22:30",539.8,23.97,"TO"
"1/11/2025 22:40",540.2,23.94,"TO"
"1/11/2025 22:50",539,23.91,"TO"
"1/11/2025 23:00",539,23.88,"TO"
"1/11/2025 23:10",539,23.88,"TO"
"1/11/2025 23:20",539,23.86,"TO"
"1/11/2025 23:30",539.1,23.85,"TO"
"1/11/2025 23:40",537.9,23.83,"TO"
"1/11/2025 23:50",538.3,23.81,"TO"
"1/12/2025 0:00",538.3,23.81,"TO"
"1/12/2025 0:10",538.3,23.78,"TO"
"1/12/2025 0:20",538.3,23.77,"TO"
"1/12/2025 0:30",537.9,23.76,"TO"
"1/12/2025 0:40",537.9,23.72,"TO"
"1/12/2025 0:50",537.5,23.71,"TO"
"1/12/2025 1:00",537.9,23.7,"TO"
"1/12/2025 1:10",537.5,23.67,"TO"
"1/12/2025 1:20",537.1,23.66,"TO"
"1/12/2025 1:30",537.2,23.62,"TO"
"1/12/2025 1:40",537.2,23.61,"TO"
"1/12/2025 1:50",539.2,23.61,"TO"
"1/12/2025 2:00",537.2,23.6,"TO"
"1/12/2025 2:10",536.8,23.57,"TO"
"1/12/2025 2:20",536,23.54,"TO"
"1/12/2025 2:30",536,23.53,"TO"
"1/12/2025 2:40",535.6,23.51,"TO"
"1/12/2025 2:50",536,23.49,"TO"
"1/12/2025 3:00",536,23.46,"TO"
"1/12/2025 3:10",535.6,23.46,"TO"
"1/12/2025 3:20",535.3,23.41,"TO"
"1/12/2025 3:30",535.3,23.42,"TO"
"1/12/2025 3:40",535.3,23.38,"TO"
"1/12/2025 3:50",534.5,23.36,"TO"
"1/12/2025 4:00",534.5,23.34,"TO"
"1/12/2025 4:10",533.7,23.33,"TO"
"1/12/2025 4:20",533.7,23.32,"TO"
"1/12/2025 4:30",534.1,23.3,"TO"
"1/12/2025 4:40",533.7,23.29,"TO"
"1/12/2025 4:50",533.3,23.26,"TO"
"1/12/2025 5:00",533.7,23.26,"TO"
"1/12/2025 5:10",533.7,23.24,"TO"
"1/12/2025 5:20",533.8,23.21,"TO"
"1/12/2025 5:30",533.8,23.19,"TO"
"1/12/2025 5:40",533.4,23.16,"TO"
"1/12/2025 5:50",533.4,23.15,"TO"
"1/12/2025 6:00",533.4,23.12,"TO"
"1/12/2025 6:10",533.4,23.11,"TO"
"1/12/2025 6:20",533,23.08,"TO"
"1/12/2025 6:30",533,23.07,"TO"
"1/12/2025 6:40",532.6,23.04,"TO"
"1/12/2025 6:50",533.1,23.02,"TO"
"1/12/2025 7:00",532.7,23.01,"TO"
"1/12/2025 7:10",532.7,22.96,"TO"
"1/12/2025 7:20",532.7,22.96,"TO"
"1/12/2025 7:30",532.7,22.95,"TO"
"1/12/2025 7:40",532.7,22.93,"TO"
"1/12/2025 7:50",532.7,22.92,"TO"
"1/12/2025 8:00",532.3,22.91,"TO"
"1/12/2025 8:10",532.3,22.9,"TO"
"1/12/2025 8:20",531.5,22.9,"TO"
"1/12/2025 8:30",531.1,22.9,"TO"
"1/12/2025 8:40",531.1,22.91,"TO"
"1/12/2025 8:50",530.7,22.93,"TO"
"1/12/2025 9:00",531.1,22.94,"TO"
"1/12/2025 9:10",531.9,22.99,"TO"
"1/12/2025 9:20",531.8,23.02,"TO"
"1/12/2025 9:30",531,23.06,"TO"
"1/12/2025 9:40",530.6,23.08,"TO"
"1/12/2025 9:50",530.2,23.11,"TO"
"1/12/2025 10:00",529.4,23.13,"TO"
"1/12/2025 10:10",529.3,23.17,"TO"
"1/12/2025 10:20",528.9,23.23,"TO"
"1/12/2025 10:30",528.9,23.27,"TO"
"1/12/2025 10:40",528.9,23.32,"TO"
"1/12/2025 10:50",528.8,23.36,"TO"
"1/12/2025 11:00",530,23.45,"TO"
"1/12/2025 11:10",530.4,23.5,"TO"
"1/12/2025 11:20",531.5,23.6,"TO"
"1/12/2025 11:30",532.7,23.68,"TO"
"1/12/2025 11:40",533.4,23.78,"TO"
"1/12/2025 11:50",534.2,23.86,"TO"
"1/12/2025 12:00",535.8,23.91,"TO"
"1/12/2025 12:10",536.9,24.01,"TO"
"1/12/2025 12:20",537.7,24.08,"TO"
"1/12/2025 12:30",538.9,24.17,"TO"
"1/12/2025 12:40",538.4,24.21,"TO"
"1/12/2025 12:50",538,24.26,"TO"
"1/12/2025 13:00",539.5,24.42,"TO"
"1/12/2025 13:10",538.7,24.49,"TO"
"1/12/2025 13:20",540.7,24.51,"TO"
"1/12/2025 13:30",541.5,24.56,"TO"
"1/12/2025 13:40",542.3,24.57,"TO"
"1/12/2025 13:50",543.1,24.6,"TO"
"1/12/2025 14:00",544.2,24.65,"TO"
"1/12/2025 14:10",545,24.8,"TO"
"1/12/2025 14:20",543.8,24.73,"TO"
"1/12/2025 14:30",544.6,24.78,"TO"
"1/12/2025 14:40",546.1,24.89,"TO"
"1/12/2025 14:50",546.9,24.96,"TO"
"1/12/2025 15:00",546.1,24.88,"TO"
"1/12/2025 15:10",548.1,24.98,"TO"
"1/12/2025 15:20",549.3,24.96,"TO"
"1/12/2025 15:30",550.1,24.94,"TO"
"1/12/2025 15:40",551.3,24.93,"TO"
"1/12/2025 15:50",551.8,24.89,"TO"
"1/12/2025 16:00",552.5,24.95,"TO"
"1/12/2025 16:10",552.6,24.9,"TO"
"1/12/2025 16:20",551.8,24.89,"TO"
"1/12/2025 16:30",551.8,24.88,"TO"
"1/12/2025 16:40",553,24.87,"TO"
"1/12/2025 16:50",553.4,24.86,"TO"
"1/12/2025 17:00",553.4,24.82,"TO"
"1/12/2025 17:10",553.8,24.81,"TO"
"1/12/2025 17:20",554.7,24.79,"TO"
"1/12/2025 17:30",554.3,24.77,"TO"
"1/12/2025 17:40",553.9,24.73,"TO"
"1/12/2025 17:50",553.5,24.68,"TO"
"1/12/2025 18:00",552.7,24.64,"TO"
"1/12/2025 18:10",551.5,24.59,"TO"
"1/12/2025 18:20",550.4,24.52,"TO"
"1/12/2025 18:30",549.6,24.47,"TO"
"1/12/2025 18:40",548.4,24.43,"TO"
"1/12/2025 18:50",548.4,24.38,"TO"
"1/12/2025 19:00",548.5,24.34,"TO"
"1/12/2025 19:10",547.7,24.29,"TO"
"1/12/2025 19:20",548.1,24.25,"TO"
"1/12/2025 19:30",547.7,24.21,"TO"
"1/12/2025 19:40",547.7,24.19,"TO"
"1/12/2025 19:50",548.2,24.15,"TO"
"1/12/2025 20:00",547.4,24.11,"TO"
"1/12/2025 20:10",547.4,24.1,"TO"
"1/12/2025 20:20",547,24.06,"TO"
"1/12/2025 20:30",545.8,24.03,"TO"
"1/12/2025 20:40",545.4,24.01,"TO"
"1/12/2025 20:50",545,23.97,"TO"
"1/12/2025 21:00",545,23.95,"TO"
"1/12/2025 21:10",545.1,23.94,"TO"
"1/12/2025 21:20",545.1,23.92,"TO"
"1/12/2025 21:30",545.1,23.89,"TO"
"1/12/2025 21:40",545.5,23.88,"TO"
"1/12/2025 21:50",545.1,23.87,"TO"
"1/12/2025 22:00",545.1,23.86,"TO"
"1/12/2025 22:10",545.1,23.84,"TO"
"1/12/2025 22:20",545.1,23.83,"TO"
"1/12/2025 22:30",545.5,23.8,"TO"
"1/12/2025 22:40",545.2,23.77,"TO"
"1/12/2025 22:50",544.8,23.77,"TO"
"1/12/2025 23:00",544.4,23.75,"TO"
"1/12/2025 23:10",544.8,23.72,"TO"
"1/12/2025 23:20",544.8,23.71,"TO"
"1/12/2025 23:30",544.4,23.69,"TO"
"1/12/2025 23:40",544.4,23.66,"TO"
"1/12/2025 23:50",543.2,23.64,"TO"
"1/13/2025 0:00",543.6,23.62,"TO"
"1/13/2025 0:10",543.2,23.6,"TO"
"1/13/2025 0:20",543.2,23.58,"TO"
"1/13/2025 0:30",542.8,23.58,"TO"
"1/13/2025 0:40",542.4,23.57,"TO"
"1/13/2025 0:50",542.5,23.54,"TO"
"1/13/2025 1:00",542.1,23.53,"TO"
"1/13/2025 1:10",542.1,23.51,"TO"
"1/13/2025 1:20",542.1,23.49,"TO"
"1/13/2025 1:30",542.1,23.49,"TO"
"1/13/2025 1:40",541.7,23.46,"TO"
"1/13/2025 1:50",541.7,23.45,"TO"
"1/13/2025 2:00",542.1,23.45,"TO"
"1/13/2025 2:10",542.1,23.43,"TO"
"1/13/2025 2:20",542.5,23.42,"TO"
"1/13/2025 2:30",541.7,23.4,"TO"
"1/13/2025 2:40",541.7,23.38,"TO"
"1/13/2025 2:50",541.3,23.37,"TO"
"1/13/2025 3:00",541.4,23.36,"TO"
"1/13/2025 3:10",541.4,23.36,"TO"
"1/13/2025 3:20",541.4,23.34,"TO"
"1/13/2025 3:30",541.4,23.32,"TO"
"1/13/2025 3:40",540.6,23.27,"TO"
"1/13/2025 3:50",541,23.28,"TO"
"1/13/2025 4:00",540.6,23.25,"TO"
"1/13/2025 4:10",540.6,23.24,"TO"
"1/13/2025 4:20",541,23.24,"TO"
"1/13/2025 4:30",540.6,23.21,"TO"
"1/13/2025 4:40",540.2,23.18,"TO"
"1/13/2025 4:50",540.2,23.18,"TO"
"1/13/2025 5:00",540.3,23.16,"TO"
"1/13/2025 5:10",540.7,23.16,"TO"
"1/13/2025 5:20",540.3,23.12,"TO"
"1/13/2025 5:30",539.9,23.1,"TO"
"1/13/2025 5:40",540.3,23.09,"TO"
"1/13/2025 5:50",540.3,23.1,"TO"
"1/13/2025 6:00",540.3,23.08,"TO"
"1/13/2025 6:10",540.3,23.07,"TO"
"1/13/2025 6:20",540.3,23.06,"TO"
"1/13/2025 6:30",540.3,23.04,"TO"
"1/13/2025 6:40",539.9,23.02,"TO"
"1/13/2025 6:50",539.5,23.01,"TO"
"1/13/2025 7:00",540.3,23,"TO"
"1/13/2025 7:10",539.9,23,"TO"
"1/13/2025 7:20",540.3,23,"TO"
"1/13/2025 7:30",540.4,22.99,"TO"
"1/13/2025 7:40",539.2,22.93,"TO"
"1/13/2025 7:50",540,22.95,"TO"
"1/13/2025 8:00",539.6,22.93,"TO"
"1/13/2025 8:10",540.4,22.94,"TO"
"1/13/2025 8:20",540.4,22.94,"TO"
"1/13/2025 8:30",540,22.94,"TO"
"1/13/2025 8:40",540,22.95,"TO"
"1/13/2025 8:50",540.4,22.96,"TO"
"1/13/2025 9:00",540.8,23,"TO"
"1/13/2025 9:10",540.7,23.03,"TO"
"1/13/2025 9:20",541.1,23.07,"TO"
"1/13/2025 9:30",541.5,23.08,"TO"
"1/13/2025 9:40",541.1,23.08,"TO"
"1/13/2025 9:50",539.9,23.1,"TO"
"1/13/2025 10:00",540.7,23.11,"TO"
"1/13/2025 10:10",540.3,23.15,"TO"
"1/13/2025 10:20",540.6,23.18,"TO"
"1/13/2025 10:30",539.4,23.2,"TO"
"1/13/2025 10:40",538.2,23.25,"TO"
"1/13/2025 10:50",537,23.26,"TO"
"1/13/2025 11:00",534.9,23.29,"TO"
"1/13/2025 11:10",534.9,23.32,"TO"
"1/13/2025 11:20",535.3,23.36,"TO"
"1/13/2025 11:30",534.8,23.43,"TO"
"1/13/2025 11:40",534.8,23.49,"TO"
"1/13/2025 11:50",535.6,23.55,"TO"
"1/13/2025 12:00",536.7,23.66,"TO"
"1/13/2025 12:10",537.5,23.76,"TO"
"1/13/2025 12:20",538.6,23.85,"TO"
"1/13/2025 12:30",539.4,23.94,"TO"
"1/13/2025 12:40",540.2,24.02,"TO"
"1/13/2025 12:50",540.9,24.08,"TO"
"1/13/2025 13:00",542.4,24.26,"TO"
"1/13/2025 13:10",544,24.36,"TO"
"1/13/2025 13:20",548.4,24.4,"TO"
"1/13/2025 13:30",549.6,24.49,"TO"
"1/13/2025 13:40",549.2,24.48,"TO"
"1/13/2025 13:50",551.2,24.56,"TO"
"1/13/2025 14:00",551.9,24.63,"TO"
"1/13/2025 14:10",555.1,24.8,"TO"
"1/13/2025 14:20",557.1,24.76,"TO"
"1/13/2025 14:30",558.3,24.8,"TO"
"1/13/2025 14:40",558.7,24.85,"TO"
"1/13/2025 14:50",559.8,24.93,"TO"
"1/13/2025 15:00",559.8,24.93,"TO"
"1/13/2025 15:10",559.8,24.94,"TO"
"1/13/2025 15:20",560.2,24.94,"TO"
"1/13/2025 15:30",561,24.97,"TO"
"1/13/2025 15:40",560.6,24.95,"TO"
"1/13/2025 15:50",560.2,24.95,"TO"
"1/13/2025 16:00",562.6,25.06,"TO"
"1/13/2025 16:10",562.2,24.97,"TO"
"1/13/2025 16:20",562.6,24.96,"TO"
"1/13/2025 16:30",563,25.01,"TO"
"1/13/2025 16:40",562.3,24.89,"TO"
"1/13/2025 16:50",562.3,24.86,"TO"
"1/13/2025 17:00",561.1,24.83,"TO"
"1/13/2025 17:10",561.1,24.8,"TO"
"1/13/2025 17:20",561.1,24.77,"TO"
"1/13/2025 17:30",560.8,24.72,"TO"
"1/13/2025 17:40",561.6,24.69,"TO"
"1/13/2025 17:50",561.2,24.64,"TO"
"1/13/2025 18:00",560,24.6,"TO"
"1/13/2025 18:10",560.1,24.54,"TO"
"1/13/2025 18:20",559.3,24.46,"TO"
"1/13/2025 18:30",558.1,24.4,"TO"
"1/13/2025 18:40",557.3,24.35,"TO"
"1/13/2025 18:50",557,24.28,"TO"
"1/13/2025 19:00",556.6,24.22,"TO"
"1/13/2025 19:10",556.6,24.17,"TO"
"1/13/2025 19:20",556.3,24.11,"TO"
"1/13/2025 19:30",555.9,24.05,"TO"
"1/13/2025 19:40",555.9,24.01,"TO"
"1/13/2025 19:50",555.1,23.95,"TO"
"1/13/2025 20:00",554.8,23.91,"TO"
"1/13/2025 20:10",554.4,23.86,"TO"
"1/13/2025 20:20",554.8,23.83,"TO"
"1/13/2025 20:30",554,23.78,"TO"
"1/13/2025 20:40",554.1,23.75,"TO"
"1/13/2025 20:50",553.7,23.71,"TO"
"1/13/2025 21:00",553.3,23.67,"TO"
"1/13/2025 21:10",552.9,23.64,"TO"
"1/13/2025 21:20",552.5,23.59,"TO"
"1/13/2025 21:30",552.1,23.58,"TO"
"1/13/2025 21:40",552.2,23.54,"TO"
"1/13/2025 21:50",551.4,23.51,"TO"
"1/13/2025 22:00",551,23.49,"TO"
"1/13/2025 22:10",551,23.47,"TO"
"1/13/2025 22:20",550.6,23.45,"TO"
"1/13/2025 22:30",550.2,23.44,"TO"
"1/13/2025 22:40",549.8,23.43,"TO"
"1/13/2025 22:50",550.2,23.41,"TO"
"1/13/2025 23:00",549.8,23.37,"TO"
"1/13/2025 23:10",549.8,23.36,"TO"
"1/13/2025 23:20",549.4,23.36,"TO"
"1/13/2025 23:30",549.4,23.34,"TO"
"1/13/2025 23:40",549.1,23.32,"TO"
"1/13/2025 23:50",549.1,23.3,"TO"
"1/14/2025 0:00",548.3,23.27,"TO"
"1/14/2025 0:10",547.9,23.27,"TO"
"1/14/2025 0:20",548.3,23.27,"TO"
"1/14/2025 0:30",547.9,23.25,"TO"
"1/14/2025 0:40",547.9,23.25,"TO"
"1/14/2025 0:50",547.9,23.23,"TO"
"1/14/2025 1:00",547.9,23.2,"TO"
"1/14/2025 1:10",547.9,23.2,"TO"
"1/14/2025 1:20",547.9,23.2,"TO"
"1/14/2025 1:30",547.9,23.18,"TO"
"1/14/2025 1:40",547.9,23.15,"TO"
"1/14/2025 1:50",547.5,23.16,"TO"
"1/14/2025 2:00",547.5,23.15,"TO"
"1/14/2025 2:10",547.5,23.13,"TO"
"1/14/2025 2:20",547.9,23.13,"TO"
"1/14/2025 2:30",548,23.11,"TO"
"1/14/2025 2:40",547.6,23.1,"TO"
"1/14/2025 2:50",547.6,23.09,"TO"
"1/14/2025 3:00",547.6,23.09,"TO"
"1/14/2025 3:10",548,23.09,"TO"
"1/14/2025 3:20",548,23.08,"TO"
"1/14/2025 3:30",547.6,23.06,"TO"
"1/14/2025 3:40",548,23.06,"TO"
"1/14/2025 3:50",548,23.03,"TO"
"1/14/2025 4:00",547.6,23.03,"TO"
"1/14/2025 4:10",547.6,23.02,"TO"
"1/14/2025 4:20",547.2,23.01,"TO"
"1/14/2025 4:30",547.6,23.01,"TO"
"1/14/2025 4:40",547.2,23,"TO"
"1/14/2025 4:50",547.2,22.99,"TO"
"1/14/2025 5:00",547.6,22.99,"TO"
"1/14/2025 5:10",547.6,22.96,"TO"
"1/14/2025 5:20",547.6,22.95,"TO"
"1/14/2025 5:30",548.1,22.95,"TO"
"1/14/2025 5:40",548.1,22.94,"TO"
"1/14/2025 5:50",547.7,22.93,"TO"
"1/14/2025 6:00",548.1,22.93,"TO"
"1/14/2025 6:10",547.7,22.93,"TO"
"1/14/2025 6:20",547.7,22.91,"TO"
"1/14/2025 6:30",547.7,22.91,"TO"
"1/14/2025 6:40",548.1,22.9,"TO"
"1/14/2025 6:50",548.1,22.89,"TO"
"1/14/2025 7:00",547.7,22.87,"TO"
"1/14/2025 7:10",547.7,22.87,"TO"
"1/14/2025 7:20",547.3,22.87,"TO"
"1/14/2025 7:30",547.7,22.87,"TO"
"1/14/2025 7:40",547.7,22.87,"TO"
"1/14/2025 7:50",547.7,22.87,"TO"
"1/14/2025 8:00",547.3,22.9,"TO"
"1/14/2025 8:10",547.7,22.91,"TO"
"1/14/2025 8:20",547.7,22.91,"TO"
"1/14/2025 8:30",547.7,22.92,"TO"
"1/14/2025 8:40",547.7,22.93,"TO"
"1/14/2025 8:50",548.1,22.95,"TO"
"1/14/2025 9:00",546.8,22.99,"TO"
"1/14/2025 9:10",546.4,23.02,"TO"
"1/14/2025 9:20",544.4,23,"TO"
"1/14/2025 9:30",544,23.02,"TO"
"1/14/2025 9:40",543.5,23.09,"TO"
"1/14/2025 9:50",542.7,23.1,"TO"
"1/14/2025 10:00",542.7,23.12,"TO"
"1/14/2025 10:10",541.9,23.15,"TO"
"1/14/2025 10:20",541.5,23.17,"TO"
"1/14/2025 10:30",541.4,23.19,"TO"
"1/14/2025 10:40",541.4,23.23,"TO"
"1/14/2025 10:50",541.4,23.26,"TO"
"1/14/2025 11:00",540.2,23.28,"TO"
"1/14/2025 11:10",539.3,23.33,"TO"
"1/14/2025 11:20",538.9,23.41,"TO"
"1/14/2025 11:30",539.7,23.49,"TO"
"1/14/2025 11:40",541.2,23.55,"TO"
"1/14/2025 11:50",542,23.63,"TO"
"1/14/2025 12:00",543.9,23.79,"TO"
"1/14/2025 12:10",544.8,23.77,"TO"
"1/14/2025 12:20",546.3,23.86,"TO"
"1/14/2025 12:30",548.3,23.95,"TO"
"1/14/2025 12:40",549.4,24.06,"TO"
"1/14/2025 12:50",549.4,24.08,"TO"
"1/14/2025 13:00",551.3,24.23,"TO"
"1/14/2025 13:10",552.9,24.29,"TO"
"1/14/2025 13:20",554.5,24.38,"TO"
"1/14/2025 13:30",555.7,24.42,"TO"
"1/14/2025 13:40",556.9,24.44,"TO"
"1/14/2025 13:50",557.7,24.46,"TO"
"1/14/2025 14:00",558.4,24.52,"TO"
"1/14/2025 14:10",560.8,24.68,"TO"
"1/14/2025 14:20",561.2,24.64,"TO"
"1/14/2025 14:30",562.3,24.76,"TO"
"1/14/2025 14:40",562.4,24.69,"TO"
"1/14/2025 14:50",563.1,24.79,"TO"
"1/14/2025 15:00",563.5,24.82,"TO"
"1/14/2025 15:10",564.7,24.9,"TO"
"1/14/2025 15:20",565.1,24.94,"TO"
"1/14/2025 15:30",566.3,24.93,"TO"
"1/14/2025 15:40",566.3,24.93,"TO"
"1/14/2025 15:50",566.3,24.87,"TO"
"1/14/2025 16:00",566.7,24.87,"TO"
"1/14/2025 16:10",566.7,24.85,"TO"
"1/14/2025 16:20",565.6,24.76,"TO"
"1/14/2025 16:30",566.7,24.89,"TO"
"1/14/2025 16:40",566.7,24.83,"TO"
"1/14/2025 16:50",566.4,24.79,"TO"
"1/14/2025 17:00",565.6,24.79,"TO"
"1/14/2025 17:10",565.2,24.76,"TO"
"1/14/2025 17:20",564.4,24.71,"TO"
"1/14/2025 17:30",564,24.7,"TO"
"1/14/2025 17:40",563.6,24.62,"TO"
"1/14/2025 17:50",562.8,24.6,"TO"
"1/14/2025 18:00",562.9,24.55,"TO"
"1/14/2025 18:10",562.1,24.49,"TO"
"1/14/2025 18:20",561.3,24.44,"TO"
"1/14/2025 18:30",561.4,24.37,"TO"
"1/14/2025 18:40",560.6,24.31,"TO"
"1/14/2025 18:50",561,24.27,"TO"
"1/14/2025 19:00",560.6,24.22,"TO"
"1/14/2025 19:10",560.7,24.18,"TO"
"1/14/2025 19:20",560.7,24.14,"TO"
"1/14/2025 19:30",560.3,24.08,"TO"
"1/14/2025 19:40",561.1,24.06,"TO"
"1/14/2025 19:50",560.8,24.03,"TO"
"1/14/2025 20:00",560.8,24,"TO"
"1/14/2025 20:10",561.6,23.98,"TO"
"1/14/2025 20:20",561.6,23.95,"TO"
"1/14/2025 20:30",562,23.92,"TO"
"1/14/2025 20:40",562,23.91,"TO"
"1/14/2025 20:50",562.5,23.89,"TO"
"1/14/2025 21:00",562.9,23.88,"TO"
"1/14/2025 21:10",562.9,23.86,"TO"
"1/14/2025 21:20",563.7,23.85,"TO"
"1/14/2025 21:30",563.7,23.83,"TO"
"1/14/2025 21:40",563.7,23.8,"TO"
"1/14/2025 21:50",563.7,23.77,"TO"
"1/14/2025 22:00",563.4,23.74,"TO"
"1/14/2025 22:10",563.4,23.72,"TO"
"1/14/2025 22:20",563,23.71,"TO"
"1/14/2025 22:30",563.4,23.69,"TO"
"1/14/2025 22:40",563,23.67,"TO"
"1/14/2025 22:50",563,23.66,"TO"
"1/14/2025 23:00",563,23.63,"TO"
"1/14/2025 23:10",563,23.6,"TO"
"1/14/2025 23:20",563,23.59,"TO"
"1/14/2025 23:30",563.1,23.58,"TO"
"1/14/2025 23:40",562.3,23.55,"TO"
"1/14/2025 23:50",561.9,23.5,"TO"
"1/15/2025 0:00",562.3,23.52,"TO"
"1/15/2025 0:10",561.9,23.5,"TO"
"1/15/2025 0:20",561.9,23.49,"TO"
"1/15/2025 0:30",561.5,23.47,"TO"
"1/15/2025 0:40",561.5,23.46,"TO"
"1/15/2025 0:50",561.1,23.43,"TO"
"1/15/2025 1:00",561.1,23.43,"TO"
"1/15/2025 1:10",560.7,23.42,"TO"
"1/15/2025 1:20",559.9,23.42,"TO"
"1/15/2025 1:30",559.5,23.38,"TO"
"1/15/2025 1:40",559.5,23.38,"TO"
"1/15/2025 1:50",559.5,23.36,"TO"
"1/15/2025 2:00",559.9,23.37,"TO"
"1/15/2025 2:10",559.5,23.35,"TO"
"1/15/2025 2:20",558.8,23.33,"TO"
"1/15/2025 2:30",558.8,23.33,"TO"
"1/15/2025 2:40",558.8,23.33,"TO"
"1/15/2025 2:50",558.8,23.3,"TO"
"1/15/2025 3:00",558,23.27,"TO"
"1/15/2025 3:10",558.4,23.26,"TO"
"1/15/2025 3:20",558.8,23.26,"TO"
"1/15/2025 3:30",558.8,23.25,"TO"
"1/15/2025 3:40",558.8,23.24,"TO"
"1/15/2025 3:50",558.8,23.24,"TO"
"1/15/2025 4:00",558.8,23.2,"TO"
"1/15/2025 4:10",558.4,23.19,"TO"
"1/15/2025 4:20",558.8,23.2,"TO"
"1/15/2025 4:30",558.8,23.19,"TO"
"1/15/2025 4:40",558.9,23.16,"TO"
"1/15/2025 4:50",557.7,23.13,"TO"
"1/15/2025 5:00",558.5,23.15,"TO"
"1/15/2025 5:10",558.1,23.13,"TO"
"1/15/2025 5:20",558.1,23.13,"TO"
"1/15/2025 5:30",558.5,23.13,"TO"
"1/15/2025 5:40",558.1,23.11,"TO"
"1/15/2025 5:50",558.1,23.09,"TO"
"1/15/2025 6:00",558.1,23.09,"TO"
"1/15/2025 6:10",557.7,23.07,"TO"
"1/15/2025 6:20",557.7,23.07,"TO"
"1/15/2025 6:30",557.7,23.06,"TO"
"1/15/2025 6:40",557.7,23.03,"TO"
"1/15/2025 6:50",557.7,23.04,"TO"
"1/15/2025 7:00",557.7,23.04,"TO"
"1/15/2025 7:10",557.7,23.03,"TO"
"1/15/2025 7:20",557.7,23.02,"TO"
"1/15/2025 7:30",557.7,23.02,"TO"
"1/15/2025 7:40",557.7,23.02,"TO"
"1/15/2025 7:50",557.7,23.01,"TO"
"1/15/2025 8:00",557.7,23,"TO"
"1/15/2025 8:10",557.7,23.02,"TO"
"1/15/2025 8:20",558.5,23.03,"TO"
"1/15/2025 8:30",558.1,23.03,"TO"
"1/15/2025 8:40",558.9,23.03,"TO"
"1/15/2025 8:50",558.9,23.06,"TO"
"1/15/2025 9:00",558.9,23.08,"TO"
"1/15/2025 9:10",558.9,23.07,"TO"
"1/15/2025 9:20",558.9,23.08,"TO"
"1/15/2025 9:30",558.9,23.1,"TO"
"1/15/2025 9:40",558.9,23.11,"TO"
"1/15/2025 9:50",559.3,23.15,"TO"
"1/15/2025 10:00",559.6,23.2,"TO"
"1/15/2025 10:10",558.8,23.19,"TO"
"1/15/2025 10:20",558.8,23.21,"TO"
"1/15/2025 10:30",558.8,23.27,"TO"
"1/15/2025 10:40",558.4,23.3,"TO"
"1/15/2025 10:50",558.7,23.37,"TO"
"1/15/2025 11:00",559.9,23.46,"TO"
"1/15/2025 11:10",561.9,23.55,"TO"
"1/15/2025 11:20",563,23.63,"TO"
"1/15/2025 11:30",564.2,23.7,"TO"
"1/15/2025 11:40",564.2,23.71,"TO"
"1/15/2025 11:50",564.5,23.78,"TO"
"1/15/2025 12:00",564.9,23.8,"TO"
"1/15/2025 12:10",565.7,23.84,"TO"
"1/15/2025 12:20",565.7,23.91,"TO"
"1/15/2025 12:30",566,23.97,"TO"
"1/15/2025 12:40",566,24.03,"TO"
"1/15/2025 12:50",566.4,24.11,"TO"
"1/15/2025 13:00",566.8,24.13,"TO"
"1/15/2025 13:10",567.9,24.2,"TO"
"1/15/2025 13:20",567.9,24.2,"TO"
"1/15/2025 13:30",569.1,24.27,"TO"
"1/15/2025 13:40",571.5,24.35,"TO"
"1/15/2025 13:50",572.7,24.42,"TO"
"1/15/2025 14:00",573.9,24.43,"TO"
"1/15/2025 14:10",575.8,24.55,"TO"
"1/15/2025 14:20",575.8,24.55,"TO"
"1/15/2025 14:30",577.4,24.6,"TO"
"1/15/2025 14:40",577.8,24.62,"TO"
"1/15/2025 14:50",578.9,24.72,"TO"
"1/15/2025 15:00",578.5,24.76,"TO"
"1/15/2025 15:10",578.9,24.8,"TO"
"1/15/2025 15:20",579.7,24.82,"TO"
"1/15/2025 15:30",580.5,24.89,"TO"
"1/15/2025 15:40",579.7,24.85,"TO"
"1/15/2025 15:50",580.1,24.81,"TO"
"1/15/2025 16:00",579.7,24.82,"TO"
"1/15/2025 16:10",579.7,24.82,"TO"
"1/15/2025 16:20",579.3,24.83,"TO"
"1/15/2025 16:30",579.3,24.82,"TO"
"1/15/2025 16:40",578.9,24.72,"TO"
"1/15/2025 16:50",579.7,24.76,"TO"
"1/15/2025 17:00",579.8,24.71,"TO"
"1/15/2025 17:10",579.8,24.69,"TO"
"1/15/2025 17:20",579.8,24.68,"TO"
"1/15/2025 17:30",579.8,24.64,"TO"
"1/15/2025 17:40",579,24.61,"TO"
"1/15/2025 17:50",578.6,24.57,"TO"
"1/15/2025 18:00",577.4,24.54,"TO"
"1/15/2025 18:10",577.5,24.49,"TO"
"1/15/2025 18:20",576.7,24.47,"TO"
"1/15/2025 18:30",576.7,24.44,"TO"
"1/15/2025 18:40",576.3,24.4,"TO"
"1/15/2025 18:50",576.7,24.36,"TO"
"1/15/2025 19:00",576.3,24.34,"TO"
"1/15/2025 19:10",577.2,24.3,"TO"
"1/15/2025 19:20",577.2,24.27,"TO"
"1/15/2025 19:30",576.4,24.22,"TO"
"1/15/2025 19:40",576.8,24.2,"TO"
"1/15/2025 19:50",576.4,24.17,"TO"
"1/15/2025 20:00",575.7,24.14,"TO"
"1/15/2025 20:10",575.7,24.11,"TO"
"1/15/2025 20:20",575.7,24.09,"TO"
"1/15/2025 20:30",575.7,24.08,"TO"
"1/15/2025 20:40",575.7,24.08,"TO"
"1/15/2025 20:50",575.7,24.06,"TO"
"1/15/2025 21:00",575.7,24.05,"TO"
"1/15/2025 21:10",575.3,24.03,"TO"
"1/15/2025 21:20",575.7,24.02,"TO"
"1/15/2025 21:30",575.3,24.01,"TO"
"1/15/2025 21:40",575.7,24,"TO"
"1/15/2025 21:50",575.7,24,"TO"
"1/15/2025 22:00",576.6,23.98,"TO"
"1/15/2025 22:10",577,23.97,"TO"
"1/15/2025 22:20",577,23.96,"TO"
"1/15/2025 22:30",577.4,23.95,"TO"
"1/15/2025 22:40",577.4,23.93,"TO"
"1/15/2025 22:50",577,23.92,"TO"
"1/15/2025 23:00",577,23.91,"TO"
"1/15/2025 23:10",577.8,23.89,"TO"
"1/15/2025 23:20",576.6,23.88,"TO"
"1/15/2025 23:30",576.6,23.87,"TO"
"1/15/2025 23:40",576.6,23.86,"TO"
"1/15/2025 23:50",577,23.86,"TO"
"1/16/2025 0:00",577.1,23.84,"TO"
"1/16/2025 0:10",577.1,23.84,"TO"
"1/16/2025 0:20",576.7,23.83,"TO"
"1/16/2025 0:30",576.7,23.8,"TO"
"1/16/2025 0:40",576.7,23.8,"TO"
"1/16/2025 0:50",576.7,23.78,"TO"
"1/16/2025 1:00",576.7,23.77,"TO"
"1/16/2025 1:10",576.3,23.76,"TO"
"1/16/2025 1:20",575.5,23.7,"TO"
"1/16/2025 1:30",575.9,23.72,"TO"
"1/16/2025 1:40",576.3,23.72,"TO"
"1/16/2025 1:50",576.3,23.71,"TO"
"1/16/2025 2:00",576.7,23.7,"TO"
"1/16/2025 2:10",575.9,23.69,"TO"
"1/16/2025 2:20",575.9,23.68,"TO"
"1/16/2025 2:30",575.9,23.67,"TO"
"1/16/2025 2:40",575.9,23.67,"TO"
"1/16/2025 2:50",575.1,23.66,"TO"
"1/16/2025 3:00",574.3,23.66,"TO"
"1/16/2025 3:10",573.9,23.66,"TO"
"1/16/2025 3:20",573.5,23.64,"TO"
"1/16/2025 3:30",573.5,23.64,"TO"
"1/16/2025 3:40",573.5,23.63,"TO"
"1/16/2025 3:50",573.5,23.63,"TO"
"1/16/2025 4:00",573.1,23.62,"TO"
"1/16/2025 4:10",573.6,23.61,"TO"
"1/16/2025 4:20",572.7,23.61,"TO"
"1/16/2025 4:30",572.7,23.6,"TO"
"1/16/2025 4:40",572,23.58,"TO"
"1/16/2025 4:50",571.5,23.58,"TO"
"1/16/2025 5:00",571.2,23.55,"TO"
"1/16/2025 5:10",570.8,23.55,"TO"
"1/16/2025 5:20",570,23.54,"TO"
"1/16/2025 5:30",569.5,23.54,"TO"
"1/16/2025 5:40",569.1,23.53,"TO"
"1/16/2025 5:50",568.8,23.52,"TO"
"1/16/2025 6:00",569.2,23.52,"TO"
"1/16/2025 6:10",568.3,23.52,"TO"
"1/16/2025 6:20",568.8,23.51,"TO"
"1/16/2025 6:30",568.8,23.51,"TO"
"1/16/2025 6:40",569.2,23.5,"TO"
"1/16/2025 6:50",569.2,23.5,"TO"
"1/16/2025 7:00",569.6,23.49,"TO"
"1/16/2025 7:10",569.6,23.49,"TO"
"1/16/2025 7:20",569.6,23.46,"TO"
"1/16/2025 7:30",569.6,23.46,"TO"
"1/16/2025 7:40",570,23.46,"TO"
"1/16/2025 7:50",570.4,23.47,"TO"
"1/16/2025 8:00",570.8,23.46,"TO"
"1/16/2025 8:10",570.8,23.46,"TO"
"1/16/2025 8:20",570.8,23.46,"TO"
"1/16/2025 8:30",570.8,23.46,"TO"
"1/16/2025 8:40",570.8,23.49,"TO"
"1/16/2025 8:50",571.2,23.5,"TO"
"1/16/2025 9:00",571.6,23.52,"TO"
"1/16/2025 9:10",572.8,23.57,"TO"
"1/16/2025 9:20",572.8,23.58,"TO"
"1/16/2025 9:30",573.1,23.61,"TO"
"1/16/2025 9:40",573.9,23.64,"TO"
"1/16/2025 9:50",575.1,23.7,"TO"
"1/16/2025 10:00",575.1,23.75,"TO"
"1/16/2025 10:10",575.9,23.78,"TO"
"1/16/2025 10:20",575.8,23.83,"TO"
"1/16/2025 10:30",577,23.92,"TO"
"1/16/2025 10:40",577.8,24.01,"TO"
"1/16/2025 10:50",578.9,24.06,"TO"
"1/16/2025 11:00",580.1,24.17,"TO"
"1/16/2025 11:10",580.9,24.25,"TO"
"1/16/2025 11:20",582.4,24.31,"TO"
"1/16/2025 11:30",584.4,24.44,"TO"
"1/16/2025 11:40",585.9,24.51,"TO"
"1/16/2025 11:50",587.1,24.59,"TO"
"1/16/2025 12:00",588.7,24.71,"TO"
"1/16/2025 12:10",589.4,24.76,"TO"
"1/16/2025 12:20",590.6,24.85,"TO"
"1/16/2025 12:30",591.8,24.91,"TO"
"1/16/2025 12:40",593.7,25.02,"TO"
"1/16/2025 12:50",595.7,25.06,"TO"
"1/16/2025 13:00",596.4,25.2,"TO"
"1/16/2025 13:10",597.6,25.32,"TO"
"1/16/2025 13:20",597.2,25.25,"TO"
"1/16/2025 13:30",596.4,25.32,"TO"
"1/16/2025 13:40",597.5,25.44,"TO"
"1/16/2025 13:50",596.7,25.45,"TO"
"1/16/2025 14:00",597.9,25.52,"TO"
"1/16/2025 14:10",599.4,25.61,"TO"
"1/16/2025 14:20",597.8,25.54,"TO"
"1/16/2025 14:30",598.2,25.55,"TO"
"1/16/2025 14:40",600.6,25.63,"TO"
"1/16/2025 14:50",601.4,25.69,"TO"
"1/16/2025 15:00",601.4,25.66,"TO"
"1/16/2025 15:10",602.9,25.86,"TO"
"1/16/2025 15:20",600.2,25.72,"TO"
"1/16/2025 15:30",599.8,25.62,"TO"
"1/16/2025 15:40",599.8,25.56,"TO"
"1/16/2025 15:50",599.9,25.55,"TO"
"1/16/2025 16:00",599.9,25.54,"TO"
"1/16/2025 16:10",598.6,25.59,"TO"
"1/16/2025 16:20",597.9,25.49,"TO"
"1/16/2025 16:30",597.5,25.47,"TO"
"1/16/2025 16:40",596.8,25.35,"TO"
"1/16/2025 16:50",596.8,25.32,"TO"
"1/16/2025 17:00",596.4,25.29,"TO"
"1/16/2025 17:10",595.6,25.2,"TO"
"1/16/2025 17:20",594.8,25.19,"TO"
"1/16/2025 17:30",594.9,25.14,"TO"
"1/16/2025 17:40",594.5,25.08,"TO"
"1/16/2025 17:50",593.7,24.99,"TO"
"1/16/2025 18:00",593.8,24.95,"TO"
"1/16/2025 18:10",592.6,24.9,"TO"
"1/16/2025 18:20",592.6,24.83,"TO"
"1/16/2025 18:30",592.3,24.78,"TO"
"1/16/2025 18:40",591.5,24.72,"TO"
"1/16/2025 18:50",590.7,24.66,"TO"
"1/16/2025 19:00",590.3,24.61,"TO"
"1/16/2025 19:10",590,24.57,"TO"
"1/16/2025 19:20",589.2,24.53,"TO"
"1/16/2025 19:30",588.4,24.49,"TO"
"1/16/2025 19:40",587.6,24.46,"TO"
"1/16/2025 19:50",587.2,24.42,"TO"
"1/16/2025 20:00",587.2,24.39,"TO"
"1/16/2025 20:10",587.3,24.35,"TO"
"1/16/2025 20:20",586.5,24.34,"TO"
"1/16/2025 20:30",586.5,24.3,"TO"
"1/16/2025 20:40",585.7,24.28,"TO"
"1/16/2025 20:50",585.3,24.26,"TO"
"1/16/2025 21:00",584.5,24.21,"TO"
"1/16/2025 21:10",584.1,24.2,"TO"
"1/16/2025 21:20",584.1,24.19,"TO"
"1/16/2025 21:30",583.3,24.15,"TO"
"1/16/2025 21:40",583,24.12,"TO"
"1/16/2025 21:50",583,24.12,"TO"
"1/16/2025 22:00",582.6,24.1,"TO"
"1/16/2025 22:10",582.2,24.06,"TO"
"1/16/2025 22:20",582.2,24.06,"TO"
"1/16/2025 22:30",581.8,24.04,"TO"
"1/16/2025 22:40",581.4,24.01,"TO"
"1/16/2025 22:50",581.4,24.01,"TO"
"1/16/2025 23:00",580.6,23.97,"TO"
"1/16/2025 23:10",580.2,23.96,"TO"
"1/16/2025 23:20",579.8,23.95,"TO"
"1/16/2025 23:30",579.8,23.94,"TO"
"1/16/2025 23:40",579.4,23.92,"TO"
"1/16/2025 23:50",579.4,23.91,"TO"
"1/17/2025 0:00",579.1,23.87,"TO"
"1/17/2025 0:10",577.8,23.87,"TO"
"1/17/2025 0:20",577.4,23.86,"TO"
"1/17/2025 0:30",577,23.85,"TO"
"1/17/2025 0:40",576.3,23.83,"TO"
"1/17/2025 0:50",576.7,23.8,"TO"
"1/17/2025 1:00",575.9,23.78,"TO"
"1/17/2025 1:10",575.5,23.77,"TO"
"1/17/2025 1:20",575.1,23.74,"TO"
"1/17/2025 1:30",574.7,23.7,"TO"
"1/17/2025 1:40",574.7,23.71,"TO"
"1/17/2025 1:50",574.7,23.68,"TO"
"1/17/2025 2:00",574.7,23.68,"TO"
"1/17/2025 2:10",574.7,23.66,"TO"
"1/17/2025 2:20",574.7,23.64,"TO"
"1/17/2025 2:30",574.3,23.63,"TO"
"1/17/2025 2:40",574.4,23.6,"TO"
"1/17/2025 2:50",574.8,23.61,"TO"
"1/17/2025 3:00",574.4,23.58,"TO"
"1/17/2025 3:10",574,23.57,"TO"
"1/17/2025 3:20",573.6,23.55,"TO"
"1/17/2025 3:30",573.6,23.53,"TO"
"1/17/2025 3:40",573.6,23.53,"TO"
"1/17/2025 3:50",573.2,23.51,"TO"
"1/17/2025 4:00",573.2,23.51,"TO"
"1/17/2025 4:10",573.2,23.49,"TO"
"1/17/2025 4:20",573.2,23.46,"TO"
"1/17/2025 4:30",572.4,23.45,"TO"
"1/17/2025 4:40",572.8,23.44,"TO"
"1/17/2025 4:50",572.5,23.42,"TO"
"1/17/2025 5:00",572.9,23.42,"TO"
"1/17/2025 5:10",572.5,23.38,"TO"
"1/17/2025 5:20",572.1,23.37,"TO"
"1/17/2025 5:30",571.7,23.34,"TO"
"1/17/2025 5:40",571.7,23.33,"TO"
"1/17/2025 5:50",571.7,23.33,"TO"
"1/17/2025 6:00",571.3,23.32,"TO"
"1/17/2025 6:10",571.3,23.28,"TO"
"1/17/2025 6:20",571.3,23.28,"TO"
"1/17/2025 6:30",570.9,23.26,"TO"
"1/17/2025 6:40",571.7,23.25,"TO"
"1/17/2025 6:50",571.4,23.23,"TO"
"1/17/2025 7:00",571,23.23,"TO"
"1/17/2025 7:10",570.6,23.21,"TO"
"1/17/2025 7:20",570.2,23.2,"TO"
"1/17/2025 7:30",570.2,23.18,"TO"
"1/17/2025 7:40",569.8,23.17,"TO"
"1/17/2025 7:50",569.8,23.17,"TO"
"1/17/2025 8:00",569.8,23.17,"TO"
"1/17/2025 8:10",570.2,23.17,"TO"
"1/17/2025 8:20",569.8,23.17,"TO"
"1/17/2025 8:30",569.8,23.18,"TO"
"1/17/2025 8:40",569.3,23.2,"TO"
"1/17/2025 8:50",569.7,23.24,"TO"
"1/17/2025 9:00",570.5,23.27,"TO"
"1/17/2025 9:10",570.1,23.33,"TO"
"1/17/2025 9:20",570.4,23.41,"TO"
"1/17/2025 9:30",569.6,23.38,"TO"
"1/17/2025 9:40",569.6,23.4,"TO"
"1/17/2025 9:50",569.6,23.45,"TO"
"1/17/2025 10:00",570.4,23.51,"TO"
"1/17/2025 10:10",571.2,23.55,"TO"
"1/17/2025 10:20",571.5,23.62,"TO"
"1/17/2025 10:30",571.9,23.7,"TO"
"1/17/2025 10:40",573.4,23.79,"TO"
"1/17/2025 10:50",574.2,23.89,"TO"
"1/17/2025 11:00",575.3,24,"TO"
"1/17/2025 11:10",576.9,24.09,"TO"
"1/17/2025 11:20",578.4,24.22,"TO"
"1/17/2025 11:30",579.6,24.35,"TO"
"1/17/2025 11:40",581.9,24.48,"TO"
"1/17/2025 11:50",582.7,24.53,"TO"
"1/17/2025 12:00",583.8,24.64,"TO"
"1/17/2025 12:10",585,24.73,"TO"
"1/17/2025 12:20",586.2,24.82,"TO"
"1/17/2025 12:30",587.3,24.94,"TO"
"1/17/2025 12:40",588.5,24.99,"TO"
"1/17/2025 12:50",589.2,25.06,"TO"
"1/17/2025 13:00",590.4,25.15,"TO"
"1/17/2025 13:10",590.4,25.2,"TO"
"1/17/2025 13:20",591.9,25.27,"TO"
"1/17/2025 13:30",591.2,25.19,"TO"
"1/17/2025 13:40",593.1,25.36,"TO"
"1/17/2025 13:50",594.7,25.39,"TO"
"1/17/2025 14:00",595.5,25.42,"TO"
"1/17/2025 14:10",595.5,25.44,"TO"
"1/17/2025 14:20",596.3,25.45,"TO"
"1/17/2025 14:30",596.3,25.46,"TO"
"1/17/2025 14:40",596.7,25.45,"TO"
"1/17/2025 14:50",596.3,25.44,"TO"
"1/17/2025 15:00",596.7,25.44,"TO"
"1/17/2025 15:10",597.1,25.45,"TO"
"1/17/2025 15:20",596.3,25.42,"TO"
"1/17/2025 15:30",596.7,25.45,"TO"
"1/17/2025 15:40",596.7,25.4,"TO"
"1/17/2025 15:50",597.5,25.46,"TO"
"1/17/2025 16:00",597.1,25.41,"TO"
"1/17/2025 16:10",597.1,25.4,"TO"
"1/17/2025 16:20",596.7,25.37,"TO"
"1/17/2025 16:30",596.3,25.35,"TO"
"1/17/2025 16:40",596.4,25.31,"TO"
"1/17/2025 16:50",596.4,25.29,"TO"
"1/17/2025 17:00",596,25.24,"TO"
"1/17/2025 17:10",596,25.21,"TO"
"1/17/2025 17:20",595.2,25.16,"TO"
"1/17/2025 17:30",594.5,25.11,"TO"
"1/17/2025 17:40",594.5,25.04,"TO"
"1/17/2025 17:50",594.5,25.04,"TO"
"1/17/2025 18:00",594.5,25.02,"TO"
"1/17/2025 18:10",593.3,24.97,"TO"
"1/17/2025 18:20",593,24.94,"TO"
"1/17/2025 18:30",592.2,24.9,"TO"
"1/17/2025 18:40",591.8,24.86,"TO"
"1/17/2025 18:50",591.4,24.81,"TO"
"1/17/2025 19:00",591.4,24.78,"TO"
"1/17/2025 19:10",591.5,24.74,"TO"
"1/17/2025 19:20",591.1,24.7,"TO"
"1/17/2025 19:30",590.3,24.65,"TO"
"1/17/2025 19:40",590.3,24.63,"TO"
"1/17/2025 19:50",589.9,24.59,"TO"
"1/17/2025 20:00",589.6,24.55,"TO"
"1/17/2025 20:10",588.4,24.53,"TO"
"1/17/2025 20:20",588,24.51,"TO"
"1/17/2025 20:30",587.2,24.48,"TO"
"1/17/2025 20:40",587.6,24.47,"TO"
"1/17/2025 20:50",587.2,24.45,"TO"
"1/17/2025 21:00",587.2,24.43,"TO"
"1/17/2025 21:10",587.2,24.42,"TO"
"1/17/2025 21:20",587.2,24.37,"TO"
"1/17/2025 21:30",586.9,24.35,"TO"
"1/17/2025 21:40",587.3,24.34,"TO"
"1/17/2025 21:50",586.5,24.3,"TO"
"1/17/2025 22:00",586.5,24.28,"TO"
"1/17/2025 22:10",586.1,24.26,"TO"
"1/17/2025 22:20",586.1,24.25,"TO"
"1/17/2025 22:30",586.1,24.23,"TO"
"1/17/2025 22:40",586.1,24.21,"TO"
"1/17/2025 22:50",586.1,24.2,"TO"
"1/17/2025 23:00",586.1,24.19,"TO"
"1/17/2025 23:10",586.2,24.18,"TO"
"1/17/2025 23:20",586.2,24.17,"TO"
"1/17/2025 23:30",586.2,24.15,"TO"
"1/17/2025 23:40",586.2,24.15,"TO"
"1/17/2025 23:50",586.2,24.15,"TO"
"1/18/2025 0:00",586.2,24.14,"TO"
"1/18/2025 0:10",586.2,24.14,"TO"
"1/18/2025 0:20",582.1,24.13,"TO"
"1/18/2025 0:30",567.6,24.08,"TO"
"1/18/2025 0:40",563.2,24.08,"TO"
"1/18/2025 0:50",562.4,24.06,"TO"
"1/18/2025 1:00",562.8,24.05,"TO"
"1/18/2025 1:10",564,24.05,"TO"
"1/18/2025 1:20",564,24.04,"TO"
"1/18/2025 1:30",564.8,24.04,"TO"
"1/18/2025 1:40",564.8,24.02,"TO"
"1/18/2025 1:50",565.6,24.01,"TO"
"1/18/2025 2:00",565.6,23.98,"TO"
"1/18/2025 2:10",565.2,23.97,"TO"
"1/18/2025 2:20",565.7,23.96,"TO"
"1/18/2025 2:30",565.7,23.95,"TO"
"1/18/2025 2:40",565.7,23.94,"TO"
"1/18/2025 2:50",565.7,23.93,"TO"
"1/18/2025 3:00",565.7,23.92,"TO"
"1/18/2025 3:10",565.7,23.89,"TO"
"1/18/2025 3:20",565.7,23.89,"TO"
"1/18/2025 3:30",566.1,23.88,"TO"
"1/18/2025 3:40",565.7,23.88,"TO"
"1/18/2025 3:50",566.1,23.86,"TO"
"1/18/2025 4:00",566.5,23.86,"TO"
"1/18/2025 4:10",566.1,23.84,"TO"
"1/18/2025 4:20",564.5,23.83,"TO"
"1/18/2025 4:30",564.1,23.81,"TO"
"1/18/2025 4:40",556.9,23.77,"TO"
"1/18/2025 4:50",549.2,23.75,"TO"
"1/18/2025 5:00",546.8,23.75,"TO"
"1/18/2025 5:10",546.4,23.75,"TO"
"1/18/2025 5:20",546,23.72,"TO"
"1/18/2025 5:30",545.6,23.72,"TO"
"1/18/2025 5:40",540.4,23.68,"TO"
"1/18/2025 5:50",537.1,23.67,"TO"
"1/18/2025 6:00",536.3,23.68,"TO"
"1/18/2025 6:10",531.1,23.64,"TO"
"1/18/2025 6:20",527.5,23.62,"TO"
"1/18/2025 6:30",527.9,23.62,"TO"
"1/18/2025 6:40",527.9,23.63,"TO"
"1/18/2025 6:50",527.1,23.62,"TO"
"1/18/2025 7:00",526.7,23.61,"TO"
"1/18/2025 7:10",527.9,23.63,"TO"
"1/18/2025 7:20",527.5,23.62,"TO"
"1/18/2025 7:30",527.5,23.62,"TO"
"1/18/2025 7:40",528.3,23.62,"TO"
"1/18/2025 7:50",528.7,23.62,"TO"
"1/18/2025 8:00",528.7,23.62,"TO"
"1/18/2025 8:10",529.1,23.62,"TO"
"1/18/2025 8:20",529.5,23.63,"TO"
"1/18/2025 8:30",529.9,23.63,"TO"
"1/18/2025 8:40",529.9,23.63,"TO"
"1/18/2025 8:50",530.3,23.64,"TO"
"1/18/2025 9:00",531.1,23.64,"TO"
"1/18/2025 9:10",531.1,23.64,"TO"
"1/18/2025 9:20",530.7,23.64,"TO"
"1/18/2025 9:30",531.1,23.66,"TO"
"1/18/2025 9:40",531.1,23.67,"TO"
"1/18/2025 9:50",530.7,23.68,"TO"
"1/18/2025 10:00",531.1,23.69,"TO"
"1/18/2025 10:10",531.5,23.69,"TO"
"1/18/2025 10:20",531.9,23.72,"TO"
"1/18/2025 10:30",531.8,23.75,"TO"
"1/18/2025 10:40",531.8,23.75,"TO"
"1/18/2025 10:50",533.5,23.76,"TO"
"1/18/2025 11:00",533.4,23.8,"TO"
"1/18/2025 11:10",533,23.84,"TO"
"1/18/2025 11:20",533,23.81,"TO"
"1/18/2025 11:30",533.4,23.86,"TO"
"1/18/2025 11:40",531.8,23.88,"TO"
"1/18/2025 11:50",530.9,23.91,"TO"
"1/18/2025 12:00",532.5,23.93,"TO"
"1/18/2025 12:10",532.5,24,"TO"
"1/18/2025 12:20",532.9,24.04,"TO"
"1/18/2025 12:30",531.7,24.08,"TO"
"1/18/2025 12:40",530.8,24.1,"TO"
"1/18/2025 12:50",531.6,24.15,"TO"
"1/18/2025 13:00",533.6,24.26,"TO"
"1/18/2025 13:10",536.3,24.36,"TO"
"1/18/2025 13:20",542,24.4,"TO"
"1/18/2025 13:30",542.3,24.44,"TO"
"1/18/2025 13:40",540.7,24.46,"TO"
"1/18/2025 13:50",539.9,24.51,"TO"
"1/18/2025 14:00",543.9,24.56,"TO"
"1/18/2025 14:10",539.8,24.73,"TO"
"1/18/2025 14:20",541,24.7,"TO"
"1/18/2025 14:30",542.2,24.7,"TO"
"1/18/2025 14:40",540.9,24.83,"TO"
"1/18/2025 14:50",545.3,24.87,"TO"
"1/18/2025 15:00",543.7,24.87,"TO"
"1/18/2025 15:10",541.6,24.95,"TO"
"1/18/2025 15:20",543.3,24.94,"TO"
"1/18/2025 15:30",547.7,24.97,"TO"
"1/18/2025 15:40",546.4,25.02,"TO"
"1/18/2025 15:50",544.8,24.99,"TO"
"1/18/2025 16:00",544.4,25.05,"TO"
"1/18/2025 16:10",545.2,25.1,"TO"
"1/18/2025 16:20",546.8,25.04,"TO"
"1/18/2025 16:30",549.3,25.05,"TO"
"1/18/2025 16:40",543.6,25.02,"TO"
"1/18/2025 16:50",548.8,25.06,"TO"
"1/18/2025 17:00",544.4,25.04,"TO"
"1/18/2025 17:10",547.3,24.98,"TO"
"1/18/2025 17:20",548.9,24.94,"TO"
"1/18/2025 17:30",542,24.97,"TO"
"1/18/2025 17:40",541.3,24.93,"TO"
"1/18/2025 17:50",542.1,24.91,"TO"
"1/18/2025 18:00",538.9,24.82,"TO"
"1/18/2025 18:10",541.7,24.88,"TO"
"1/18/2025 18:20",539.3,24.82,"TO"
"1/18/2025 18:30",539.3,24.79,"TO"
"1/18/2025 18:40",539.3,24.76,"TO"
"1/18/2025 18:50",538.1,24.76,"TO"
"1/18/2025 19:00",538.2,24.7,"TO"
"1/18/2025 19:10",538.2,24.69,"TO"
"1/18/2025 19:20",538.2,24.69,"TO"
"1/18/2025 19:30",538.6,24.68,"TO"
"1/18/2025 19:40",537.8,24.68,"TO"
"1/18/2025 19:50",538.2,24.66,"TO"
"1/18/2025 20:00",538.2,24.66,"TO"
"1/18/2025 20:10",537.4,24.63,"TO"
"1/18/2025 20:20",537.4,24.63,"TO"
"1/18/2025 20:30",537,24.61,"TO"
"1/18/2025 20:40",537,24.6,"TO"
"1/18/2025 20:50",537.8,24.59,"TO"
"1/18/2025 21:00",537.8,24.59,"TO"
"1/18/2025 21:10",536.6,24.55,"TO"
"1/18/2025 21:20",536.6,24.55,"TO"
"1/18/2025 21:30",536.2,24.54,"TO"
"1/18/2025 21:40",536.2,24.53,"TO"
"1/18/2025 21:50",535.9,24.49,"TO"
"1/18/2025 22:00",532.6,24.47,"TO"
"1/18/2025 22:10",532.6,24.47,"TO"
"1/18/2025 22:20",533.1,24.44,"TO"
"1/18/2025 22:30",532.3,24.44,"TO"
"1/18/2025 22:40",531.5,24.43,"TO"
"1/18/2025 22:50",533.9,24.42,"TO"
"1/18/2025 23:00",533.1,24.4,"TO"
"1/18/2025 23:10",530.7,24.4,"TO"
"1/18/2025 23:20",533.9,24.39,"TO"
"1/18/2025 23:30",530.3,24.38,"TO"
"1/18/2025 23:40",531.1,24.37,"TO"
"1/18/2025 23:50",530.3,24.37,"TO"
"1/19/2025 0:00",530.3,24.36,"TO"
"1/19/2025 0:10",530.7,24.35,"TO"
"1/19/2025 0:20",529.1,24.34,"TO"
"1/19/2025 0:30",529.1,24.31,"TO"
"1/19/2025 0:40",529.9,24.31,"TO"
"1/19/2025 0:50",530.3,24.3,"TO"
"1/19/2025 1:00",536.4,24.29,"TO"
"1/19/2025 1:10",528.3,24.29,"TO"
"1/19/2025 1:20",529.5,24.28,"TO"
"1/19/2025 1:30",528.3,24.26,"TO"
"1/19/2025 1:40",528.3,24.25,"TO"
"1/19/2025 1:50",529.5,24.25,"TO"
"1/19/2025 2:00",528.3,24.23,"TO"
"1/19/2025 2:10",529.6,24.22,"TO"
"1/19/2025 2:20",529.2,24.21,"TO"
"1/19/2025 2:30",530.4,24.2,"TO"
"1/19/2025 2:40",530.4,24.19,"TO"
"1/19/2025 2:50",530,24.18,"TO"
"1/19/2025 3:00",531.2,24.15,"TO"
"1/19/2025 3:10",530,24.15,"TO"
"1/19/2025 3:20",531.6,24.14,"TO"
"1/19/2025 3:30",532.4,24.13,"TO"
"1/19/2025 3:40",532.8,24.12,"TO"
"1/19/2025 3:50",532.4,24.11,"TO"
"1/19/2025 4:00",532.9,24.1,"TO"
"1/19/2025 4:10",531.7,24.09,"TO"
"1/19/2025 4:20",532.9,24.08,"TO"
"1/19/2025 4:30",533.3,24.08,"TO"
"1/19/2025 4:40",534.5,24.06,"TO"
"1/19/2025 4:50",532.9,24.05,"TO"
"1/19/2025 5:00",533.7,24.03,"TO"
"1/19/2025 5:10",533.7,24.03,"TO"
"1/19/2025 5:20",533.7,24.02,"TO"
"1/19/2025 5:30",536.1,24.02,"TO"
"1/19/2025 5:40",534.9,24,"TO"
"1/19/2025 5:50",534.9,23.98,"TO"
"1/19/2025 6:00",543,23.98,"TO"
"1/19/2025 6:10",534.1,23.97,"TO"
"1/19/2025 6:20",538.6,23.96,"TO"
"1/19/2025 6:30",537.4,23.95,"TO"
"1/19/2025 6:40",538.6,23.94,"TO"
"1/19/2025 6:50",538.6,23.94,"TO"
"1/19/2025 7:00",537,23.91,"TO"
"1/19/2025 7:10",536.6,23.89,"TO"
"1/19/2025 7:20",536.6,23.89,"TO"
"1/19/2025 7:30",537.8,23.88,"TO"
"1/19/2025 7:40",537.8,23.88,"TO"
"1/19/2025 7:50",538.2,23.88,"TO"
"1/19/2025 8:00",538.2,23.88,"TO"
"1/19/2025 8:10",537.8,23.88,"TO"
"1/19/2025 8:20",538.6,23.88,"TO"
"1/19/2025 8:30",539,23.88,"TO"
"1/19/2025 8:40",539,23.89,"TO"
"1/19/2025 8:50",537.8,23.89,"TO"
"1/19/2025 9:00",538.6,23.92,"TO"
"1/19/2025 9:10",537.8,23.93,"TO"
"1/19/2025 9:20",539.4,23.96,"TO"
"1/19/2025 9:30",539.4,24,"TO"
"1/19/2025 9:40",539.4,24.01,"TO"
"1/19/2025 9:50",539.4,24.01,"TO"
"1/19/2025 10:00",540.2,24.04,"TO"
"1/19/2025 10:10",540.5,24.08,"TO"
"1/19/2025 10:20",540.5,24.11,"TO"
"1/19/2025 10:30",541.3,24.15,"TO"
"1/19/2025 10:40",540.9,24.17,"TO"
"1/19/2025 10:50",541.3,24.19,"TO"
"1/19/2025 11:00",542.1,24.25,"TO"
"1/19/2025 11:10",542.4,24.26,"TO"
"1/19/2025 11:20",543.2,24.28,"TO"
"1/19/2025 11:30",542.8,24.36,"TO"
"1/19/2025 11:40",543.6,24.4,"TO"
"1/19/2025 11:50",542.8,24.43,"TO"
"1/19/2025 12:00",543.1,24.48,"TO"
"1/19/2025 12:10",544.3,24.54,"TO"
"1/19/2025 12:20",544.7,24.61,"TO"
"1/19/2025 12:30",545.5,24.64,"TO"
"1/19/2025 12:40",546.6,24.72,"TO"
"1/19/2025 12:50",547.4,24.79,"TO"
"1/19/2025 13:00",548.6,24.87,"TO"
"1/19/2025 13:10",549.3,24.98,"TO"
"1/19/2025 13:20",549.3,24.97,"TO"
"1/19/2025 13:30",550.1,25.03,"TO"
"1/19/2025 13:40",550.8,25.11,"TO"
"1/19/2025 13:50",551.6,25.15,"TO"
"1/19/2025 14:00",552.4,25.23,"TO"
"1/19/2025 14:10",551.6,25.25,"TO"
"1/19/2025 14:20",552,25.25,"TO"
"1/19/2025 14:30",552.7,25.3,"TO"
"1/19/2025 14:40",553.9,25.39,"TO"
"1/19/2025 14:50",553.9,25.39,"TO"
"1/19/2025 15:00",553.9,25.41,"TO"
"1/19/2025 15:10",554.7,25.42,"TO"
"1/19/2025 15:20",553.9,25.37,"TO"
"1/19/2025 15:30",553.1,25.39,"TO"
"1/19/2025 15:40",553.8,25.49,"TO"
"1/19/2025 15:50",553.1,25.4,"TO"
"1/19/2025 16:00",553.9,25.45,"TO"
"1/19/2025 16:10",553.9,25.41,"TO"
"1/19/2025 16:20",553.9,25.42,"TO"
"1/19/2025 16:30",554.7,25.47,"TO"
"1/19/2025 16:40",553.9,25.38,"TO"
"1/19/2025 16:50",554.7,25.41,"TO"
"1/19/2025 17:00",554.7,25.4,"TO"
"1/19/2025 17:10",554.3,25.38,"TO"
"1/19/2025 17:20",554.7,25.36,"TO"
"1/19/2025 17:30",554.3,25.36,"TO"
"7/20/2024 14:30",461.7,29.5,"PA"
"7/20/2024 14:40",439.7,28.41,"PA"
"7/20/2024 14:50",435,28.32,"PA"
"7/20/2024 15:00",431.5,28.3,"PA"
"7/20/2024 15:10",429.9,28.32,"PA"
"7/20/2024 15:20",428.3,28.29,"PA"
"7/20/2024 15:30",430.3,28.28,"PA"
"7/20/2024 15:40",425.5,28.28,"PA"
"7/20/2024 15:50",432.3,28.22,"PA"
"7/20/2024 16:00",426.4,28.2,"PA"
"7/20/2024 16:10",425.6,28.18,"PA"
"7/20/2024 16:20",426.4,28.15,"PA"
"7/20/2024 16:30",425.2,28.12,"PA"
"7/20/2024 16:40",426,28.1,"PA"
"7/20/2024 16:50",425.2,28.07,"PA"
"7/20/2024 17:00",425.3,28.04,"PA"
"7/20/2024 17:10",425.7,28,"PA"
"7/20/2024 17:20",425.3,27.97,"PA"
"7/20/2024 17:30",424.1,27.93,"PA"
"7/20/2024 17:40",427.3,27.91,"PA"
"7/20/2024 17:50",434.4,27.89,"PA"
"7/20/2024 18:00",440,27.87,"PA"
"7/20/2024 18:10",446.3,27.82,"PA"
"7/20/2024 18:20",439.2,27.78,"PA"
"7/20/2024 18:30",449.9,27.74,"PA"
"7/20/2024 18:40",449.5,27.7,"PA"
"7/20/2024 18:50",449.6,27.66,"PA"
"7/20/2024 19:00",455.1,27.61,"PA"
"7/20/2024 19:10",456.3,27.59,"PA"
"7/20/2024 19:20",460.7,27.53,"PA"
"7/20/2024 19:30",452,27.49,"PA"
"7/20/2024 19:40",447.7,27.44,"PA"
"7/20/2024 19:50",454.4,27.43,"PA"
"7/20/2024 20:00",462,27.39,"PA"
"7/20/2024 20:10",461.6,27.38,"PA"
"7/20/2024 20:20",464,27.35,"PA"
"7/20/2024 20:30",454.1,27.32,"PA"
"7/20/2024 20:40",458.1,27.27,"PA"
"7/20/2024 20:50",450.1,27.25,"PA"
"7/20/2024 21:00",446.6,27.23,"PA"
"7/20/2024 21:10",443.1,27.19,"PA"
"7/20/2024 21:20",434.4,27.16,"PA"
"7/20/2024 21:30",429.6,27.13,"PA"
"7/20/2024 21:40",428.8,27.12,"PA"
"7/20/2024 21:50",429.6,27.09,"PA"
"7/20/2024 22:00",430.4,27.08,"PA"
"7/20/2024 22:10",431.2,27.06,"PA"
"7/20/2024 22:20",429.3,27.04,"PA"
"7/20/2024 22:30",430.1,27.02,"PA"
"7/20/2024 22:40",428.5,27.01,"PA"
"7/20/2024 22:50",428.5,26.99,"PA"
"7/20/2024 23:00",428.5,26.98,"PA"
"7/20/2024 23:10",426.9,26.97,"PA"
"7/20/2024 23:20",425.7,26.95,"PA"
"7/20/2024 23:30",426.5,26.94,"PA"
"7/20/2024 23:40",424.2,26.93,"PA"
"7/20/2024 23:50",423.8,26.92,"PA"
"7/21/2024 0:00",423.8,26.91,"PA"
"7/21/2024 0:10",423.8,26.91,"PA"
"7/21/2024 0:20",423.8,26.91,"PA"
"7/21/2024 0:30",423,26.9,"PA"
"7/21/2024 0:40",422.6,26.89,"PA"
"7/21/2024 0:50",423,26.89,"PA"
"7/21/2024 1:00",425.4,26.87,"PA"
"7/21/2024 1:10",425.8,26.86,"PA"
"7/21/2024 1:20",433.3,26.85,"PA"
"7/21/2024 1:30",432.9,26.85,"PA"
"7/21/2024 1:40",429.8,26.84,"PA"
"7/21/2024 1:50",429.8,26.83,"PA"
"7/21/2024 2:00",429.4,26.82,"PA"
"7/21/2024 2:10",428.6,26.8,"PA"
"7/21/2024 2:20",426.6,26.79,"PA"
"7/21/2024 2:30",432.9,26.78,"PA"
"7/21/2024 2:40",431,26.77,"PA"
"7/21/2024 2:50",429.8,26.76,"PA"
"7/21/2024 3:00",429.8,26.75,"PA"
"7/21/2024 3:10",429.8,26.74,"PA"
"7/21/2024 3:20",430.2,26.74,"PA"
"7/21/2024 3:30",430.6,26.72,"PA"
"7/21/2024 3:40",430.6,26.72,"PA"
"7/21/2024 3:50",431,26.71,"PA"
"7/21/2024 4:00",430.6,26.7,"PA"
"7/21/2024 4:10",430.2,26.7,"PA"
"7/21/2024 4:20",429.4,26.69,"PA"
"7/21/2024 4:30",429.8,26.68,"PA"
"7/21/2024 4:40",428.6,26.67,"PA"
"7/21/2024 4:50",429.8,26.67,"PA"
"7/21/2024 5:00",429,26.65,"PA"
"7/21/2024 5:10",428.7,26.64,"PA"
"7/21/2024 5:20",427.9,26.63,"PA"
"7/21/2024 5:30",427.9,26.62,"PA"
"7/21/2024 5:40",427.9,26.62,"PA"
"7/21/2024 5:50",428.3,26.62,"PA"
"7/21/2024 6:00",428.3,26.61,"PA"
"7/21/2024 6:10",431.4,26.61,"PA"
"7/21/2024 6:20",431.4,26.6,"PA"
"7/21/2024 6:30",439.4,26.6,"PA"
"7/21/2024 6:40",441,26.6,"PA"
"7/21/2024 6:50",441.3,26.61,"PA"
"7/21/2024 7:00",441.3,26.6,"PA"
"7/21/2024 7:10",438.6,26.59,"PA"
"7/21/2024 7:20",437,26.59,"PA"
"7/21/2024 7:30",433.4,26.59,"PA"
"7/21/2024 7:40",430.7,26.6,"PA"
"7/21/2024 7:50",431.1,26.6,"PA"
"7/21/2024 8:00",432.2,26.61,"PA"
"7/21/2024 8:10",432.2,26.62,"PA"
"7/21/2024 8:20",433.4,26.63,"PA"
"7/21/2024 8:30",432.2,26.65,"PA"
"7/21/2024 8:40",432.2,26.67,"PA"
"7/21/2024 8:50",434.2,26.69,"PA"
"7/21/2024 9:00",435.4,26.71,"PA"
"7/21/2024 9:10",436.5,26.74,"PA"
"7/21/2024 9:20",435.3,26.77,"PA"
"7/21/2024 9:30",436.9,26.8,"PA"
"7/21/2024 9:40",438.9,26.84,"PA"
"7/21/2024 9:50",440.4,26.89,"PA"
"7/21/2024 10:00",440.8,26.92,"PA"
"7/21/2024 10:10",443.9,26.99,"PA"
"7/21/2024 10:20",448.7,27.06,"PA"
"7/21/2024 10:30",450.2,27.1,"PA"
"7/21/2024 10:40",451.4,27.2,"PA"
"7/21/2024 10:50",454.5,27.29,"PA"
"7/21/2024 11:00",456.8,27.36,"PA"
"7/21/2024 11:10",461.1,27.45,"PA"
"7/21/2024 11:20",465.9,27.51,"PA"
"7/21/2024 11:30",466.2,27.6,"PA"
"7/21/2024 11:40",465,27.69,"PA"
"7/21/2024 11:50",470.1,27.76,"PA"
"7/21/2024 12:00",466.1,27.91,"PA"
"7/21/2024 12:10",466.4,28.03,"PA"
"7/21/2024 12:20",463.2,28.03,"PA"
"7/21/2024 12:30",465.6,28.07,"PA"
"7/21/2024 12:40",465.2,28.1,"PA"
"7/21/2024 12:50",465.2,28.11,"PA"
"7/21/2024 13:00",466.8,28.07,"PA"
"7/21/2024 13:10",465.2,28.05,"PA"
"7/21/2024 13:20",469.1,28.07,"PA"
"7/21/2024 13:30",466.4,28.1,"PA"
"7/21/2024 13:40",460.8,28.14,"PA"
"7/21/2024 13:50",460,28.15,"PA"
"7/21/2024 14:00",458.8,28.17,"PA"
"7/21/2024 14:10",459.2,28.15,"PA"
"7/21/2024 14:20",457.6,28.14,"PA"
"7/21/2024 14:30",457.2,28.13,"PA"
"7/21/2024 14:40",455.6,28.17,"PA"
"7/21/2024 14:50",454.4,28.19,"PA"
"7/21/2024 15:00",452.9,28.2,"PA"
"7/21/2024 15:10",446.9,28.23,"PA"
"7/21/2024 15:20",442.9,28.26,"PA"
"7/21/2024 15:30",443.4,28.22,"PA"
"7/21/2024 15:40",442.6,28.25,"PA"
"7/21/2024 15:50",439,28.25,"PA"
"7/21/2024 16:00",438.6,28.23,"PA"
"7/21/2024 16:10",437.8,28.23,"PA"
"7/21/2024 16:20",440.6,28.19,"PA"
"7/21/2024 16:30",439.8,28.15,"PA"
"7/21/2024 16:40",438.6,28.15,"PA"
"7/21/2024 16:50",438.3,28.13,"PA"
"7/21/2024 17:00",439.1,28.1,"PA"
"7/21/2024 17:10",439.9,28.04,"PA"
"7/21/2024 17:20",439.9,27.97,"PA"
"7/21/2024 17:30",443.9,27.98,"PA"
"7/21/2024 17:40",443.1,27.93,"PA"
"7/21/2024 17:50",441.5,27.91,"PA"
"7/21/2024 18:00",440.4,27.85,"PA"
"7/21/2024 18:10",444.7,27.83,"PA"
"7/21/2024 18:20",446.7,27.78,"PA"
"7/21/2024 18:30",449.5,27.76,"PA"
"7/21/2024 18:40",452.7,27.74,"PA"
"7/21/2024 18:50",463.4,27.68,"PA"
"7/21/2024 19:00",459.1,27.65,"PA"
"7/21/2024 19:10",462.6,27.6,"PA"
"7/21/2024 19:20",466.6,27.59,"PA"
"7/21/2024 19:30",468.2,27.53,"PA"
"7/21/2024 19:40",467.5,27.46,"PA"
"7/21/2024 19:50",471,27.45,"PA"
"7/21/2024 20:00",475.4,27.43,"PA"
"7/21/2024 20:10",478.2,27.39,"PA"
"7/21/2024 20:20",477.4,27.36,"PA"
"7/21/2024 20:30",475.9,27.31,"PA"
"7/21/2024 20:40",477.9,27.3,"PA"
"7/21/2024 20:50",483,27.24,"PA"
"7/21/2024 21:00",485.4,27.23,"PA"
"7/21/2024 21:10",485.4,27.2,"PA"
"7/21/2024 21:20",482.3,27.16,"PA"
"7/21/2024 21:30",482.7,27.14,"PA"
"7/21/2024 21:40",484.7,27.12,"PA"
"7/21/2024 21:50",484.7,27.07,"PA"
"7/21/2024 22:00",484.7,27.07,"PA"
"7/21/2024 22:10",494.2,27.02,"PA"
"7/21/2024 22:20",499,26.98,"PA"
"7/21/2024 22:30",501.8,26.94,"PA"
"7/21/2024 22:40",501.4,26.95,"PA"
"7/21/2024 22:50",501,26.92,"PA"
"7/21/2024 23:00",501.5,26.91,"PA"
"7/21/2024 23:10",501.1,26.87,"PA"
"7/21/2024 23:20",501.5,26.86,"PA"
"7/21/2024 23:30",490.8,26.83,"PA"
"7/21/2024 23:40",447.2,26.8,"PA"
"7/21/2024 23:50",448,26.76,"PA"
"7/22/2024 0:00",454,26.75,"PA"
"7/22/2024 0:10",456.7,26.71,"PA"
"7/22/2024 0:20",454.4,26.69,"PA"
"7/22/2024 0:30",449.2,26.69,"PA"
"7/22/2024 0:40",447.3,26.67,"PA"
"7/22/2024 0:50",443.7,26.64,"PA"
"7/22/2024 1:00",440.9,26.62,"PA"
"7/22/2024 1:10",448.1,26.64,"PA"
"7/22/2024 1:20",450,26.64,"PA"
"7/22/2024 1:30",448.9,26.63,"PA"
"7/22/2024 1:40",444.5,26.6,"PA"
"7/22/2024 1:50",446.9,26.62,"PA"
"7/22/2024 2:00",447.3,26.57,"PA"
"7/22/2024 2:10",454.4,26.59,"PA"
"7/22/2024 2:20",450.5,26.55,"PA"
"7/22/2024 2:30",440.2,26.53,"PA"
"7/22/2024 2:40",440.6,26.53,"PA"
"7/22/2024 2:50",445.3,26.53,"PA"
"7/22/2024 3:00",450.9,26.56,"PA"
"7/22/2024 3:10",454,26.55,"PA"
"7/22/2024 3:20",450.9,26.54,"PA"
"7/22/2024 3:30",454.1,26.53,"PA"
"7/22/2024 3:40",451.7,26.53,"PA"
"7/22/2024 3:50",451.3,26.52,"PA"
"7/22/2024 4:00",446.1,26.49,"PA"
"7/22/2024 4:10",443.8,26.48,"PA"
"7/22/2024 4:20",444.2,26.48,"PA"
"7/22/2024 4:30",443,26.47,"PA"
"7/22/2024 4:40",441.8,26.46,"PA"
"7/22/2024 4:50",441.8,26.46,"PA"
"7/22/2024 5:00",439.4,26.45,"PA"
"7/22/2024 5:10",439.1,26.42,"PA"
"7/22/2024 5:20",438.3,26.41,"PA"
"7/22/2024 5:30",437.9,26.4,"PA"
"7/22/2024 5:40",435.1,26.42,"PA"
"7/22/2024 5:50",438.3,26.41,"PA"
"7/22/2024 6:00",439.8,26.42,"PA"
"7/22/2024 6:10",440.6,26.41,"PA"
"7/22/2024 6:20",447.4,26.42,"PA"
"7/22/2024 6:30",450.5,26.41,"PA"
"7/22/2024 6:40",451.3,26.4,"PA"
"7/22/2024 6:50",447.4,26.4,"PA"
"7/22/2024 7:00",441.4,26.41,"PA"
"7/22/2024 7:10",444.2,26.41,"PA"
"7/22/2024 7:20",446.2,26.42,"PA"
"7/22/2024 7:30",447.8,26.42,"PA"
"7/22/2024 7:40",445.8,26.42,"PA"
"7/22/2024 7:50",445.8,26.44,"PA"
"7/22/2024 8:00",445,26.45,"PA"
"7/22/2024 8:10",445.4,26.47,"PA"
"7/22/2024 8:20",444.2,26.49,"PA"
"7/22/2024 8:30",443.4,26.52,"PA"
"7/22/2024 8:40",441.4,26.54,"PA"
"7/22/2024 8:50",441.4,26.57,"PA"
"7/22/2024 9:00",440.6,26.6,"PA"
"7/22/2024 9:10",440.6,26.61,"PA"
"7/22/2024 9:20",443.3,26.63,"PA"
"7/22/2024 9:30",444.5,26.64,"PA"
"7/22/2024 9:40",444.5,26.68,"PA"
"7/22/2024 9:50",446.4,26.75,"PA"
"7/22/2024 10:00",448,26.8,"PA"
"7/22/2024 10:10",449.9,26.9,"PA"
"7/22/2024 10:20",453.5,26.97,"PA"
"7/22/2024 10:30",456.6,27.01,"PA"
"7/22/2024 10:40",462.9,27.1,"PA"
"7/22/2024 10:50",466.5,27.1,"PA"
"7/22/2024 11:00",464.8,27.17,"PA"
"7/22/2024 11:10",464.8,27.21,"PA"
"7/22/2024 11:20",472.3,27.37,"PA"
"7/22/2024 11:30",472.6,27.51,"PA"
"7/22/2024 11:40",473.8,27.53,"PA"
"7/22/2024 11:50",473.3,27.66,"PA"
"7/22/2024 12:00",472.8,27.83,"PA"
"7/22/2024 12:10",474,27.96,"PA"
"7/22/2024 12:20",477.1,28.02,"PA"
"7/22/2024 12:30",478.2,28.1,"PA"
"7/22/2024 12:40",478.6,28.15,"PA"
"7/22/2024 12:50",480.5,28.3,"PA"
"7/22/2024 13:00",481.6,28.41,"PA"
"7/22/2024 13:10",481.6,28.43,"PA"
"7/22/2024 13:20",482,28.53,"PA"
"7/22/2024 13:30",478.4,28.59,"PA"
"7/22/2024 13:40",480.7,28.77,"PA"
"7/22/2024 13:50",483.8,28.87,"PA"
"7/22/2024 14:00",483.4,28.88,"PA"
"7/22/2024 14:10",482.2,28.89,"PA"
"7/22/2024 14:20",479,28.97,"PA"
"7/22/2024 14:30",479.4,28.94,"PA"
"7/22/2024 14:40",477.4,28.9,"PA"
"7/22/2024 14:50",476.3,28.78,"PA"
"7/22/2024 15:00",476.4,28.68,"PA"
"7/22/2024 15:10",475.6,28.66,"PA"
"7/22/2024 15:20",472.4,28.64,"PA"
"7/22/2024 15:30",467.7,28.64,"PA"
"7/22/2024 15:40",464.9,28.63,"PA"
"7/22/2024 15:50",462.5,28.63,"PA"
"7/22/2024 16:00",461.3,28.64,"PA"
"7/22/2024 16:10",459.4,28.65,"PA"
"7/22/2024 16:20",459.4,28.64,"PA"
"7/22/2024 16:30",458.6,28.6,"PA"
"7/22/2024 16:40",459,28.57,"PA"
"7/22/2024 16:50",459,28.55,"PA"
"7/22/2024 17:00",457.5,28.5,"PA"
"7/22/2024 17:10",457.1,28.48,"PA"
"7/22/2024 17:20",456.7,28.45,"PA"
"7/22/2024 17:30",455.1,28.41,"PA"
"7/22/2024 17:40",456.7,28.35,"PA"
"7/22/2024 17:50",457.6,28.29,"PA"
"7/22/2024 18:00",458.4,28.25,"PA"
"7/22/2024 18:10",458.4,28.21,"PA"
"7/22/2024 18:20",461.6,28.18,"PA"
"7/22/2024 18:30",465.6,28.12,"PA"
"7/22/2024 18:40",466.4,28.08,"PA"
"7/22/2024 18:50",467.2,28.02,"PA"
"7/22/2024 19:00",468,27.99,"PA"
"7/22/2024 19:10",473.6,27.96,"PA"
"7/22/2024 19:20",476.8,27.9,"PA"
"7/22/2024 19:30",478,27.85,"PA"
"7/22/2024 19:40",480.8,27.8,"PA"
"7/22/2024 19:50",480.8,27.77,"PA"
"7/22/2024 20:00",481.6,27.74,"PA"
"7/22/2024 20:10",483.6,27.68,"PA"
"7/22/2024 20:20",482.8,27.62,"PA"
"7/22/2024 20:30",482.1,27.59,"PA"
"7/22/2024 20:40",483.3,27.55,"PA"
"7/22/2024 20:50",483.7,27.51,"PA"
"7/22/2024 21:00",483.3,27.49,"PA"
"7/22/2024 21:10",482.1,27.45,"PA"
"7/22/2024 21:20",483.3,27.43,"PA"
"7/22/2024 21:30",484.5,27.39,"PA"
"7/22/2024 21:40",484.2,27.34,"PA"
"7/22/2024 21:50",483.4,27.29,"PA"
"7/22/2024 22:00",479.1,27.27,"PA"
"7/22/2024 22:10",476.3,27.24,"PA"
"7/22/2024 22:20",475.9,27.21,"PA"
"7/22/2024 22:30",476.7,27.16,"PA"
"7/22/2024 22:40",477.5,27.15,"PA"
"7/22/2024 22:50",479.5,27.13,"PA"
"7/22/2024 23:00",480.3,27.13,"PA"
"7/22/2024 23:10",482.3,27.13,"PA"
"7/22/2024 23:20",484.3,27.12,"PA"
"7/22/2024 23:30",486.3,27.12,"PA"
"7/22/2024 23:40",487.9,27.09,"PA"
"7/22/2024 23:50",487.9,27.05,"PA"
"7/23/2024 0:00",486.7,27.02,"PA"
"7/23/2024 0:10",487.1,27.02,"PA"
"7/23/2024 0:20",487.9,27,"PA"
"7/23/2024 0:30",489.9,26.99,"PA"
"7/23/2024 0:40",510.5,26.98,"PA"
"7/23/2024 0:50",514.1,26.97,"PA"
"7/23/2024 1:00",514.5,26.94,"PA"
"7/23/2024 1:10",514.1,26.92,"PA"
"7/23/2024 1:20",514.1,26.92,"PA"
"7/23/2024 1:30",508.6,26.9,"PA"
"7/23/2024 1:40",505,26.89,"PA"
"7/23/2024 1:50",506.6,26.86,"PA"
"7/23/2024 2:00",497.9,26.85,"PA"
"7/23/2024 2:10",503.1,26.83,"PA"
"7/23/2024 2:20",503.5,26.8,"PA"
"7/23/2024 2:30",502.3,26.79,"PA"
"7/23/2024 2:40",492,26.76,"PA"
"7/23/2024 2:50",478.5,26.76,"PA"
"7/23/2024 3:00",484.9,26.75,"PA"
"7/23/2024 3:10",490.4,26.74,"PA"
"7/23/2024 3:20",476.2,26.7,"PA"
"7/23/2024 3:30",474.2,26.69,"PA"
"7/23/2024 3:40",475.4,26.68,"PA"
"7/23/2024 3:50",473,26.65,"PA"
"7/23/2024 4:00",470.7,26.63,"PA"
"7/23/2024 4:10",468.3,26.63,"PA"
"7/23/2024 4:20",469.1,26.62,"PA"
"7/23/2024 4:30",471.5,26.61,"PA"
"7/23/2024 4:40",468.3,26.61,"PA"
"7/23/2024 4:50",472.7,26.6,"PA"
"7/23/2024 5:00",468.7,26.57,"PA"
"7/23/2024 5:10",470.3,26.56,"PA"
"7/23/2024 5:20",462,26.56,"PA"
"7/23/2024 5:30",462.8,26.54,"PA"
"7/23/2024 5:40",461.6,26.54,"PA"
"7/23/2024 5:50",461.6,26.54,"PA"
"7/23/2024 6:00",464.8,26.53,"PA"
"7/23/2024 6:10",467.9,26.53,"PA"
"7/23/2024 6:20",468.7,26.5,"PA"
"7/23/2024 6:30",467.5,26.5,"PA"
"7/23/2024 6:40",462,26.5,"PA"
"7/23/2024 6:50",459.2,26.49,"PA"
"7/23/2024 7:00",461.6,26.49,"PA"
"7/23/2024 7:10",466,26.49,"PA"
"7/23/2024 7:20",467.9,26.5,"PA"
"7/23/2024 7:30",468.4,26.48,"PA"
"7/23/2024 7:40",467.1,26.5,"PA"
"7/23/2024 7:50",466.4,26.52,"PA"
"7/23/2024 8:00",460.8,26.53,"PA"
"7/23/2024 8:10",459.2,26.52,"PA"
"7/23/2024 8:20",458.4,26.54,"PA"
"7/23/2024 8:30",457.2,26.55,"PA"
"7/23/2024 8:40",458,26.59,"PA"
"7/23/2024 8:50",456.8,26.61,"PA"
"7/23/2024 9:00",456.4,26.64,"PA"
"7/23/2024 9:10",456.4,26.69,"PA"
"7/23/2024 9:20",454.8,26.74,"PA"
"7/23/2024 9:30",454.7,26.8,"PA"
"7/23/2024 9:40",455.1,26.85,"PA"
"7/23/2024 9:50",456.2,26.93,"PA"
"7/23/2024 10:00",456.2,26.99,"PA"
"7/23/2024 10:10",458.2,27,"PA"
"7/23/2024 10:20",464.1,27.1,"PA"
"7/23/2024 10:30",468,27.19,"PA"
"7/23/2024 10:40",469.9,27.28,"PA"
"7/23/2024 10:50",472.6,27.44,"PA"
"7/23/2024 11:00",476.6,27.47,"PA"
"7/23/2024 11:10",478.9,27.55,"PA"
"7/23/2024 11:20",486.3,27.74,"PA"
"7/23/2024 11:30",484.8,27.74,"PA"
"7/23/2024 11:40",487.4,27.96,"PA"
"7/23/2024 11:50",491.3,28.06,"PA"
"7/23/2024 12:00",492.4,28.27,"PA"
"7/23/2024 12:10",489.2,28.38,"PA"
"7/23/2024 12:20",490,28.4,"PA"
"7/23/2024 12:30",491,28.6,"PA"
"7/23/2024 12:40",487.9,28.53,"PA"
"7/23/2024 12:50",487.1,28.49,"PA"
"7/23/2024 13:00",486,28.44,"PA"
"7/23/2024 13:10",489,28.67,"PA"
"7/23/2024 13:20",491.4,28.73,"PA"
"7/23/2024 13:30",491.7,28.92,"PA"
"7/23/2024 13:40",492.8,29.03,"PA"
"7/23/2024 13:50",493.9,29.17,"PA"
"7/23/2024 14:00",492.3,29.18,"PA"
"7/23/2024 14:10",490,29.13,"PA"
"7/23/2024 14:20",493.2,29.03,"PA"
"7/23/2024 14:30",494,29.09,"PA"
"7/23/2024 14:40",494,29.11,"PA"
"7/23/2024 14:50",493.9,29.15,"PA"
"7/23/2024 15:00",490.8,29.13,"PA"
"7/23/2024 15:10",488.8,29.17,"PA"
"7/23/2024 15:20",486,29.23,"PA"
"7/23/2024 15:30",482.1,29.15,"PA"
"7/23/2024 15:40",481.3,29.11,"PA"
"7/23/2024 15:50",479,29.03,"PA"
"7/23/2024 16:00",479,29.01,"PA"
"7/23/2024 16:10",480.6,28.98,"PA"
"7/23/2024 16:20",480.2,28.93,"PA"
"7/23/2024 16:30",482.6,28.88,"PA"
"7/23/2024 16:40",483,28.93,"PA"
"7/23/2024 16:50",479.4,28.9,"PA"
"7/23/2024 17:00",477,28.9,"PA"
"7/23/2024 17:10",474.7,28.83,"PA"
"7/23/2024 17:20",474.7,28.79,"PA"
"7/23/2024 17:30",477.9,28.75,"PA"
"7/23/2024 17:40",476,28.68,"PA"
"7/23/2024 17:50",475.6,28.64,"PA"
"7/23/2024 18:00",474.8,28.59,"PA"
"7/23/2024 18:10",473.3,28.55,"PA"
"7/23/2024 18:20",472.9,28.49,"PA"
"7/23/2024 18:30",472.1,28.42,"PA"
"7/23/2024 18:40",474.1,28.41,"PA"
"7/23/2024 18:50",474.2,28.34,"PA"
"7/23/2024 19:00",474.6,28.28,"PA"
"7/23/2024 19:10",476.2,28.27,"PA"
"7/23/2024 19:20",477.8,28.2,"PA"
"7/23/2024 19:30",479,28.15,"PA"
"7/23/2024 19:40",480.2,28.11,"PA"
"7/23/2024 19:50",481.8,28.05,"PA"
"7/23/2024 20:00",482.6,28.02,"PA"
"7/23/2024 20:10",484.2,27.97,"PA"
"7/23/2024 20:20",486.2,27.93,"PA"
"7/23/2024 20:30",487.1,27.89,"PA"
"7/23/2024 20:40",487.1,27.83,"PA"
"7/23/2024 20:50",485.9,27.8,"PA"
"7/23/2024 21:00",484.4,27.74,"PA"
"7/23/2024 21:10",483.2,27.69,"PA"
"7/23/2024 21:20",482.8,27.67,"PA"
"7/23/2024 21:30",482.8,27.65,"PA"
"7/23/2024 21:40",482.8,27.64,"PA"
"7/23/2024 21:50",481.7,27.59,"PA"
"7/23/2024 22:00",481.7,27.57,"PA"
"7/23/2024 22:10",480.9,27.52,"PA"
"7/23/2024 22:20",480.1,27.46,"PA"
"7/23/2024 22:30",480.6,27.43,"PA"
"7/23/2024 22:40",480.6,27.37,"PA"
"7/23/2024 22:50",481,27.31,"PA"
"7/23/2024 23:00",480.3,27.25,"PA"
"7/23/2024 23:10",480.3,27.24,"PA"
"7/23/2024 23:20",480.3,27.21,"PA"
"7/23/2024 23:30",480.3,27.21,"PA"
"7/23/2024 23:40",481.1,27.15,"PA"
"7/23/2024 23:50",480.7,27.14,"PA"
"7/24/2024 0:00",480.3,27.13,"PA"
"7/24/2024 0:10",481.1,27.09,"PA"
"7/24/2024 0:20",482.3,27.07,"PA"
"7/24/2024 0:30",482.7,27.05,"PA"
"7/24/2024 0:40",483.1,27.07,"PA"
"7/24/2024 0:50",483.1,27.04,"PA"
"7/24/2024 1:00",484,26.99,"PA"
"7/24/2024 1:10",484.4,26.98,"PA"
"7/24/2024 1:20",485.2,26.97,"PA"
"7/24/2024 1:30",486.4,26.94,"PA"
"7/24/2024 1:40",487.2,26.92,"PA"
"7/24/2024 1:50",489.9,26.92,"PA"
"7/24/2024 2:00",490.8,26.89,"PA"
"7/24/2024 2:10",492,26.86,"PA"
"7/24/2024 2:20",494.3,26.85,"PA"
"7/24/2024 2:30",496.3,26.84,"PA"
"7/24/2024 2:40",497.5,26.83,"PA"
"7/24/2024 2:50",497.9,26.82,"PA"
"7/24/2024 3:00",498.7,26.83,"PA"
"7/24/2024 3:10",500.3,26.79,"PA"
"7/24/2024 3:20",502.3,26.79,"PA"
"7/24/2024 3:30",505.5,26.77,"PA"
"7/24/2024 3:40",510.3,26.77,"PA"
"7/24/2024 3:50",515.4,26.76,"PA"
"7/24/2024 4:00",516.6,26.72,"PA"
"7/24/2024 4:10",518.2,26.71,"PA"
"7/24/2024 4:20",519.8,26.71,"PA"
"7/24/2024 4:30",522.6,26.71,"PA"
"7/24/2024 4:40",524.2,26.69,"PA"
"7/24/2024 4:50",524.6,26.67,"PA"
"7/24/2024 5:00",522.3,26.62,"PA"
"7/24/2024 5:10",518.3,26.62,"PA"
"7/24/2024 5:20",513.1,26.61,"PA"
"7/24/2024 5:30",509.5,26.62,"PA"
"7/24/2024 5:40",502,26.59,"PA"
"7/24/2024 5:50",500.4,26.56,"PA"
"7/24/2024 6:00",499.3,26.56,"PA"
"7/24/2024 6:10",497.3,26.55,"PA"
"7/24/2024 6:20",494.5,26.53,"PA"
"7/24/2024 6:30",494.9,26.49,"PA"
"7/24/2024 6:40",494.9,26.5,"PA"
"7/24/2024 6:50",495.7,26.46,"PA"
"7/24/2024 7:00",496.5,26.46,"PA"
"7/24/2024 7:10",498.5,26.48,"PA"
"7/24/2024 7:20",500.1,26.48,"PA"
"7/24/2024 7:30",501.7,26.48,"PA"
"7/24/2024 7:40",503.7,26.49,"PA"
"7/24/2024 7:50",504.8,26.52,"PA"
"7/24/2024 8:00",503.6,26.54,"PA"
"7/24/2024 8:10",502.4,26.56,"PA"
"7/24/2024 8:20",502.8,26.56,"PA"
"7/24/2024 8:30",503.6,26.54,"PA"
"7/24/2024 8:40",500.5,26.55,"PA"
"7/24/2024 8:50",496.1,26.59,"PA"
"7/24/2024 9:00",493.3,26.62,"PA"
"7/24/2024 9:10",489.3,26.64,"PA"
"7/24/2024 9:20",481.3,26.69,"PA"
"7/24/2024 9:30",478.5,26.72,"PA"
"7/24/2024 9:40",478.1,26.75,"PA"
"7/24/2024 9:50",478.1,26.83,"PA"
"7/24/2024 10:00",478.4,26.91,"PA"
"7/24/2024 10:10",478,27,"PA"
"7/24/2024 10:20",478.4,27.07,"PA"
"7/24/2024 10:30",483.1,27.05,"PA"
"7/24/2024 10:40",490.7,27.07,"PA"
"7/24/2024 10:50",498.2,27.05,"PA"
"7/24/2024 11:00",500.2,27.05,"PA"
"7/24/2024 11:10",502.1,27.24,"PA"
"7/24/2024 11:20",504.7,27.51,"PA"
"7/24/2024 11:30",506.9,27.84,"PA"
"7/24/2024 11:40",506.4,28.03,"PA"
"7/24/2024 11:50",505.4,27.6,"PA"
"7/24/2024 12:00",509.8,27.68,"PA"
"7/24/2024 12:10",515.1,28.1,"PA"
"7/24/2024 12:20",448.9,28.11,"PA"
"7/24/2024 12:30",390.8,28.19,"PA"
"7/24/2024 12:40",514.1,27.83,"PA"
"7/24/2024 12:50",514.8,27.92,"PA"
"7/24/2024 13:00",502.8,28.02,"PA"
"7/24/2024 13:10",500.8,28.11,"PA"
"7/24/2024 13:20",506.3,28.22,"PA"
"7/24/2024 13:30",505.9,28.3,"PA"
"7/24/2024 13:40",506.6,28.48,"PA"
"7/24/2024 13:50",508.1,28.53,"PA"
"7/24/2024 14:00",508.9,28.63,"PA"
"7/24/2024 14:10",505.6,28.71,"PA"
"7/24/2024 14:20",509.2,28.75,"PA"
"7/24/2024 14:30",513.9,28.82,"PA"
"7/24/2024 14:40",512.3,28.95,"PA"
"7/24/2024 14:50",510.3,28.96,"PA"
"7/24/2024 15:00",511.5,28.95,"PA"
"7/24/2024 15:10",513.8,28.96,"PA"
"7/24/2024 15:20",512.2,28.98,"PA"
"7/24/2024 15:30",509.5,28.93,"PA"
"7/24/2024 15:40",508.3,28.89,"PA"
"7/24/2024 15:50",510.7,28.85,"PA"
"7/24/2024 16:00",502.7,28.95,"PA"
"7/24/2024 16:10",502.7,28.97,"PA"
"7/24/2024 16:20",502,28.95,"PA"
"7/24/2024 16:30",499.2,28.88,"PA"
"7/24/2024 16:40",500,28.89,"PA"
"7/24/2024 16:50",499.2,28.88,"PA"
"7/24/2024 17:00",496.8,28.87,"PA"
"7/24/2024 17:10",494.5,28.82,"PA"
"7/24/2024 17:20",494.1,28.78,"PA"
"7/24/2024 17:30",492.6,28.75,"PA"
"7/24/2024 17:40",496.2,28.65,"PA"
"7/24/2024 17:50",495.4,28.58,"PA"
"7/24/2024 18:00",498.2,28.53,"PA"
"7/24/2024 18:10",499.8,28.47,"PA"
"7/24/2024 18:20",499.4,28.49,"PA"
"7/24/2024 18:30",497.5,28.48,"PA"
"7/24/2024 18:40",495.5,28.45,"PA"
"7/24/2024 18:50",493.9,28.44,"PA"
"7/24/2024 19:00",491.5,28.41,"PA"
"7/24/2024 19:10",491.6,28.37,"PA"
"7/24/2024 19:20",493.6,28.32,"PA"
"7/24/2024 19:30",494.8,28.29,"PA"
"7/24/2024 19:40",493.2,28.26,"PA"
"7/24/2024 19:50",493.6,28.21,"PA"
"7/24/2024 20:00",493.6,28.18,"PA"
"7/24/2024 20:10",495.6,28.15,"PA"
"7/24/2024 20:20",497.2,28.12,"PA"
"7/24/2024 20:30",498.5,28.07,"PA"
"7/24/2024 20:40",498.9,28.05,"PA"
"7/24/2024 20:50",500.1,28.02,"PA"
"7/24/2024 21:00",501.3,27.98,"PA"
"7/24/2024 21:10",501.7,27.93,"PA"
"7/24/2024 21:20",502.1,27.9,"PA"
"7/24/2024 21:30",503.7,27.85,"PA"
"7/24/2024 21:40",503.7,27.82,"PA"
"7/24/2024 21:50",507.3,27.8,"PA"
"7/24/2024 22:00",507.4,27.75,"PA"
"7/24/2024 22:10",507,27.72,"PA"
"7/24/2024 22:20",506.2,27.68,"PA"
"7/24/2024 22:30",505.4,27.65,"PA"
"7/24/2024 22:40",505.8,27.61,"PA"
"7/24/2024 22:50",504.3,27.58,"PA"
"7/24/2024 23:00",503.1,27.54,"PA"
"7/24/2024 23:10",502.3,27.51,"PA"
"7/24/2024 23:20",503.5,27.49,"PA"
"7/24/2024 23:30",505.1,27.46,"PA"
"7/24/2024 23:40",505.9,27.44,"PA"
"7/24/2024 23:50",506.7,27.43,"PA"
"7/25/2024 0:00",506.4,27.38,"PA"
"7/25/2024 0:10",505.6,27.35,"PA"
"7/25/2024 0:20",504,27.31,"PA"
"7/25/2024 0:30",503.6,27.3,"PA"
"7/25/2024 0:40",505.6,27.29,"PA"
"7/25/2024 0:50",510,27.28,"PA"
"7/25/2024 1:00",511.6,27.25,"PA"
"7/25/2024 1:10",512,27.23,"PA"
"7/25/2024 1:20",513.6,27.21,"PA"
"7/25/2024 1:30",513.2,27.19,"PA"
"7/25/2024 1:40",513.2,27.16,"PA"
"7/25/2024 1:50",514.8,27.14,"PA"
"7/25/2024 2:00",513.6,27.12,"PA"
"7/25/2024 2:10",512.9,27.1,"PA"
"7/25/2024 2:20",516.4,27.1,"PA"
"7/25/2024 2:30",516.1,27.07,"PA"
"7/25/2024 2:40",515.3,27.07,"PA"
"7/25/2024 2:50",524,27.07,"PA"
"7/25/2024 3:00",525.2,27.04,"PA"
"7/25/2024 3:10",524.8,27.02,"PA"
"7/25/2024 3:20",524,27,"PA"
"7/25/2024 3:30",522.8,26.99,"PA"
"7/25/2024 3:40",520.5,26.98,"PA"
"7/25/2024 3:50",524.8,26.98,"PA"
"7/25/2024 4:00",525.6,26.97,"PA"
"7/25/2024 4:10",526,26.97,"PA"
"7/25/2024 4:20",527.6,26.94,"PA"
"7/25/2024 4:30",527.2,26.93,"PA"
"7/25/2024 4:40",528.4,26.93,"PA"
"7/25/2024 4:50",532,26.92,"PA"
"7/25/2024 5:00",540,26.92,"PA"
"7/25/2024 5:10",540,26.91,"PA"
"7/25/2024 5:20",539.6,26.9,"PA"
"7/25/2024 5:30",538,26.87,"PA"
"7/25/2024 5:40",535.6,26.86,"PA"
"7/25/2024 5:50",534.4,26.85,"PA"
"7/25/2024 6:00",532.1,26.84,"PA"
"7/25/2024 6:10",534.5,26.84,"PA"
"7/25/2024 6:20",535.7,26.83,"PA"
"7/25/2024 6:30",534.5,26.82,"PA"
"7/25/2024 6:40",531.3,26.8,"PA"
"7/25/2024 6:50",530.9,26.79,"PA"
"7/25/2024 7:00",529.3,26.79,"PA"
"7/25/2024 7:10",532.5,26.79,"PA"
"7/25/2024 7:20",532.5,26.79,"PA"
"7/25/2024 7:30",529.3,26.79,"PA"
"7/25/2024 7:40",528.1,26.78,"PA"
"7/25/2024 7:50",509.9,26.75,"PA"
"7/25/2024 8:00",503.9,26.77,"PA"
"7/25/2024 8:10",512.2,26.79,"PA"
"7/25/2024 8:20",509.1,26.79,"PA"
"7/25/2024 8:30",499.5,26.8,"PA"
"7/25/2024 8:40",505.9,26.83,"PA"
"7/25/2024 8:50",505.5,26.85,"PA"
"7/25/2024 9:00",499.5,26.89,"PA"
"7/25/2024 9:10",505.8,26.92,"PA"
"7/25/2024 9:20",516.1,26.97,"PA"
"7/25/2024 9:30",518.5,27.01,"PA"
"7/25/2024 9:40",519.7,27.02,"PA"
"7/25/2024 9:50",516.1,27.06,"PA"
"7/25/2024 10:00",513.7,27.1,"PA"
"7/25/2024 10:10",516,27.17,"PA"
"7/25/2024 10:20",523.5,27.27,"PA"
"7/25/2024 10:30",525.4,27.31,"PA"
"7/25/2024 10:40",527,27.37,"PA"
"7/25/2024 10:50",530.1,27.47,"PA"
"7/25/2024 11:00",524.1,27.52,"PA"
"7/25/2024 11:10",528.1,27.59,"PA"
"7/25/2024 11:20",537.2,27.62,"PA"
"7/25/2024 11:30",533.6,27.73,"PA"
"7/25/2024 11:40",528,27.76,"PA"
"7/25/2024 11:50",528.7,27.81,"PA"
"7/25/2024 12:00",537.8,27.87,"PA"
"7/25/2024 12:10",537.4,27.95,"PA"
"7/25/2024 12:20",531.4,27.95,"PA"
"7/25/2024 12:30",535.3,28.08,"PA"
"7/25/2024 12:40",535.7,28.11,"PA"
"7/25/2024 12:50",537.6,28.22,"PA"
"7/25/2024 13:00",530.9,28.28,"PA"
"7/25/2024 13:10",531.2,28.33,"PA"
"7/25/2024 13:20",530.8,28.42,"PA"
"7/25/2024 13:30",531.5,28.49,"PA"
"7/25/2024 13:40",528.3,28.6,"PA"
"7/25/2024 13:50",527.5,28.66,"PA"
"7/25/2024 14:00",527.1,28.65,"PA"
"7/25/2024 14:10",528.6,28.73,"PA"
"7/25/2024 14:20",528.2,28.74,"PA"
"7/25/2024 14:30",527.4,28.81,"PA"
"7/25/2024 14:40",526.2,28.82,"PA"
"7/25/2024 14:50",524.2,28.86,"PA"
"7/25/2024 15:00",528.2,28.81,"PA"
"7/25/2024 15:10",528.5,28.88,"PA"
"7/25/2024 15:20",527.3,28.9,"PA"
"7/25/2024 15:30",524.5,28.95,"PA"
"7/25/2024 15:40",523.7,28.96,"PA"
"7/25/2024 15:50",523,28.95,"PA"
"7/25/2024 16:00",524.5,29.03,"PA"
"7/25/2024 16:10",525.3,29,"PA"
"7/25/2024 16:20",521,28.97,"PA"
"7/25/2024 16:30",518.6,29,"PA"
"7/25/2024 16:40",518.6,29,"PA"
"7/25/2024 16:50",519,28.96,"PA"
"7/25/2024 17:00",519.8,28.92,"PA"
"7/25/2024 17:10",518.2,28.94,"PA"
"7/25/2024 17:20",517,28.93,"PA"
"7/25/2024 17:30",518.6,28.88,"PA"
"7/25/2024 17:40",518.2,28.89,"PA"
"7/25/2024 17:50",519,28.85,"PA"
"7/25/2024 18:00",517.9,28.81,"PA"
"7/25/2024 18:10",516.7,28.78,"PA"
"7/25/2024 18:20",517.9,28.77,"PA"
"7/25/2024 18:30",517.1,28.77,"PA"
"7/25/2024 18:40",516.7,28.77,"PA"
"7/25/2024 18:50",515.9,28.74,"PA"
"7/25/2024 19:00",515.6,28.71,"PA"
"7/25/2024 19:10",515.6,28.65,"PA"
"7/25/2024 19:20",516,28.63,"PA"
"7/25/2024 19:30",515.2,28.59,"PA"
"7/25/2024 19:40",514.9,28.55,"PA"
"7/25/2024 19:50",515.7,28.52,"PA"
"7/25/2024 20:00",516.1,28.49,"PA"
"7/25/2024 20:10",515.7,28.47,"PA"
"7/25/2024 20:20",516.1,28.43,"PA"
"7/25/2024 20:30",516.9,28.4,"PA"
"7/25/2024 20:40",519.3,28.35,"PA"
"7/25/2024 20:50",520.9,28.33,"PA"
"7/25/2024 21:00",521.3,28.29,"PA"
"7/25/2024 21:10",521.4,28.23,"PA"
"7/25/2024 21:20",523.4,28.22,"PA"
"7/25/2024 21:30",524.2,28.2,"PA"
"7/25/2024 21:40",523.8,28.17,"PA"
"7/25/2024 21:50",523.4,28.14,"PA"
"7/25/2024 22:00",523.4,28.11,"PA"
"7/25/2024 22:10",523.8,28.08,"PA"
"7/25/2024 22:20",524.6,28.06,"PA"
"7/25/2024 22:30",524.6,28.04,"PA"
"7/25/2024 22:40",525.5,28,"PA"
"7/25/2024 22:50",526.3,27.98,"PA"
"7/25/2024 23:00",526.3,27.95,"PA"
"7/25/2024 23:10",525.5,27.91,"PA"
"7/25/2024 23:20",525.1,27.89,"PA"
"7/25/2024 23:30",526.3,27.87,"PA"
"7/25/2024 23:40",526.3,27.83,"PA"
"7/25/2024 23:50",527.2,27.82,"PA"
"7/26/2024 0:00",528.4,27.8,"PA"
"7/26/2024 0:10",530.4,27.77,"PA"
"7/26/2024 0:20",530.8,27.74,"PA"
"7/26/2024 0:30",529.2,27.72,"PA"
"7/26/2024 0:40",528.8,27.68,"PA"
"7/26/2024 0:50",527.2,27.66,"PA"
"7/26/2024 1:00",527.3,27.64,"PA"
"7/26/2024 1:10",527.7,27.61,"PA"
"7/26/2024 1:20",524.9,27.59,"PA"
"7/26/2024 1:30",526.1,27.57,"PA"
"7/26/2024 1:40",524.9,27.53,"PA"
"7/26/2024 1:50",524.1,27.51,"PA"
"7/26/2024 2:00",524.9,27.5,"PA"
"7/26/2024 2:10",526.1,27.49,"PA"
"7/26/2024 2:20",526.2,27.46,"PA"
"7/26/2024 2:30",525,27.44,"PA"
"7/26/2024 2:40",525,27.42,"PA"
"7/26/2024 2:50",523.8,27.39,"PA"
"7/26/2024 3:00",524.2,27.38,"PA"
"7/26/2024 3:10",525,27.37,"PA"
"7/26/2024 3:20",525,27.34,"PA"
"7/26/2024 3:30",526.6,27.32,"PA"
"7/26/2024 3:40",527.4,27.31,"PA"
"7/26/2024 3:50",528.2,27.29,"PA"
"7/26/2024 4:00",529.8,27.27,"PA"
"7/26/2024 4:10",529.1,27.25,"PA"
"7/26/2024 4:20",527.5,27.25,"PA"
"7/26/2024 4:30",531,27.25,"PA"
"7/26/2024 4:40",533,27.23,"PA"
"7/26/2024 4:50",531.5,27.2,"PA"
"7/26/2024 5:00",528.7,27.2,"PA"
"7/26/2024 5:10",529.1,27.17,"PA"
"7/26/2024 5:20",530.3,27.16,"PA"
"7/26/2024 5:30",534.7,27.17,"PA"
"7/26/2024 5:40",535.9,27.16,"PA"
"7/26/2024 5:50",535.1,27.14,"PA"
"7/26/2024 6:00",535.9,27.13,"PA"
"7/26/2024 6:10",535.5,27.12,"PA"
"7/26/2024 6:20",536.7,27.13,"PA"
"7/26/2024 6:30",542.6,27.12,"PA"
"7/26/2024 6:40",537.9,27.09,"PA"
"7/26/2024 6:50",537.1,27.08,"PA"
"7/26/2024 7:00",537.9,27.08,"PA"
"7/26/2024 7:10",536.3,27.08,"PA"
"7/26/2024 7:20",538.7,27.08,"PA"
"7/26/2024 7:30",537.9,27.09,"PA"
"7/26/2024 7:40",542.7,27.09,"PA"
"7/26/2024 7:50",542.3,27.09,"PA"
"7/26/2024 8:00",540.3,27.09,"PA"
"7/26/2024 8:10",543.4,27.12,"PA"
"7/26/2024 8:20",534.3,27.1,"PA"
"7/26/2024 8:30",534.3,27.14,"PA"
"7/26/2024 8:40",534.7,27.14,"PA"
"7/26/2024 8:50",538.6,27.19,"PA"
"7/26/2024 9:00",541,27.21,"PA"
"7/26/2024 9:10",543.4,27.24,"PA"
"7/26/2024 9:20",547.3,27.28,"PA"
"7/26/2024 9:30",545.3,27.29,"PA"
"7/26/2024 9:40",542.5,27.31,"PA"
"7/26/2024 9:50",537.3,27.36,"PA"
"7/26/2024 10:00",550,27.42,"PA"
"7/26/2024 10:10",542.5,27.4,"PA"
"7/26/2024 10:20",547.6,27.49,"PA"
"7/26/2024 10:30",543.6,27.49,"PA"
"7/26/2024 10:40",542.4,27.58,"PA"
"7/26/2024 10:50",540.7,27.69,"PA"
"7/26/2024 11:00",530.8,27.72,"PA"
"7/26/2024 11:10",533.9,27.85,"PA"
"7/26/2024 11:20",549.7,27.92,"PA"
"7/26/2024 11:30",547.7,28,"PA"
"7/26/2024 11:40",552.8,28.04,"PA"
"7/26/2024 11:50",554.7,28.17,"PA"
"7/26/2024 12:00",553.1,28.18,"PA"
"7/26/2024 12:10",555.1,28.26,"PA"
"7/26/2024 12:20",553.1,28.32,"PA"
"7/26/2024 12:30",557.4,28.37,"PA"
"7/26/2024 12:40",560.5,28.51,"PA"
"7/26/2024 12:50",562.4,28.6,"PA"
"7/26/2024 13:00",569.1,28.73,"PA"
"7/26/2024 13:10",566.4,28.65,"PA"
"7/26/2024 13:20",558,28.7,"PA"
"7/26/2024 13:30",556.8,28.77,"PA"
"7/26/2024 13:40",551.2,28.85,"PA"
"7/26/2024 13:50",551.9,28.93,"PA"
"7/26/2024 14:00",554.7,28.96,"PA"
"7/26/2024 14:10",552.7,28.98,"PA"
"7/26/2024 14:20",554.6,29.02,"PA"
"7/26/2024 14:30",558.3,28.94,"PA"
"7/26/2024 14:40",553.8,29.05,"PA"
"7/26/2024 14:50",552.6,29.11,"PA"
"7/26/2024 15:00",553,29.17,"PA"
"7/26/2024 15:10",554.1,29.25,"PA"
"7/26/2024 15:20",552.1,29.37,"PA"
"7/26/2024 15:30",552,29.42,"PA"
"7/26/2024 15:40",554.1,29.28,"PA"
"7/26/2024 15:50",552.9,29.28,"PA"
"7/26/2024 16:00",554.1,29.33,"PA"
"7/26/2024 16:10",557.7,29.28,"PA"
"7/26/2024 16:20",556.1,29.26,"PA"
"7/26/2024 16:30",554.9,29.22,"PA"
"7/26/2024 16:40",553.3,29.27,"PA"
"7/26/2024 16:50",553.3,29.24,"PA"
"7/26/2024 17:00",554.1,29.24,"PA"
"7/26/2024 17:10",554.5,29.25,"PA"
"7/26/2024 17:20",552.9,29.22,"PA"
"7/26/2024 17:30",554.2,29.17,"PA"
"7/26/2024 17:40",552.2,29.13,"PA"
"7/26/2024 17:50",552.6,29.15,"PA"
"7/26/2024 18:00",552.2,29.16,"PA"
"7/26/2024 18:10",554.2,29.11,"PA"
"7/26/2024 18:20",552.2,29.12,"PA"
"7/26/2024 18:30",551,29.11,"PA"
"7/26/2024 18:40",550.2,29.16,"PA"
"7/26/2024 18:50",543.1,29.16,"PA"
"7/26/2024 19:00",544.3,29.09,"PA"
"7/26/2024 19:10",544.7,29.05,"PA"
"7/26/2024 19:20",544.7,29.01,"PA"
"7/26/2024 19:30",546.7,28.95,"PA"
"7/26/2024 19:40",547.6,28.9,"PA"
"7/26/2024 19:50",549.2,28.89,"PA"
"7/26/2024 20:00",548.8,28.85,"PA"
"7/26/2024 20:10",548.8,28.83,"PA"
"7/26/2024 20:20",548,28.81,"PA"
"7/26/2024 20:30",548.8,28.81,"PA"
"7/26/2024 20:40",547.2,28.77,"PA"
"7/26/2024 20:50",545.3,28.73,"PA"
"7/26/2024 21:00",543.7,28.71,"PA"
"7/26/2024 21:10",543.3,28.68,"PA"
"7/26/2024 21:20",542.9,28.66,"PA"
"7/26/2024 21:30",541.8,28.64,"PA"
"7/26/2024 21:40",542.6,28.62,"PA"
"7/26/2024 21:50",542.6,28.56,"PA"
"7/26/2024 22:00",542.6,28.55,"PA"
"7/26/2024 22:10",541.8,28.52,"PA"
"7/26/2024 22:20",542.6,28.49,"PA"
"7/26/2024 22:30",543,28.48,"PA"
"7/26/2024 22:40",543.5,28.45,"PA"
"7/26/2024 22:50",543.1,28.41,"PA"
"7/26/2024 23:00",543.9,28.38,"PA"
"7/26/2024 23:10",544.3,28.37,"PA"
"7/26/2024 23:20",544.7,28.34,"PA"
"7/26/2024 23:30",544.3,28.3,"PA"
"7/26/2024 23:40",545.6,28.27,"PA"
"7/26/2024 23:50",546.4,28.25,"PA"
"7/27/2024 0:00",547.2,28.2,"PA"
"7/27/2024 0:10",547.6,28.19,"PA"
"7/27/2024 0:20",548,28.17,"PA"
"7/27/2024 0:30",547.6,28.13,"PA"
"7/27/2024 0:40",547.6,28.1,"PA"
"7/27/2024 0:50",548,28.07,"PA"
"7/27/2024 1:00",546.9,28.04,"PA"
"7/27/2024 1:10",546.9,28.02,"PA"
"7/27/2024 1:20",546.1,27.97,"PA"
"7/27/2024 1:30",546.1,27.95,"PA"
"7/27/2024 1:40",545.8,27.92,"PA"
"7/27/2024 1:50",546.2,27.89,"PA"
"7/27/2024 2:00",546.2,27.87,"PA"
"7/27/2024 2:10",546.2,27.84,"PA"
"7/27/2024 2:20",545.4,27.82,"PA"
"7/27/2024 2:30",545.4,27.77,"PA"
"7/27/2024 2:40",546.3,27.74,"PA"
"7/27/2024 2:50",545.9,27.7,"PA"
"7/27/2024 3:00",545.5,27.66,"PA"
"7/27/2024 3:10",545.1,27.65,"PA"
"7/27/2024 3:20",545.9,27.62,"PA"
"7/27/2024 3:30",545.5,27.6,"PA"
"7/27/2024 3:40",546,27.58,"PA"
"7/27/2024 3:50",547.1,27.57,"PA"
"7/27/2024 4:00",548.4,27.53,"PA"
"7/27/2024 4:10",548.8,27.51,"PA"
"7/27/2024 4:20",549.2,27.51,"PA"
"7/27/2024 4:30",550.4,27.46,"PA"
"7/27/2024 4:40",550,27.44,"PA"
"7/27/2024 4:50",548.8,27.39,"PA"
"7/27/2024 5:00",547.7,27.36,"PA"
"7/27/2024 5:10",547.7,27.34,"PA"
"7/27/2024 5:20",547.3,27.3,"PA"
"7/27/2024 5:30",548.1,27.29,"PA"
"7/27/2024 5:40",549.7,27.24,"PA"
"7/27/2024 5:50",548.9,27.22,"PA"
"7/27/2024 6:00",548.9,27.21,"PA"
"7/27/2024 6:10",549.4,27.19,"PA"
"7/27/2024 6:20",551,27.17,"PA"
"7/27/2024 6:30",551,27.13,"PA"
"7/27/2024 6:40",547.4,27.1,"PA"
"7/27/2024 6:50",546.6,27.08,"PA"
"7/27/2024 7:00",547,27.09,"PA"
"7/27/2024 7:10",546.6,27.06,"PA"
"7/27/2024 7:20",547.8,27.1,"PA"
"7/27/2024 7:30",549.8,27.07,"PA"
"7/27/2024 7:40",551,27.08,"PA"
"7/27/2024 7:50",553,27.08,"PA"
"7/27/2024 8:00",553.8,27.07,"PA"
"7/27/2024 8:10",553.4,27.08,"PA"
"7/27/2024 8:20",552.2,27.06,"PA"
"7/27/2024 8:30",552.2,27.07,"PA"
"7/27/2024 8:40",552.6,27.09,"PA"
"7/27/2024 8:50",553,27.09,"PA"
"7/27/2024 9:00",553.4,27.12,"PA"
"7/27/2024 9:10",554.2,27.14,"PA"
"7/27/2024 9:20",555.3,27.19,"PA"
"7/27/2024 9:30",558.1,27.2,"PA"
"7/27/2024 9:40",556.9,27.21,"PA"
"7/27/2024 9:50",556,27.3,"PA"
"7/27/2024 10:00",558.8,27.34,"PA"
"7/27/2024 10:10",561.5,27.44,"PA"
"7/27/2024 10:20",564.3,27.49,"PA"
"7/27/2024 10:30",564.3,27.52,"PA"
"7/27/2024 10:40",564.6,27.59,"PA"
"7/27/2024 10:50",564.6,27.66,"PA"
"7/27/2024 11:00",567.3,27.78,"PA"
"7/27/2024 11:10",566.8,27.87,"PA"
"7/27/2024 11:20",568.8,27.97,"PA"
"7/27/2024 11:30",569.9,28.04,"PA"
"7/27/2024 11:40",568.3,28.02,"PA"
"7/27/2024 11:50",567.1,28.04,"PA"
"7/27/2024 12:00",570.2,28.15,"PA"
"7/27/2024 12:10",562.6,28.26,"PA"
"7/27/2024 12:20",563.4,28.35,"PA"
"7/27/2024 12:30",572,28.48,"PA"
"7/27/2024 12:40",575.5,28.62,"PA"
"7/27/2024 12:50",573.1,28.66,"PA"
"7/27/2024 13:00",573.9,28.72,"PA"
"7/27/2024 13:10",577,28.88,"PA"
"7/27/2024 13:20",570.7,28.65,"PA"
"7/27/2024 13:30",574.2,28.9,"PA"
"7/27/2024 13:40",576.9,28.96,"PA"
"7/27/2024 13:50",580.8,29.11,"PA"
"7/27/2024 14:00",578.8,29.18,"PA"
"7/27/2024 14:10",573.2,29.17,"PA"
"7/27/2024 14:20",569.6,29.23,"PA"
"7/27/2024 14:30",566.4,29.3,"PA"
"7/27/2024 14:40",566.4,29.31,"PA"
"7/27/2024 14:50",567.2,29.31,"PA"
"7/27/2024 15:00",566.3,29.35,"PA"
"7/27/2024 15:10",564.7,29.39,"PA"
"7/27/2024 15:20",564,29.38,"PA"
"7/27/2024 15:30",564.3,29.42,"PA"
"7/27/2024 15:40",565.1,29.43,"PA"
"7/27/2024 15:50",565.1,29.39,"PA"
"7/27/2024 16:00",564,29.38,"PA"
"7/27/2024 16:10",564,29.33,"PA"
"7/27/2024 16:20",564,29.32,"PA"
"7/27/2024 16:30",564.4,29.26,"PA"
"7/27/2024 16:40",564.8,29.24,"PA"
"7/27/2024 16:50",564.5,29.19,"PA"
"7/27/2024 17:00",562.5,29.2,"PA"
"7/27/2024 17:10",564.1,29.13,"PA"
"7/27/2024 17:20",563.7,29.16,"PA"
"7/27/2024 17:30",562.9,29.13,"PA"
"7/27/2024 17:40",562.5,29.12,"PA"
"7/27/2024 17:50",560.5,29.11,"PA"
"7/27/2024 18:00",560.6,29.07,"PA"
"7/27/2024 18:10",561,29.05,"PA"
"7/27/2024 18:20",561,29.05,"PA"
"7/27/2024 18:30",560.2,28.98,"PA"
"7/27/2024 18:40",561,28.97,"PA"
"7/27/2024 18:50",560.6,28.97,"PA"
"7/27/2024 19:00",560.6,28.95,"PA"
"7/27/2024 19:10",561,28.93,"PA"
"7/27/2024 19:20",560.7,28.9,"PA"
"7/27/2024 19:30",560.7,28.87,"PA"
"7/27/2024 19:40",560.3,28.81,"PA"
"7/27/2024 19:50",559.9,28.8,"PA"
"7/27/2024 20:00",559.2,28.75,"PA"
"7/27/2024 20:10",559.6,28.74,"PA"
"7/27/2024 20:20",559.6,28.71,"PA"
"7/27/2024 20:30",558.8,28.67,"PA"
"7/27/2024 20:40",558.4,28.64,"PA"
"7/27/2024 20:50",558.5,28.62,"PA"
"7/27/2024 21:00",556.9,28.59,"PA"
"7/27/2024 21:10",556.9,28.56,"PA"
"7/27/2024 21:20",556.5,28.52,"PA"
"7/27/2024 21:30",556.1,28.49,"PA"
"7/27/2024 21:40",556.2,28.45,"PA"
"7/27/2024 21:50",555.8,28.41,"PA"
"7/27/2024 22:00",555.8,28.37,"PA"
"7/27/2024 22:10",556.2,28.33,"PA"
"7/27/2024 22:20",557,28.3,"PA"
"7/27/2024 22:30",557.1,28.27,"PA"
"7/27/2024 22:40",557.1,28.22,"PA"
"7/27/2024 22:50",556.7,28.19,"PA"
"7/27/2024 23:00",557.1,28.17,"PA"
"7/27/2024 23:10",557.2,28.11,"PA"
"7/27/2024 23:20",557.2,28.07,"PA"
"7/27/2024 23:30",557.2,28.04,"PA"
"7/27/2024 23:40",557.2,28,"PA"
"7/27/2024 23:50",557.3,27.96,"PA"
"7/28/2024 0:00",556.5,27.9,"PA"
"7/28/2024 0:10",557.3,27.89,"PA"
"7/28/2024 0:20",557.7,27.84,"PA"
"7/28/2024 0:30",558.1,27.81,"PA"
"7/28/2024 0:40",558.2,27.77,"PA"
"7/28/2024 0:50",558.2,27.75,"PA"
"7/28/2024 1:00",558.2,27.7,"PA"
"7/28/2024 1:10",557.8,27.67,"PA"
"7/28/2024 1:20",557.4,27.64,"PA"
"7/28/2024 1:30",557.5,27.6,"PA"
"7/28/2024 1:40",557.5,27.58,"PA"
"7/28/2024 1:50",557.5,27.53,"PA"
"7/28/2024 2:00",556.7,27.51,"PA"
"7/28/2024 2:10",556.7,27.49,"PA"
"7/28/2024 2:20",556.4,27.46,"PA"
"7/28/2024 2:30",556.4,27.43,"PA"
"7/28/2024 2:40",557.2,27.39,"PA"
"7/28/2024 2:50",557.6,27.36,"PA"
"7/28/2024 3:00",557.2,27.3,"PA"
"7/28/2024 3:10",556.5,27.25,"PA"
"7/28/2024 3:20",556.5,27.22,"PA"
"7/28/2024 3:30",556.9,27.2,"PA"
"7/28/2024 3:40",557.3,27.17,"PA"
"7/28/2024 3:50",557.7,27.14,"PA"
"7/28/2024 4:00",558.1,27.12,"PA"
"7/28/2024 4:10",558.2,27.08,"PA"
"7/28/2024 4:20",558.6,27.05,"PA"
"7/28/2024 4:30",558.6,27,"PA"
"7/28/2024 4:40",559,26.97,"PA"
"7/28/2024 4:50",559.4,26.97,"PA"
"7/28/2024 5:00",559.5,26.91,"PA"
"7/28/2024 5:10",559.5,26.89,"PA"
"7/28/2024 5:20",559.9,26.87,"PA"
"7/28/2024 5:30",559.9,26.84,"PA"
"7/28/2024 5:40",559.9,26.79,"PA"
"7/28/2024 5:50",560.3,26.79,"PA"
"7/28/2024 6:00",560.7,26.76,"PA"
"7/28/2024 6:10",560.8,26.72,"PA"
"7/28/2024 6:20",560.8,26.69,"PA"
"7/28/2024 6:30",560.8,26.67,"PA"
"7/28/2024 6:40",560.8,26.65,"PA"
"7/28/2024 6:50",560.8,26.63,"PA"
"7/28/2024 7:00",561.6,26.65,"PA"
"7/28/2024 7:10",560.9,26.57,"PA"
"7/28/2024 7:20",560.8,26.6,"PA"
"7/28/2024 7:30",562.4,26.6,"PA"
"7/28/2024 7:40",562.8,26.61,"PA"
"7/28/2024 7:50",562.5,26.56,"PA"
"7/28/2024 8:00",560.5,26.55,"PA"
"7/28/2024 8:10",560.8,26.59,"PA"
"7/28/2024 8:20",558.5,26.54,"PA"
"7/28/2024 8:30",558.5,26.56,"PA"
"7/28/2024 8:40",560.8,26.6,"PA"
"7/28/2024 8:50",561.6,26.6,"PA"
"7/28/2024 9:00",560,26.59,"PA"
"7/28/2024 9:10",561.2,26.62,"PA"
"7/28/2024 9:20",562.8,26.64,"PA"
"7/28/2024 9:30",564,26.68,"PA"
"7/28/2024 9:40",565.1,26.74,"PA"
"7/28/2024 9:50",568.7,26.79,"PA"
"7/28/2024 10:00",572.2,26.87,"PA"
"7/28/2024 10:10",571.7,26.99,"PA"
"7/28/2024 10:20",574.1,27.02,"PA"
"7/28/2024 10:30",574.5,27.09,"PA"
"7/28/2024 10:40",574.8,27.19,"PA"
"7/28/2024 10:50",576.3,27.28,"PA"
"7/28/2024 11:00",575.1,27.4,"PA"
"7/28/2024 11:10",577.8,27.54,"PA"
"7/28/2024 11:20",577.7,27.6,"PA"
"7/28/2024 11:30",579.7,27.69,"PA"
"7/28/2024 11:40",582.4,27.78,"PA"
"7/28/2024 11:50",582.4,27.77,"PA"
"7/28/2024 12:00",580.4,27.82,"PA"
"7/28/2024 12:10",585.9,27.99,"PA"
"7/28/2024 12:20",585.9,27.95,"PA"
"7/28/2024 12:30",590.1,28.17,"PA"
"7/28/2024 12:40",590.1,28.27,"PA"
"7/28/2024 12:50",584.5,28.22,"PA"
"7/28/2024 13:00",580.2,28.19,"PA"
"7/28/2024 13:10",579.8,28.2,"PA"
"7/28/2024 13:20",582.1,28.27,"PA"
"7/28/2024 13:30",580.5,28.23,"PA"
"7/28/2024 13:40",578.2,28.11,"PA"
"7/28/2024 13:50",576.6,28.14,"PA"
"7/28/2024 14:00",576.2,28.12,"PA"
"7/28/2024 14:10",569.9,28.14,"PA"
"7/28/2024 14:20",565.1,28.17,"PA"
"7/28/2024 14:30",564.7,28.17,"PA"
"7/28/2024 14:40",565.5,28.15,"PA"
"7/28/2024 14:50",564.7,28.15,"PA"
"7/28/2024 15:00",562.2,28.25,"PA"
"7/28/2024 15:10",559.4,28.37,"PA"
"7/28/2024 15:20",559.8,28.41,"PA"
"7/28/2024 15:30",560.1,28.44,"PA"
"7/28/2024 15:40",559,28.43,"PA"
"7/28/2024 15:50",560.5,28.43,"PA"
"7/28/2024 16:00",560.9,28.43,"PA"
"7/28/2024 16:10",560.6,28.42,"PA"
"7/28/2024 16:20",560.2,28.38,"PA"
"7/28/2024 16:30",561.4,28.32,"PA"
"7/28/2024 16:40",562.2,28.32,"PA"
"7/28/2024 16:50",563,28.32,"PA"
"7/28/2024 17:00",563.8,28.38,"PA"
"7/28/2024 17:10",562.1,28.43,"PA"
"7/28/2024 17:20",561.3,28.45,"PA"
"7/28/2024 17:30",560.2,28.41,"PA"
"7/28/2024 17:40",561,28.38,"PA"
"7/28/2024 17:50",562.6,28.4,"PA"
"7/28/2024 18:00",562.6,28.36,"PA"
"7/28/2024 18:10",563,28.34,"PA"
"7/28/2024 18:20",562.6,28.29,"PA"
"7/28/2024 18:30",563,28.26,"PA"
"7/28/2024 18:40",561.4,28.25,"PA"
"7/28/2024 18:50",560.7,28.23,"PA"
"7/28/2024 19:00",561.5,28.22,"PA"
"7/28/2024 19:10",560.3,28.2,"PA"
"7/28/2024 19:20",560.3,28.18,"PA"
"7/28/2024 19:30",560.3,28.14,"PA"
"7/28/2024 19:40",560.7,28.11,"PA"
"7/28/2024 19:50",560.8,28.07,"PA"
"7/28/2024 20:00",561.2,28.05,"PA"
"7/28/2024 20:10",561.6,28.03,"PA"
"7/28/2024 20:20",561.2,28.03,"PA"
"7/28/2024 20:30",560.8,28.02,"PA"
"7/28/2024 20:40",560.4,27.98,"PA"
"7/28/2024 20:50",559.2,27.95,"PA"
"7/28/2024 21:00",558.9,27.91,"PA"
"7/28/2024 21:10",558.5,27.89,"PA"
"7/28/2024 21:20",558.5,27.88,"PA"
"7/28/2024 21:30",558.5,27.87,"PA"
"7/28/2024 21:40",558.5,27.84,"PA"
"7/28/2024 21:50",558.1,27.82,"PA"
"7/28/2024 22:00",557.4,27.78,"PA"
"7/28/2024 22:10",556.6,27.75,"PA"
"7/28/2024 22:20",556.6,27.73,"PA"
"7/28/2024 22:30",556.6,27.72,"PA"
"7/28/2024 22:40",556.2,27.68,"PA"
"7/28/2024 22:50",556.2,27.66,"PA"
"7/28/2024 23:00",555.9,27.64,"PA"
"7/28/2024 23:10",556.3,27.62,"PA"
"7/28/2024 23:20",556.3,27.59,"PA"
"7/28/2024 23:30",556.7,27.58,"PA"
"7/28/2024 23:40",557.1,27.55,"PA"
"7/28/2024 23:50",556.7,27.51,"PA"
"7/29/2024 0:00",555.9,27.47,"PA"
"7/29/2024 0:10",556.4,27.46,"PA"
"7/29/2024 0:20",556.4,27.44,"PA"
"7/29/2024 0:30",556.8,27.42,"PA"
"7/29/2024 0:40",556.4,27.39,"PA"
"7/29/2024 0:50",556.4,27.38,"PA"
"7/29/2024 1:00",556.4,27.34,"PA"
"7/29/2024 1:10",556.4,27.32,"PA"
"7/29/2024 1:20",556.4,27.3,"PA"
"7/29/2024 1:30",557.3,27.27,"PA"
"7/29/2024 1:40",558.1,27.25,"PA"
"7/29/2024 1:50",557.7,27.22,"PA"
"7/29/2024 2:00",557.7,27.19,"PA"
"7/29/2024 2:10",556.5,27.13,"PA"
"7/29/2024 2:20",554.2,27.09,"PA"
"7/29/2024 2:30",553.8,27.08,"PA"
"7/29/2024 2:40",553.4,27.02,"PA"
"7/29/2024 2:50",553,27,"PA"
"7/29/2024 3:00",553.1,26.97,"PA"
"7/29/2024 3:10",552.7,26.93,"PA"
"7/29/2024 3:20",552.7,26.89,"PA"
"7/29/2024 3:30",552.3,26.86,"PA"
"7/29/2024 3:40",551.6,26.83,"PA"
"7/29/2024 3:50",552.4,26.8,"PA"
"7/29/2024 4:00",552.4,26.79,"PA"
"7/29/2024 4:10",551.6,26.75,"PA"
"7/29/2024 4:20",551.2,26.74,"PA"
"7/29/2024 4:30",552.4,26.7,"PA"
"7/29/2024 4:40",552.4,26.68,"PA"
"7/29/2024 4:50",551.7,26.65,"PA"
"7/29/2024 5:00",551.3,26.62,"PA"
"7/29/2024 5:10",551.7,26.61,"PA"
"7/29/2024 5:20",552.1,26.57,"PA"
"7/29/2024 5:30",552.9,26.55,"PA"
"7/29/2024 5:40",552.1,26.54,"PA"
"7/29/2024 5:50",552.1,26.5,"PA"
"7/29/2024 6:00",551.7,26.49,"PA"
"7/29/2024 6:10",551.4,26.46,"PA"
"7/29/2024 6:20",551.4,26.44,"PA"
"7/29/2024 6:30",551.4,26.44,"PA"
"7/29/2024 6:40",552.6,26.4,"PA"
"7/29/2024 6:50",553.4,26.39,"PA"
"7/29/2024 7:00",553.8,26.4,"PA"
"7/29/2024 7:10",553.4,26.35,"PA"
"7/29/2024 7:20",553.4,26.34,"PA"
"7/29/2024 7:30",553.4,26.34,"PA"
"7/29/2024 7:40",553.4,26.35,"PA"
"7/29/2024 7:50",553.8,26.34,"PA"
"7/29/2024 8:00",552.6,26.34,"PA"
"7/29/2024 8:10",552.6,26.33,"PA"
"7/29/2024 8:20",553,26.35,"PA"
"7/29/2024 8:30",553,26.33,"PA"
"7/29/2024 8:40",552.6,26.37,"PA"
"7/29/2024 8:50",554.2,26.4,"PA"
"7/29/2024 9:00",559,26.4,"PA"
"7/29/2024 9:10",560.6,26.4,"PA"
"7/29/2024 9:20",563.3,26.44,"PA"
"7/29/2024 9:30",562.9,26.45,"PA"
"7/29/2024 9:40",565.7,26.52,"PA"
"7/29/2024 9:50",567.2,26.53,"PA"
"7/29/2024 10:00",568.8,26.62,"PA"
"7/29/2024 10:10",571.9,26.76,"PA"
"7/29/2024 10:20",571.5,26.76,"PA"
"7/29/2024 10:30",569.1,26.77,"PA"
"7/29/2024 10:40",570.6,26.85,"PA"
"7/29/2024 10:50",570.6,26.89,"PA"
"7/29/2024 11:00",570.1,27,"PA"
"7/29/2024 11:10",572.5,27.12,"PA"
"7/29/2024 11:20",574.4,27.23,"PA"
"7/29/2024 11:30",577.9,27.35,"PA"
"7/29/2024 11:40",578.2,27.45,"PA"
"7/29/2024 11:50",580.1,27.57,"PA"
"7/29/2024 12:00",585.2,27.82,"PA"
"7/29/2024 12:10",586.7,27.92,"PA"
"7/29/2024 12:20",588.6,28.02,"PA"
"7/29/2024 12:30",589.4,28.12,"PA"
"7/29/2024 12:40",591.3,28.21,"PA"
"7/29/2024 12:50",588.9,28.19,"PA"
"7/29/2024 13:00",590.8,28.3,"PA"
"7/29/2024 13:10",591.6,28.41,"PA"
"7/29/2024 13:20",590.6,28.59,"PA"
"7/29/2024 13:30",591.4,28.73,"PA"
"7/29/2024 13:40",591,28.72,"PA"
"7/29/2024 13:50",591.7,28.78,"PA"
"7/29/2024 14:00",591.7,28.82,"PA"
"7/29/2024 14:10",585.7,28.85,"PA"
"7/29/2024 14:20",582.1,28.88,"PA"
"7/29/2024 14:30",576.2,28.85,"PA"
"7/29/2024 14:40",574.9,28.93,"PA"
"7/29/2024 14:50",576.1,28.98,"PA"
"7/29/2024 15:00",578.1,29.02,"PA"
"7/29/2024 15:10",578.1,28.98,"PA"
"7/29/2024 15:20",578,29.08,"PA"
"7/29/2024 15:30",576.9,29.04,"PA"
"7/29/2024 15:40",578.5,28.94,"PA"
"7/29/2024 15:50",578.5,28.94,"PA"
"7/29/2024 16:00",576.9,28.9,"PA"
"7/29/2024 16:10",577.3,28.89,"PA"
"7/29/2024 16:20",576.6,28.86,"PA"
"7/29/2024 16:30",576.6,28.77,"PA"
"7/29/2024 16:40",577,28.77,"PA"
"7/29/2024 16:50",576.2,28.77,"PA"
"7/29/2024 17:00",576.2,28.78,"PA"
"7/29/2024 17:10",577.4,28.73,"PA"
"7/29/2024 17:20",577.1,28.72,"PA"
"7/29/2024 17:30",577.1,28.71,"PA"
"7/29/2024 17:40",577.9,28.7,"PA"
"7/29/2024 17:50",578.3,28.71,"PA"
"7/29/2024 18:00",577.1,28.7,"PA"
"7/29/2024 18:10",577.1,28.65,"PA"
"7/29/2024 18:20",577.1,28.63,"PA"
"7/29/2024 18:30",576.7,28.6,"PA"
"7/29/2024 18:40",575.2,28.57,"PA"
"7/29/2024 18:50",575.2,28.52,"PA"
"7/29/2024 19:00",575.2,28.49,"PA"
"7/29/2024 19:10",575.2,28.47,"PA"
"7/29/2024 19:20",575.3,28.42,"PA"
"7/29/2024 19:30",575.7,28.35,"PA"
"7/29/2024 19:40",576.5,28.34,"PA"
"7/29/2024 19:50",576.1,28.34,"PA"
"7/29/2024 20:00",575.3,28.3,"PA"
"7/29/2024 20:10",574.9,28.29,"PA"
"7/29/2024 20:20",572.6,28.23,"PA"
"7/29/2024 20:30",571.8,28.21,"PA"
"7/29/2024 20:40",571,28.2,"PA"
"7/29/2024 20:50",570.6,28.15,"PA"
"7/29/2024 21:00",570.3,28.12,"PA"
"7/29/2024 21:10",569.9,28.08,"PA"
"7/29/2024 21:20",569.5,28.06,"PA"
"7/29/2024 21:30",569.1,28.05,"PA"
"7/29/2024 21:40",569.1,28.04,"PA"
"7/29/2024 21:50",568,27.98,"PA"
"7/29/2024 22:00",568.8,27.98,"PA"
"7/29/2024 22:10",568.8,27.96,"PA"
"7/29/2024 22:20",567.6,27.92,"PA"
"7/29/2024 22:30",567.6,27.9,"PA"
"7/29/2024 22:40",567.6,27.88,"PA"
"7/29/2024 22:50",567.3,27.84,"PA"
"7/29/2024 23:00",567.3,27.84,"PA"
"7/29/2024 23:10",567.3,27.82,"PA"
"7/29/2024 23:20",567.7,27.8,"PA"
"7/29/2024 23:30",567.3,27.78,"PA"
"7/29/2024 23:40",567.3,27.75,"PA"
"7/29/2024 23:50",567.3,27.73,"PA"
"7/30/2024 0:00",567.3,27.73,"PA"
"7/30/2024 0:10",567.7,27.7,"PA"
"7/30/2024 0:20",568.1,27.68,"PA"
"7/30/2024 0:30",569.4,27.66,"PA"
"7/30/2024 0:40",569.8,27.65,"PA"
"7/30/2024 0:50",569.8,27.61,"PA"
"7/30/2024 1:00",570.2,27.6,"PA"
"7/30/2024 1:10",570.2,27.58,"PA"
"7/30/2024 1:20",570.2,27.55,"PA"
"7/30/2024 1:30",570.2,27.52,"PA"
"7/30/2024 1:40",570.3,27.49,"PA"
"7/30/2024 1:50",570.7,27.47,"PA"
"7/30/2024 2:00",570.7,27.45,"PA"
"7/30/2024 2:10",570.3,27.4,"PA"
"7/30/2024 2:20",569.9,27.38,"PA"
"7/30/2024 2:30",570.3,27.38,"PA"
"7/30/2024 2:40",570.3,27.36,"PA"
"7/30/2024 2:50",570.3,27.34,"PA"
"7/30/2024 3:00",570.8,27.31,"PA"
"7/30/2024 3:10",570.8,27.28,"PA"
"7/30/2024 3:20",571.2,27.25,"PA"
"7/30/2024 3:30",571.6,27.24,"PA"
"7/30/2024 3:40",571.2,27.21,"PA"
"7/30/2024 3:50",572,27.2,"PA"
"7/30/2024 4:00",571.6,27.16,"PA"
"7/30/2024 4:10",572.1,27.14,"PA"
"7/30/2024 4:20",572.8,27.15,"PA"
"7/30/2024 4:30",572.5,27.12,"PA"
"7/30/2024 4:40",571.7,27.09,"PA"
"7/30/2024 4:50",571.7,27.07,"PA"
"7/30/2024 5:00",570.9,27.06,"PA"
"7/30/2024 5:10",570.5,27.04,"PA"
"7/30/2024 5:20",570.5,27.01,"PA"
"7/30/2024 5:30",571.3,27.01,"PA"
"7/30/2024 5:40",571.7,26.99,"PA"
"7/30/2024 5:50",571.8,26.97,"PA"
"7/30/2024 6:00",571.8,26.94,"PA"
"7/30/2024 6:10",571,26.91,"PA"
"7/30/2024 6:20",570.6,26.9,"PA"
"7/30/2024 6:30",571,26.89,"PA"
"7/30/2024 6:40",571.8,26.89,"PA"
"7/30/2024 6:50",571.8,26.86,"PA"
"7/30/2024 7:00",572.2,26.87,"PA"
"7/30/2024 7:10",571.8,26.83,"PA"
"7/30/2024 7:20",571,26.83,"PA"
"7/30/2024 7:30",571.4,26.83,"PA"
"7/30/2024 7:40",571.8,26.83,"PA"
"7/30/2024 7:50",571.8,26.83,"PA"
"7/30/2024 8:00",572.6,26.83,"PA"
"7/30/2024 8:10",573.8,26.84,"PA"
"7/30/2024 8:20",574.2,26.85,"PA"
"7/30/2024 8:30",574.6,26.83,"PA"
"7/30/2024 8:40",571.5,26.78,"PA"
"7/30/2024 8:50",565.5,26.77,"PA"
"7/30/2024 9:00",565.5,26.78,"PA"
"7/30/2024 9:10",566.3,26.8,"PA"
"7/30/2024 9:20",567.5,26.82,"PA"
"7/30/2024 9:30",569.4,26.87,"PA"
"7/30/2024 9:40",570.2,26.9,"PA"
"7/30/2024 9:50",572.1,26.99,"PA"
"7/30/2024 10:00",575.3,27.01,"PA"
"7/30/2024 10:10",578,27.17,"PA"
"7/30/2024 10:20",578.8,27.23,"PA"
"7/30/2024 10:30",577.5,27.29,"PA"
"7/30/2024 10:40",578.2,27.46,"PA"
"7/30/2024 10:50",578.2,27.49,"PA"
"7/30/2024 11:00",579.8,27.57,"PA"
"7/30/2024 11:10",580.9,27.65,"PA"
"7/30/2024 11:20",582.8,27.72,"PA"
"7/30/2024 11:30",585.2,27.78,"PA"
"7/30/2024 11:40",590.3,27.95,"PA"
"7/30/2024 11:50",591.4,28.08,"PA"
"7/30/2024 12:00",590.9,28.15,"PA"
"7/30/2024 12:10",592.4,28.36,"PA"
"7/30/2024 12:20",593.9,28.41,"PA"
"7/30/2024 12:30",596.2,28.55,"PA"
"7/30/2024 12:40",597.4,28.67,"PA"
"7/30/2024 12:50",597.3,28.71,"PA"
"7/30/2024 13:00",597.3,28.77,"PA"
"7/30/2024 13:10",597.3,28.83,"PA"
"7/30/2024 13:20",598,28.93,"PA"
"7/30/2024 13:30",598.3,29.05,"PA"
"7/30/2024 13:40",599.1,29.13,"PA"
"7/30/2024 13:50",599.8,29.22,"PA"
"7/30/2024 14:00",600.2,29.2,"PA"
"7/30/2024 14:10",599.8,29.19,"PA"
"7/30/2024 14:20",593.8,29.32,"PA"
"7/30/2024 14:30",587,29.33,"PA"
"7/30/2024 14:40",588.6,29.25,"PA"
"7/30/2024 14:50",587.9,29.18,"PA"
"7/30/2024 15:00",586.7,29.23,"PA"
"7/30/2024 15:10",588.3,29.23,"PA"
"7/30/2024 15:20",587.5,29.17,"PA"
"7/30/2024 15:30",586.3,29.19,"PA"
"7/30/2024 15:40",586.7,29.22,"PA"
"7/30/2024 15:50",588.7,29.2,"PA"
"7/30/2024 16:00",590.3,29.2,"PA"
"7/30/2024 16:10",589.9,29.2,"PA"
"7/30/2024 16:20",592.2,29.23,"PA"
"7/30/2024 16:30",591.9,29.19,"PA"
"7/30/2024 16:40",590.7,29.15,"PA"
"7/30/2024 16:50",591.5,29.12,"PA"
"7/30/2024 17:00",591.1,29.08,"PA"
"7/30/2024 17:10",591.1,29.09,"PA"
"7/30/2024 17:20",592,29.03,"PA"
"7/30/2024 17:30",591.6,29.03,"PA"
"7/30/2024 17:40",590.8,28.97,"PA"
"7/30/2024 17:50",592.4,28.95,"PA"
"7/30/2024 18:00",591.6,28.94,"PA"
"7/30/2024 18:10",590.9,28.9,"PA"
"7/30/2024 18:20",590.9,28.9,"PA"
"7/30/2024 18:30",590.9,28.86,"PA"
"7/30/2024 18:40",590.5,28.83,"PA"
"7/30/2024 18:50",590.1,28.8,"PA"
"7/30/2024 19:00",590.1,28.77,"PA"
"7/30/2024 19:10",591,28.74,"PA"
"7/30/2024 19:20",591,28.72,"PA"
"7/30/2024 19:30",591,28.67,"PA"
"7/30/2024 19:40",591.8,28.65,"PA"
"7/30/2024 19:50",591,28.59,"PA"
"7/30/2024 20:00",592.2,28.6,"PA"
"7/30/2024 20:10",591.1,28.58,"PA"
"7/30/2024 20:20",590.7,28.57,"PA"
"7/30/2024 20:30",589.9,28.51,"PA"
"7/30/2024 20:40",589.9,28.49,"PA"
"7/30/2024 20:50",590.3,28.49,"PA"
"7/30/2024 21:00",589.2,28.41,"PA"
"7/30/2024 21:10",588,28.36,"PA"
"7/30/2024 21:20",588.4,28.35,"PA"
"7/30/2024 21:30",588,28.32,"PA"
"7/30/2024 21:40",586.9,28.25,"PA"
"7/30/2024 21:50",587.3,28.25,"PA"
"7/30/2024 22:00",585.3,28.18,"PA"
"7/30/2024 22:10",585.4,28.15,"PA"
"7/30/2024 22:20",585.8,28.14,"PA"
"7/30/2024 22:30",585.4,28.1,"PA"
"7/30/2024 22:40",585.4,28.12,"PA"
"7/30/2024 22:50",583.8,28.02,"PA"
"7/30/2024 23:00",584.6,28.03,"PA"
"7/30/2024 23:10",584.7,28,"PA"
"7/30/2024 23:20",584.3,27.97,"PA"
"7/30/2024 23:30",583.9,27.93,"PA"
"7/30/2024 23:40",583.9,27.91,"PA"
"7/30/2024 23:50",584.3,27.88,"PA"
"7/31/2024 0:00",584,27.83,"PA"
"7/31/2024 0:10",584,27.82,"PA"
"7/31/2024 0:20",584,27.8,"PA"
"7/31/2024 0:30",584,27.75,"PA"
"7/31/2024 0:40",582.8,27.7,"PA"
"7/31/2024 0:50",582.9,27.69,"PA"
"7/31/2024 1:00",582.9,27.66,"PA"
"7/31/2024 1:10",582.5,27.62,"PA"
"7/31/2024 1:20",583.3,27.62,"PA"
"7/31/2024 1:30",583.3,27.59,"PA"
"7/31/2024 1:40",583.7,27.57,"PA"
"7/31/2024 1:50",584.1,27.53,"PA"
"7/31/2024 2:00",584.2,27.49,"PA"
"7/31/2024 2:10",584.2,27.46,"PA"
"7/31/2024 2:20",584.2,27.42,"PA"
"7/31/2024 2:30",584.2,27.4,"PA"
"7/31/2024 2:40",584.3,27.36,"PA"
"7/31/2024 2:50",584.7,27.34,"PA"
"7/31/2024 3:00",585.1,27.3,"PA"
"7/31/2024 3:10",585.5,27.28,"PA"
"7/31/2024 3:20",585.5,27.24,"PA"
"7/31/2024 3:30",585.9,27.2,"PA"
"7/31/2024 3:40",586.4,27.19,"PA"
"7/31/2024 3:50",586.4,27.14,"PA"
"7/31/2024 4:00",586.4,27.12,"PA"
"7/31/2024 4:10",586.4,27.09,"PA"
"7/31/2024 4:20",586.8,27.07,"PA"
"7/31/2024 4:30",586.5,27,"PA"
"7/31/2024 4:40",586.9,26.99,"PA"
"7/31/2024 4:50",587.3,26.94,"PA"
"7/31/2024 5:00",585.7,26.91,"PA"
"7/31/2024 5:10",586.1,26.9,"PA"
"7/31/2024 5:20",584.6,26.85,"PA"
"7/31/2024 5:30",584.6,26.84,"PA"
"7/31/2024 5:40",584.6,26.82,"PA"
"7/31/2024 5:50",585,26.79,"PA"
"7/31/2024 6:00",585,26.76,"PA"
"7/31/2024 6:10",585,26.74,"PA"
"7/31/2024 6:20",586.2,26.71,"PA"
"7/31/2024 6:30",587.8,26.7,"PA"
"7/31/2024 6:40",587.9,26.67,"PA"
"7/31/2024 6:50",587.9,26.65,"PA"
"7/31/2024 7:00",587.5,26.63,"PA"
"7/31/2024 7:10",587.9,26.65,"PA"
"7/31/2024 7:20",589.1,26.65,"PA"
"7/31/2024 7:30",589.9,26.65,"PA"
"7/31/2024 7:40",589.9,26.65,"PA"
"7/31/2024 7:50",591.1,26.65,"PA"
"7/31/2024 8:00",589.9,26.6,"PA"
"7/31/2024 8:10",589.9,26.62,"PA"
"7/31/2024 8:20",588.3,26.54,"PA"
"7/31/2024 8:30",586.8,26.54,"PA"
"7/31/2024 8:40",586.8,26.52,"PA"
"7/31/2024 8:50",585.6,26.5,"PA"
"7/31/2024 9:00",585.6,26.53,"PA"
"7/31/2024 9:10",586.4,26.52,"PA"
"7/31/2024 9:20",586.4,26.53,"PA"
"7/31/2024 9:30",585.6,26.53,"PA"
"7/31/2024 9:40",582.4,26.48,"PA"
"7/31/2024 9:50",582.8,26.52,"PA"
"7/31/2024 10:00",583.6,26.56,"PA"
"7/31/2024 10:10",584.3,26.59,"PA"
"7/31/2024 10:20",585.9,26.68,"PA"
"7/31/2024 10:30",587.4,26.76,"PA"
"7/31/2024 10:40",588.9,26.87,"PA"
"7/31/2024 10:50",592,27.02,"PA"
"7/31/2024 11:00",592.3,27.16,"PA"
"7/31/2024 11:10",594.7,27.27,"PA"
"7/31/2024 11:20",600.1,27.55,"PA"
"7/31/2024 11:30",600.8,27.69,"PA"
"7/31/2024 11:40",602.3,27.81,"PA"
"7/31/2024 11:50",607.3,27.99,"PA"
"7/31/2024 12:00",609.9,28.28,"PA"
"7/31/2024 12:10",612.2,28.41,"PA"
"7/31/2024 12:20",616.1,28.56,"PA"
"7/31/2024 12:30",616.5,28.57,"PA"
"7/31/2024 12:40",619.6,28.74,"PA"
"7/31/2024 12:50",619.9,28.83,"PA"
"7/31/2024 13:00",619.5,28.9,"PA"
"7/31/2024 13:10",614.4,28.77,"PA"
"7/31/2024 13:20",614,28.74,"PA"
"7/31/2024 13:30",612.9,28.66,"PA"
"7/31/2024 13:40",610.6,28.55,"PA"
"7/31/2024 13:50",609.8,28.53,"PA"
"7/31/2024 14:00",607,28.45,"PA"
"7/31/2024 14:10",607.5,28.41,"PA"
"7/31/2024 14:20",605.9,28.38,"PA"
"7/31/2024 14:30",604.3,28.37,"PA"
"7/31/2024 14:40",603.1,28.34,"PA"
"7/31/2024 14:50",602,28.27,"PA"
"7/31/2024 15:00",603.2,28.27,"PA"
"7/31/2024 15:10",602,28.26,"PA"
"7/31/2024 15:20",602.4,28.26,"PA"
"7/31/2024 15:30",604,28.25,"PA"
"7/31/2024 15:40",601.6,28.26,"PA"
"7/31/2024 15:50",602,28.28,"PA"
"7/31/2024 16:00",604,28.27,"PA"
"7/31/2024 16:10",604,28.26,"PA"
"7/31/2024 16:20",603.2,28.26,"PA"
"7/31/2024 16:30",589.3,28.15,"PA"
"7/31/2024 16:40",590.1,28.15,"PA"
"7/31/2024 16:50",591.3,28.13,"PA"
"7/31/2024 17:00",585.4,28.14,"PA"
"7/31/2024 17:10",582.6,28.17,"PA"
"7/31/2024 17:20",580.6,28.14,"PA"
"7/31/2024 17:30",581.8,28.12,"PA"
"7/31/2024 17:40",582.6,28.1,"PA"
"7/31/2024 17:50",583,28.1,"PA"
"7/31/2024 18:00",581.8,28.07,"PA"
"7/31/2024 18:10",580.2,28.05,"PA"
"7/31/2024 18:20",581.5,28.03,"PA"
"7/31/2024 18:30",580.3,27.99,"PA"
"7/31/2024 18:40",579.5,27.98,"PA"
"7/31/2024 18:50",579.9,27.96,"PA"
"7/31/2024 19:00",580.3,27.91,"PA"
"7/31/2024 19:10",580.4,27.88,"PA"
"7/31/2024 19:20",579.6,27.84,"PA"
"7/31/2024 19:30",579.6,27.85,"PA"
"7/31/2024 19:40",578.4,27.83,"PA"
"7/31/2024 19:50",577.6,27.8,"PA"
"7/31/2024 20:00",576.9,27.75,"PA"
"7/31/2024 20:10",575.7,27.73,"PA"
"7/31/2024 20:20",573.7,27.68,"PA"
"7/31/2024 20:30",572.5,27.65,"PA"
"7/31/2024 20:40",572.5,27.67,"PA"
"7/31/2024 20:50",572.5,27.66,"PA"
"7/31/2024 21:00",572.2,27.6,"PA"
"7/31/2024 21:10",572.2,27.59,"PA"
"7/31/2024 21:20",570.6,27.57,"PA"
"7/31/2024 21:30",571.4,27.58,"PA"
"7/31/2024 21:40",570.6,27.51,"PA"
"7/31/2024 21:50",570.2,27.53,"PA"
"7/31/2024 22:00",569.5,27.49,"PA"
"7/31/2024 22:10",569.5,27.47,"PA"
"7/31/2024 22:20",567.9,27.43,"PA"
"7/31/2024 22:30",560.4,27.36,"PA"
"7/31/2024 22:40",555.2,27.32,"PA"
"7/31/2024 22:50",545.7,27.27,"PA"
"7/31/2024 23:00",541.4,27.23,"PA"
"7/31/2024 23:10",540.6,27.16,"PA"
"7/31/2024 23:20",530.3,27.08,"PA"
"7/31/2024 23:30",520.8,27.05,"PA"
"7/31/2024 23:40",515.7,27,"PA"
"7/31/2024 23:50",511.8,26.94,"PA"
"8/1/2024 0:00",503.4,26.89,"PA"
"8/1/2024 0:10",494.7,26.84,"PA"
"8/1/2024 0:20",486.8,26.77,"PA"
"8/1/2024 0:30",480.5,26.71,"PA"
"8/1/2024 0:40",478.6,26.7,"PA"
"8/1/2024 0:50",474.2,26.63,"PA"
"8/1/2024 1:00",467.5,26.57,"PA"
"8/1/2024 1:10",462,26.55,"PA"
"8/1/2024 1:20",458.4,26.49,"PA"
"8/1/2024 1:30",454.1,26.47,"PA"
"8/1/2024 1:40",450.5,26.44,"PA"
"8/1/2024 1:50",447.4,26.39,"PA"
"8/1/2024 2:00",445.4,26.35,"PA"
"8/1/2024 2:10",442.7,26.31,"PA"
"8/1/2024 2:20",440.3,26.26,"PA"
"8/1/2024 2:30",437.6,26.23,"PA"
"8/1/2024 2:40",432.4,26.2,"PA"
"8/1/2024 2:50",426.9,26.16,"PA"
"8/1/2024 3:00",418.2,26.14,"PA"
"8/1/2024 3:10",416.2,26.16,"PA"
"8/1/2024 3:20",420.9,26.19,"PA"
"8/1/2024 3:30",430,26.2,"PA"
"8/1/2024 3:40",438.7,26.23,"PA"
"8/1/2024 3:50",447.1,26.25,"PA"
"8/1/2024 4:00",453.4,26.27,"PA"
"8/1/2024 4:10",460.1,26.29,"PA"
"8/1/2024 4:20",463.7,26.3,"PA"
"8/1/2024 4:30",468.8,26.3,"PA"
"8/1/2024 4:40",473.2,26.31,"PA"
"8/1/2024 4:50",476.8,26.32,"PA"
"8/1/2024 5:00",478.7,26.32,"PA"
"8/1/2024 5:10",481.1,26.32,"PA"
"8/1/2024 5:20",484.7,26.32,"PA"
"8/1/2024 5:30",489.5,26.33,"PA"
"8/1/2024 5:40",494.6,26.33,"PA"
"8/1/2024 5:50",499.4,26.34,"PA"
"8/1/2024 6:00",502.9,26.34,"PA"
"8/1/2024 6:10",506.1,26.35,"PA"
"8/1/2024 6:20",508.1,26.35,"PA"
"8/1/2024 6:30",510.1,26.35,"PA"
"8/1/2024 6:40",512.9,26.37,"PA"
"8/1/2024 6:50",512.5,26.37,"PA"
"8/1/2024 7:00",512.5,26.38,"PA"
"8/1/2024 7:10",509.7,26.38,"PA"
"8/1/2024 7:20",507.7,26.39,"PA"
"8/1/2024 7:30",508.5,26.39,"PA"
"8/1/2024 7:40",507.3,26.39,"PA"
"8/1/2024 7:50",504.1,26.37,"PA"
"8/1/2024 8:00",499,26.27,"PA"
"8/1/2024 8:10",492.7,26.22,"PA"
"8/1/2024 8:20",483.6,26.2,"PA"
"8/1/2024 8:30",478.8,26.18,"PA"
"8/1/2024 8:40",476.8,26.17,"PA"
"8/1/2024 8:50",477.2,26.17,"PA"
"8/1/2024 9:00",476.4,26.17,"PA"
"8/1/2024 9:10",472.5,26.17,"PA"
"8/1/2024 9:20",472.1,26.18,"PA"
"8/1/2024 9:30",471.3,26.18,"PA"
"8/1/2024 9:40",471.7,26.19,"PA"
"8/1/2024 9:50",472.1,26.2,"PA"
"8/1/2024 10:00",473.2,26.22,"PA"
"8/1/2024 10:10",474,26.22,"PA"
"8/1/2024 10:20",473.2,26.23,"PA"
"8/1/2024 10:30",475.2,26.23,"PA"
"8/1/2024 10:40",477.2,26.23,"PA"
"8/1/2024 10:50",479.2,26.23,"PA"
"8/1/2024 11:00",479.2,26.23,"PA"
"8/1/2024 11:10",480.4,26.24,"PA"
"8/1/2024 11:20",482.8,26.24,"PA"
"8/1/2024 11:30",485.1,26.23,"PA"
"8/1/2024 11:40",486.7,26.23,"PA"
"8/1/2024 11:50",487.9,26.24,"PA"
"8/1/2024 12:00",489.1,26.25,"PA"
"8/1/2024 12:10",490.3,26.26,"PA"
"8/1/2024 12:20",491.5,26.27,"PA"
"8/1/2024 12:30",489.5,26.27,"PA"
"8/1/2024 12:40",485.9,26.3,"PA"
"8/1/2024 12:50",481.5,26.32,"PA"
"8/1/2024 13:00",476.7,26.4,"PA"
"8/1/2024 13:10",471.5,26.47,"PA"
"8/1/2024 13:20",467.5,26.52,"PA"
"8/1/2024 13:30",462.3,26.61,"PA"
"8/1/2024 13:40",457.1,26.69,"PA"
"8/1/2024 13:50",452,26.76,"PA"
"8/1/2024 14:00",447.6,26.82,"PA"
"8/1/2024 14:10",443.6,26.84,"PA"
"8/1/2024 14:20",440.4,26.87,"PA"
"8/1/2024 14:30",435.3,26.91,"PA"
"8/1/2024 14:40",430.9,26.9,"PA"
"8/1/2024 14:50",427,26.89,"PA"
"8/1/2024 15:00",424.2,26.87,"PA"
"8/1/2024 15:10",422.2,26.86,"PA"
"8/1/2024 15:20",420.7,26.84,"PA"
"8/1/2024 15:30",418.7,26.83,"PA"
"8/1/2024 15:40",418.7,26.8,"PA"
"8/1/2024 15:50",419.5,26.78,"PA"
"8/1/2024 16:00",418.7,26.76,"PA"
"8/1/2024 16:10",417.1,26.75,"PA"
"8/1/2024 16:20",415.2,26.72,"PA"
"8/1/2024 16:30",412.8,26.71,"PA"
"8/1/2024 16:40",411.6,26.69,"PA"
"8/1/2024 16:50",410.4,26.68,"PA"
"8/1/2024 17:00",410,26.67,"PA"
"8/1/2024 17:10",409.7,26.65,"PA"
"8/1/2024 17:20",408.5,26.63,"PA"
"8/1/2024 17:30",406.5,26.62,"PA"
"8/1/2024 17:40",404.9,26.61,"PA"
"8/1/2024 17:50",404.1,26.59,"PA"
"8/1/2024 18:00",403.4,26.57,"PA"
"8/1/2024 18:10",403,26.56,"PA"
"8/1/2024 18:20",402.6,26.55,"PA"
"8/1/2024 18:30",403,26.54,"PA"
"8/1/2024 18:40",403,26.53,"PA"
"8/1/2024 18:50",403.8,26.52,"PA"
"8/1/2024 19:00",404.2,26.49,"PA"
"8/1/2024 19:10",404.6,26.48,"PA"
"8/1/2024 19:20",403.8,26.47,"PA"
"8/1/2024 19:30",403,26.47,"PA"
"8/1/2024 19:40",402.6,26.46,"PA"
"8/1/2024 19:50",401.4,26.45,"PA"
"8/1/2024 20:00",401.4,26.45,"PA"
"8/1/2024 20:10",401.8,26.44,"PA"
"8/1/2024 20:20",401.8,26.44,"PA"
"8/1/2024 20:30",401.4,26.42,"PA"
"8/1/2024 20:40",401.1,26.42,"PA"
"8/1/2024 20:50",401.1,26.41,"PA"
"8/1/2024 21:00",402.2,26.41,"PA"
"8/1/2024 21:10",403,26.4,"PA"
"8/1/2024 21:20",404.2,26.39,"PA"
"8/1/2024 21:30",405.8,26.39,"PA"
"8/1/2024 21:40",405.8,26.38,"PA"
"8/1/2024 21:50",406.2,26.37,"PA"
"8/1/2024 22:00",406.6,26.35,"PA"
"8/1/2024 22:10",406.6,26.35,"PA"
"8/1/2024 22:20",406.6,26.34,"PA"
"8/1/2024 22:30",406.2,26.34,"PA"
"8/1/2024 22:40",407,26.33,"PA"
"8/1/2024 22:50",407.8,26.32,"PA"
"8/1/2024 23:00",408.6,26.32,"PA"
"8/1/2024 23:10",408.6,26.31,"PA"
"8/1/2024 23:20",408.6,26.3,"PA"
"8/1/2024 23:30",406.6,26.3,"PA"
"8/1/2024 23:40",407,26.29,"PA"
"8/1/2024 23:50",404.7,26.25,"PA"
"8/2/2024 0:00",396.8,26.23,"PA"
"8/2/2024 0:10",393.6,26.22,"PA"
"8/2/2024 0:20",391.7,26.2,"PA"
"8/2/2024 0:30",388.9,26.2,"PA"
"8/2/2024 0:40",385.7,26.19,"PA"
"8/2/2024 0:50",381.8,26.19,"PA"
"8/2/2024 1:00",379.4,26.18,"PA"
"8/2/2024 1:10",376.2,26.18,"PA"
"8/2/2024 1:20",374.7,26.15,"PA"
"8/2/2024 1:30",373.5,26.11,"PA"
"8/2/2024 1:40",366.4,26.09,"PA"
"8/2/2024 1:50",359.3,26.07,"PA"
"8/2/2024 2:00",354.9,26.07,"PA"
"8/2/2024 2:10",355.7,26.07,"PA"
"8/2/2024 2:20",360.1,26.07,"PA"
"8/2/2024 2:30",368,26.04,"PA"
"8/2/2024 2:40",385.8,26.03,"PA"
"8/2/2024 2:50",402,26.02,"PA"
"8/2/2024 3:00",422.2,26.02,"PA"
"8/2/2024 3:10",445.6,26.05,"PA"
"8/2/2024 3:20",460.6,26.09,"PA"
"8/2/2024 3:30",468.1,26.1,"PA"
"8/2/2024 3:40",472.5,26.11,"PA"
"8/2/2024 3:50",474.5,26.12,"PA"
"8/2/2024 4:00",473.3,26.14,"PA"
"8/2/2024 4:10",470.1,26.15,"PA"
"8/2/2024 4:20",463.8,26.14,"PA"
"8/2/2024 4:30",457,26.14,"PA"
"8/2/2024 4:40",448.7,26.12,"PA"
"8/2/2024 4:50",436.8,26.12,"PA"
"8/2/2024 5:00",430.1,26.12,"PA"
"8/2/2024 5:10",430.1,26.12,"PA"
"8/2/2024 5:20",428.1,26.12,"PA"
"8/2/2024 5:30",425.3,26.11,"PA"
"8/2/2024 5:40",423.7,26.11,"PA"
"8/2/2024 5:50",421.8,26.11,"PA"
"8/2/2024 6:00",422.6,26.11,"PA"
"8/2/2024 6:10",423,26.11,"PA"
"8/2/2024 6:20",421.8,26.1,"PA"
"8/2/2024 6:30",419.4,26.1,"PA"
"8/2/2024 6:40",417,26.1,"PA"
"8/2/2024 6:50",414.2,26.11,"PA"
"8/2/2024 7:00",414.6,26.11,"PA"
"8/2/2024 7:10",416.2,26.1,"PA"
"8/2/2024 7:20",416.6,26.11,"PA"
"8/2/2024 7:30",417.4,26.11,"PA"
"8/2/2024 7:40",418.2,26.11,"PA"
"8/2/2024 7:50",419.4,26.12,"PA"
"8/2/2024 8:00",420.2,26.12,"PA"
"8/2/2024 8:10",421.4,26.12,"PA"
"8/2/2024 8:20",422.2,26.14,"PA"
"8/2/2024 8:30",422.5,26.14,"PA"
"8/2/2024 8:40",423.3,26.15,"PA"
"8/2/2024 8:50",423.7,26.15,"PA"
"8/2/2024 9:00",423.7,26.16,"PA"
"8/2/2024 9:10",423.7,26.17,"PA"
"8/2/2024 9:20",425.7,26.18,"PA"
"8/2/2024 9:30",426.1,26.19,"PA"
"8/2/2024 9:40",425.7,26.22,"PA"
"8/2/2024 9:50",425.3,26.22,"PA"
"8/2/2024 10:00",425.3,26.24,"PA"
"8/2/2024 10:10",426.1,26.26,"PA"
"8/2/2024 10:20",428.4,26.3,"PA"
"8/2/2024 10:30",432,26.32,"PA"
"8/2/2024 10:40",435.9,26.34,"PA"
"8/2/2024 10:50",438.7,26.38,"PA"
"8/2/2024 11:00",439.1,26.4,"PA"
"8/2/2024 11:10",443,26.47,"PA"
"8/2/2024 11:20",448.5,26.48,"PA"
"8/2/2024 11:30",454.9,26.52,"PA"
"8/2/2024 11:40",457.6,26.52,"PA"
"8/2/2024 11:50",459.6,26.59,"PA"
"8/2/2024 12:00",460.4,26.6,"PA"
"8/2/2024 12:10",460.4,26.6,"PA"
"8/2/2024 12:20",460.4,26.62,"PA"
"8/2/2024 12:30",461.5,26.65,"PA"
"8/2/2024 12:40",462.7,26.68,"PA"
"8/2/2024 12:50",463.5,26.7,"PA"
"8/2/2024 13:00",462.7,26.71,"PA"
"8/2/2024 13:10",463.5,26.74,"PA"
"8/2/2024 13:20",463.4,26.78,"PA"
"8/2/2024 13:30",462.6,26.79,"PA"
"8/2/2024 13:40",463,26.85,"PA"
"8/2/2024 13:50",462.6,26.86,"PA"
"8/2/2024 14:00",461.8,26.86,"PA"
"8/2/2024 14:10",462.2,26.91,"PA"
"8/2/2024 14:20",461.8,26.93,"PA"
"8/2/2024 14:30",460.2,26.97,"PA"
"8/2/2024 14:40",459.8,26.98,"PA"
"8/2/2024 14:50",459,27,"PA"
"8/2/2024 15:00",457.8,27.04,"PA"
"8/2/2024 15:10",457.4,27.08,"PA"
"8/2/2024 15:20",456.6,27.06,"PA"
"8/2/2024 15:30",455,27.1,"PA"
"8/2/2024 15:40",452.2,27.12,"PA"
"8/2/2024 15:50",451,27.16,"PA"
"8/2/2024 16:00",449,27.16,"PA"
"8/2/2024 16:10",448.6,27.2,"PA"
"8/2/2024 16:20",447.4,27.16,"PA"
"8/2/2024 16:30",447,27.19,"PA"
"8/2/2024 16:40",446.6,27.17,"PA"
"8/2/2024 16:50",446.6,27.2,"PA"
"8/2/2024 17:00",445.4,27.23,"PA"
"8/2/2024 17:10",444.2,27.21,"PA"
"8/2/2024 17:20",443.8,27.22,"PA"
"8/2/2024 17:30",443,27.23,"PA"
"8/2/2024 17:40",441.4,27.25,"PA"
"8/2/2024 17:50",439.5,27.24,"PA"
"8/2/2024 18:00",439.5,27.27,"PA"
"8/2/2024 18:10",439.1,27.28,"PA"
"8/2/2024 18:20",437.8,27.31,"PA"
"8/2/2024 18:30",438.2,27.31,"PA"
"8/2/2024 18:40",435.5,27.29,"PA"
"8/2/2024 18:50",434.3,27.28,"PA"
"8/2/2024 19:00",433.9,27.28,"PA"
"8/2/2024 19:10",432.3,27.25,"PA"
"8/2/2024 19:20",429.2,27.28,"PA"
"8/2/2024 19:30",422.4,27.29,"PA"
"8/2/2024 19:40",424.4,27.29,"PA"
"8/2/2024 19:50",424.4,27.29,"PA"
"8/2/2024 20:00",424.4,27.27,"PA"
"8/2/2024 20:10",423.6,27.25,"PA"
"8/2/2024 20:20",424,27.25,"PA"
"8/2/2024 20:30",416.9,27.23,"PA"
"8/2/2024 20:40",413.8,27.22,"PA"
"8/2/2024 20:50",411.8,27.21,"PA"
"8/2/2024 21:00",409,27.2,"PA"
"8/2/2024 21:10",401.9,27.17,"PA"
"8/2/2024 21:20",397.6,27.16,"PA"
"8/2/2024 21:30",398.4,27.15,"PA"
"8/2/2024 21:40",394,27.13,"PA"
"8/2/2024 21:50",388.5,27.1,"PA"
"8/2/2024 22:00",387.7,27.1,"PA"
"8/2/2024 22:10",382.6,27.09,"PA"
"8/2/2024 22:20",383.4,27.07,"PA"
"8/2/2024 22:30",382.6,27.05,"PA"
"8/2/2024 22:40",381.4,27.02,"PA"
"8/2/2024 22:50",381.4,27.02,"PA"
"8/2/2024 23:00",379.5,27.02,"PA"
"8/2/2024 23:10",377.9,27.01,"PA"
"8/2/2024 23:20",373.5,27,"PA"
"8/2/2024 23:30",372.4,27,"PA"
"8/2/2024 23:40",368.8,26.99,"PA"
"8/2/2024 23:50",367.2,26.98,"PA"
"8/3/2024 0:00",367.2,26.98,"PA"
"8/3/2024 0:10",367.6,26.95,"PA"
"8/3/2024 0:20",366.9,26.94,"PA"
"8/3/2024 0:30",366.9,26.94,"PA"
"8/3/2024 0:40",365.3,26.93,"PA"
"8/3/2024 0:50",363.7,26.92,"PA"
"8/3/2024 1:00",363.7,26.92,"PA"
"8/3/2024 1:10",363.7,26.91,"PA"
"8/3/2024 1:20",362.5,26.9,"PA"
"8/3/2024 1:30",362.1,26.89,"PA"
"8/3/2024 1:40",361.7,26.89,"PA"
"8/3/2024 1:50",362.5,26.86,"PA"
"8/3/2024 2:00",362.2,26.86,"PA"
"8/3/2024 2:10",361.4,26.85,"PA"
"8/3/2024 2:20",360.2,26.84,"PA"
"8/3/2024 2:30",358.6,26.83,"PA"
"8/3/2024 2:40",357.8,26.82,"PA"
"8/3/2024 2:50",357,26.82,"PA"
"8/3/2024 3:00",357,26.8,"PA"
"8/3/2024 3:10",355.1,26.79,"PA"
"8/3/2024 3:20",355.1,26.78,"PA"
"8/3/2024 3:30",353.9,26.78,"PA"
"8/3/2024 3:40",353.1,26.77,"PA"
"8/3/2024 3:50",353.5,26.76,"PA"
"8/3/2024 4:00",353.5,26.75,"PA"
"8/3/2024 4:10",353.5,26.75,"PA"
"8/3/2024 4:20",352.3,26.74,"PA"
"8/3/2024 4:30",349.6,26.74,"PA"
"8/3/2024 4:40",350,26.72,"PA"
"8/3/2024 4:50",348.4,26.71,"PA"
"8/3/2024 5:00",346.8,26.7,"PA"
"8/3/2024 5:10",344.8,26.7,"PA"
"8/3/2024 5:20",344.1,26.69,"PA"
"8/3/2024 5:30",344.1,26.68,"PA"
"8/3/2024 5:40",344.1,26.68,"PA"
"8/3/2024 5:50",344.5,26.67,"PA"
"8/3/2024 6:00",344.9,26.65,"PA"
"8/3/2024 6:10",343.7,26.65,"PA"
"8/3/2024 6:20",343.3,26.65,"PA"
"8/3/2024 6:30",344.5,26.64,"PA"
"8/3/2024 6:40",344.5,26.64,"PA"
"8/3/2024 6:50",342.9,26.64,"PA"
"8/3/2024 7:00",341.3,26.64,"PA"
"8/3/2024 7:10",340.5,26.64,"PA"
"8/3/2024 7:20",340.9,26.63,"PA"
"8/3/2024 7:30",341.3,26.63,"PA"
"8/3/2024 7:40",339.7,26.63,"PA"
"8/3/2024 7:50",337.8,26.64,"PA"
"8/3/2024 8:00",338.6,26.63,"PA"
"8/3/2024 8:10",339.3,26.64,"PA"
"8/3/2024 8:20",340.9,26.64,"PA"
"8/3/2024 8:30",340.5,26.67,"PA"
"8/3/2024 8:40",339.3,26.65,"PA"
"8/3/2024 8:50",341.3,26.67,"PA"
"8/3/2024 9:00",341.3,26.68,"PA"
"8/3/2024 9:10",340.1,26.69,"PA"
"8/3/2024 9:20",342.1,26.7,"PA"
"8/3/2024 9:30",342.1,26.71,"PA"
"8/3/2024 9:40",346,26.75,"PA"
"8/3/2024 9:50",352.3,26.75,"PA"
"8/3/2024 10:00",353.5,26.78,"PA"
"8/3/2024 10:10",353.1,26.79,"PA"
"8/3/2024 10:20",356.2,26.82,"PA"
"8/3/2024 10:30",353.1,26.83,"PA"
"8/3/2024 10:40",353.5,26.86,"PA"
"8/3/2024 10:50",362.1,26.9,"PA"
"8/3/2024 11:00",369.2,26.92,"PA"
"8/3/2024 11:10",369.6,26.97,"PA"
"8/3/2024 11:20",367.2,27.02,"PA"
"8/3/2024 11:30",372.8,27.01,"PA"
"8/3/2024 11:40",375.1,27.02,"PA"
"8/3/2024 11:50",371.2,27.04,"PA"
"8/3/2024 12:00",367.2,27.09,"PA"
"8/3/2024 12:10",376.7,27.14,"PA"
"8/3/2024 12:20",379.4,27.14,"PA"
"8/3/2024 12:30",380.6,27.17,"PA"
"8/3/2024 12:40",375.8,27.23,"PA"
"8/3/2024 12:50",380.2,27.24,"PA"
"8/3/2024 13:00",382.9,27.29,"PA"
"8/3/2024 13:10",379.3,27.36,"PA"
"8/3/2024 13:20",376.2,27.37,"PA"
"8/3/2024 13:30",378.9,27.39,"PA"
"8/3/2024 13:40",381.7,27.45,"PA"
"8/3/2024 13:50",380.9,27.44,"PA"
"8/3/2024 14:00",379.7,27.49,"PA"
"8/3/2024 14:10",379.7,27.5,"PA"
"8/3/2024 14:20",380.5,27.49,"PA"
"8/3/2024 14:30",377.7,27.49,"PA"
"8/3/2024 14:40",378.8,27.58,"PA"
"8/3/2024 14:50",377.3,27.57,"PA"
"8/3/2024 15:00",367.4,27.54,"PA"
"8/3/2024 15:10",359.5,27.54,"PA"
"8/3/2024 15:20",356.4,27.55,"PA"
"8/3/2024 15:30",350.8,27.57,"PA"
"8/3/2024 15:40",346.1,27.53,"PA"
"8/3/2024 15:50",342.6,27.53,"PA"
"8/3/2024 16:00",341.8,27.53,"PA"
"8/3/2024 16:10",339.4,27.52,"PA"
"8/3/2024 16:20",335.1,27.51,"PA"
"8/3/2024 16:30",332.7,27.5,"PA"
"8/3/2024 16:40",328.8,27.49,"PA"
"8/3/2024 16:50",327.2,27.46,"PA"
"8/3/2024 17:00",321.7,27.42,"PA"
"8/3/2024 17:10",322.1,27.38,"PA"
"8/3/2024 17:20",321.3,27.36,"PA"
"8/3/2024 17:30",318.6,27.32,"PA"
"8/3/2024 17:40",314.7,27.3,"PA"
"8/3/2024 17:50",311.5,27.27,"PA"
"8/3/2024 18:00",310.8,27.23,"PA"
"8/3/2024 18:10",310.8,27.21,"PA"
"8/3/2024 18:20",311.2,27.19,"PA"
"8/3/2024 18:30",310.8,27.14,"PA"
"8/3/2024 18:40",310.8,27.1,"PA"
"8/3/2024 18:50",310.8,27.08,"PA"
"8/3/2024 19:00",312.8,27.05,"PA"
"8/3/2024 19:10",312.8,27.02,"PA"
"8/3/2024 19:20",312.8,26.99,"PA"
"8/3/2024 19:30",313.2,26.98,"PA"
"8/3/2024 19:40",312.8,26.95,"PA"
"8/3/2024 19:50",312.8,26.93,"PA"
"8/3/2024 20:00",312,26.91,"PA"
"8/3/2024 20:10",312.4,26.9,"PA"
"8/3/2024 20:20",311.7,26.87,"PA"
"8/3/2024 20:30",312.4,26.86,"PA"
"8/3/2024 20:40",311.3,26.84,"PA"
"8/3/2024 20:50",312.9,26.82,"PA"
"8/3/2024 21:00",311.7,26.8,"PA"
"8/3/2024 21:10",312.1,26.79,"PA"
"8/3/2024 21:20",312.5,26.78,"PA"
"8/3/2024 21:30",311.7,26.77,"PA"
"8/3/2024 21:40",312.1,26.76,"PA"
"8/3/2024 21:50",312.1,26.74,"PA"
"8/3/2024 22:00",312.9,26.74,"PA"
"8/3/2024 22:10",312.5,26.72,"PA"
"8/3/2024 22:20",312.1,26.7,"PA"
"8/3/2024 22:30",313.3,26.7,"PA"
"8/3/2024 22:40",314.1,26.69,"PA"
"8/3/2024 22:50",314.1,26.68,"PA"
"8/3/2024 23:00",314.5,26.67,"PA"
"8/3/2024 23:10",314.9,26.67,"PA"
"8/3/2024 23:20",315.3,26.65,"PA"
"8/3/2024 23:30",315.3,26.64,"PA"
"8/3/2024 23:40",316.5,26.63,"PA"
"8/3/2024 23:50",316.5,26.62,"PA"
"8/4/2024 0:00",317.7,26.62,"PA"
"8/4/2024 0:10",317.7,26.61,"PA"
"8/4/2024 0:20",318.1,26.61,"PA"
"8/4/2024 0:30",320.4,26.6,"PA"
"8/4/2024 0:40",323.2,26.59,"PA"
"8/4/2024 0:50",322.4,26.59,"PA"
"8/4/2024 1:00",322,26.57,"PA"
"8/4/2024 1:10",324,26.56,"PA"
"8/4/2024 1:20",323.2,26.56,"PA"
"8/4/2024 1:30",323.6,26.56,"PA"
"8/4/2024 1:40",324.4,26.55,"PA"
"8/4/2024 1:50",324.8,26.55,"PA"
"8/4/2024 2:00",324.4,26.54,"PA"
"8/4/2024 2:10",324,26.54,"PA"
"8/4/2024 2:20",324.4,26.54,"PA"
"8/4/2024 2:30",326.4,26.54,"PA"
"8/4/2024 2:40",326.8,26.53,"PA"
"8/4/2024 2:50",327.5,26.53,"PA"
"8/4/2024 3:00",327.2,26.52,"PA"
"8/4/2024 3:10",327.5,26.52,"PA"
"8/4/2024 3:20",328.7,26.5,"PA"
"8/4/2024 3:30",334.3,26.5,"PA"
"8/4/2024 3:40",335.8,26.5,"PA"
"8/4/2024 3:50",333.9,26.49,"PA"
"8/4/2024 4:00",328.7,26.48,"PA"
"8/4/2024 4:10",328.3,26.48,"PA"
"8/4/2024 4:20",327.6,26.48,"PA"
"8/4/2024 4:30",328,26.47,"PA"
"8/4/2024 4:40",328,26.46,"PA"
"8/4/2024 4:50",328,26.46,"PA"
"8/4/2024 5:00",328.4,26.45,"PA"
"8/4/2024 5:10",329.2,26.45,"PA"
"8/4/2024 5:20",329.5,26.44,"PA"
"8/4/2024 5:30",330.7,26.42,"PA"
"8/4/2024 5:40",332.3,26.41,"PA"
"8/4/2024 5:50",331.9,26.41,"PA"
"8/4/2024 6:00",331.9,26.4,"PA"
"8/4/2024 6:10",331.5,26.39,"PA"
"8/4/2024 6:20",332.3,26.39,"PA"
"8/4/2024 6:30",334.3,26.37,"PA"
"8/4/2024 6:40",332.3,26.35,"PA"
"8/4/2024 6:50",333.1,26.35,"PA"
"8/4/2024 7:00",333.5,26.35,"PA"
"8/4/2024 7:10",333.5,26.34,"PA"
"8/4/2024 7:20",332.3,26.34,"PA"
"8/4/2024 7:30",332.7,26.34,"PA"
"8/4/2024 7:40",332.7,26.34,"PA"
"8/4/2024 7:50",333.9,26.33,"PA"
"8/4/2024 8:00",335.5,26.33,"PA"
"8/4/2024 8:10",335.5,26.33,"PA"
"8/4/2024 8:20",335.9,26.33,"PA"
"8/4/2024 8:30",336.3,26.34,"PA"
"8/4/2024 8:40",336.3,26.34,"PA"
"8/4/2024 8:50",336.3,26.35,"PA"
"8/4/2024 9:00",336.7,26.37,"PA"
"8/4/2024 9:10",337.9,26.37,"PA"
"8/4/2024 9:20",339.4,26.39,"PA"
"8/4/2024 9:30",339.4,26.4,"PA"
"8/4/2024 9:40",340.6,26.42,"PA"
"8/4/2024 9:50",341.8,26.45,"PA"
"8/4/2024 10:00",343,26.47,"PA"
"8/4/2024 10:10",342.9,26.5,"PA"
"8/4/2024 10:20",345.3,26.54,"PA"
"8/4/2024 10:30",346.5,26.57,"PA"
"8/4/2024 10:40",348,26.61,"PA"
"8/4/2024 10:50",350.8,26.63,"PA"
"8/4/2024 11:00",353.5,26.68,"PA"
"8/4/2024 11:10",355.1,26.76,"PA"
"8/4/2024 11:20",358.2,26.79,"PA"
"8/4/2024 11:30",362.5,26.87,"PA"
"8/4/2024 11:40",364.5,26.92,"PA"
"8/4/2024 11:50",373.2,26.98,"PA"
"8/4/2024 12:00",382.2,27,"PA"
"8/4/2024 12:10",377.5,27.05,"PA"
"8/4/2024 12:20",372.7,27.12,"PA"
"8/4/2024 12:30",367.6,27.16,"PA"
"8/4/2024 12:40",368.3,27.21,"PA"
"8/4/2024 12:50",371.1,27.27,"PA"
"8/4/2024 13:00",371.5,27.31,"PA"
"8/4/2024 13:10",372.2,27.36,"PA"
"8/4/2024 13:20",370.6,27.4,"PA"
"8/4/2024 13:30",375,27.43,"PA"
"8/4/2024 13:40",376.9,27.5,"PA"
"8/4/2024 13:50",377.3,27.53,"PA"
"8/4/2024 14:00",375.7,27.6,"PA"
"8/4/2024 14:10",373.3,27.62,"PA"
"8/4/2024 14:20",372.5,27.62,"PA"
"8/4/2024 14:30",370.9,27.68,"PA"
"8/4/2024 14:40",370.9,27.67,"PA"
"8/4/2024 14:50",370.5,27.72,"PA"
"8/4/2024 15:00",369.7,27.69,"PA"
"8/4/2024 15:10",368.9,27.75,"PA"
"8/4/2024 15:20",368.1,27.76,"PA"
"8/4/2024 15:30",367.7,27.75,"PA"
"8/4/2024 15:40",367.7,27.76,"PA"
"8/4/2024 15:50",367.7,27.75,"PA"
"8/4/2024 16:00",367.3,27.75,"PA"
"8/4/2024 16:10",366.5,27.74,"PA"
"8/4/2024 16:20",366.6,27.72,"PA"
"8/4/2024 16:30",365.4,27.72,"PA"
"8/4/2024 16:40",365.4,27.69,"PA"
"8/4/2024 16:50",363.8,27.68,"PA"
"8/4/2024 17:00",363.8,27.65,"PA"
"8/4/2024 17:10",362.3,27.64,"PA"
"8/4/2024 17:20",361.1,27.61,"PA"
"8/4/2024 17:30",359.1,27.59,"PA"
"8/4/2024 17:40",357.9,27.57,"PA"
"8/4/2024 17:50",357.5,27.55,"PA"
"8/4/2024 18:00",357.6,27.52,"PA"
"8/4/2024 18:10",355.6,27.5,"PA"
"8/4/2024 18:20",356.8,27.49,"PA"
"8/4/2024 18:30",355.2,27.46,"PA"
"8/4/2024 18:40",352.5,27.44,"PA"
"8/4/2024 18:50",352.9,27.42,"PA"
"8/4/2024 19:00",353.7,27.38,"PA"
"8/4/2024 19:10",354.1,27.37,"PA"
"8/4/2024 19:20",354.5,27.35,"PA"
"8/4/2024 19:30",354.9,27.32,"PA"
"8/4/2024 19:40",355.3,27.3,"PA"
"8/4/2024 19:50",354.9,27.28,"PA"
"8/4/2024 20:00",355.3,27.25,"PA"
"8/4/2024 20:10",356.1,27.24,"PA"
"8/4/2024 20:20",356.1,27.23,"PA"
"8/4/2024 20:30",356.9,27.22,"PA"
"8/4/2024 20:40",358.1,27.2,"PA"
"8/4/2024 20:50",358.1,27.19,"PA"
"8/4/2024 21:00",358.1,27.17,"PA"
"8/4/2024 21:10",358.5,27.16,"PA"
"8/4/2024 21:20",359.3,27.15,"PA"
"8/4/2024 21:30",358.9,27.14,"PA"
"8/4/2024 21:40",356.9,27.13,"PA"
"8/4/2024 21:50",357.3,27.12,"PA"
"8/4/2024 22:00",356.1,27.09,"PA"
"8/4/2024 22:10",356.5,27.09,"PA"
"8/4/2024 22:20",356.5,27.07,"PA"
"8/4/2024 22:30",356.2,27.06,"PA"
"8/4/2024 22:40",356.9,27.06,"PA"
"8/4/2024 22:50",357.3,27.04,"PA"
"8/4/2024 23:00",357.7,27.04,"PA"
"8/4/2024 23:10",357.7,27.02,"PA"
"8/4/2024 23:20",357.8,27.01,"PA"
"8/4/2024 23:30",358.2,27,"PA"
"8/4/2024 23:40",357.8,26.99,"PA"
"8/4/2024 23:50",357,26.98,"PA"
"8/5/2024 0:00",357,26.97,"PA"
"8/5/2024 0:10",357,26.97,"PA"
"8/5/2024 0:20",356.2,26.95,"PA"
"8/5/2024 0:30",356.2,26.94,"PA"
"8/5/2024 0:40",357,26.93,"PA"
"8/5/2024 0:50",357.8,26.92,"PA"
"8/5/2024 1:00",358.2,26.92,"PA"
"8/5/2024 1:10",359,26.91,"PA"
"8/5/2024 1:20",359,26.9,"PA"
"8/5/2024 1:30",359.4,26.89,"PA"
"8/5/2024 1:40",359.4,26.89,"PA"
"8/5/2024 1:50",359.4,26.87,"PA"
"8/5/2024 2:00",359.4,26.87,"PA"
"8/5/2024 2:10",359.4,26.86,"PA"
"8/5/2024 2:20",359.8,26.86,"PA"
"8/5/2024 2:30",360.6,26.85,"PA"
"8/5/2024 2:40",361.8,26.85,"PA"
"8/5/2024 2:50",361,26.84,"PA"
"8/5/2024 3:00",360.6,26.84,"PA"
"8/5/2024 3:10",363,26.83,"PA"
"8/5/2024 3:20",362.6,26.82,"PA"
"8/5/2024 3:30",363,26.82,"PA"
"8/5/2024 3:40",363.8,26.8,"PA"
"8/5/2024 3:50",363.8,26.8,"PA"
"8/5/2024 4:00",363.8,26.79,"PA"
"8/5/2024 4:10",364.9,26.79,"PA"
"8/5/2024 4:20",365.3,26.78,"PA"
"8/5/2024 4:30",364.9,26.78,"PA"
"8/5/2024 4:40",365.7,26.77,"PA"
"8/5/2024 4:50",365.7,26.76,"PA"
"8/5/2024 5:00",366.1,26.76,"PA"
"8/5/2024 5:10",366.5,26.75,"PA"
"8/5/2024 5:20",367.3,26.75,"PA"
"8/5/2024 5:30",367.7,26.75,"PA"
"8/5/2024 5:40",367.7,26.74,"PA"
"8/5/2024 5:50",368.1,26.72,"PA"
"8/5/2024 6:00",368.5,26.72,"PA"
"8/5/2024 6:10",369.3,26.72,"PA"
"8/5/2024 6:20",370.1,26.71,"PA"
"8/5/2024 6:30",370.1,26.71,"PA"
"8/5/2024 6:40",373.3,26.7,"PA"
"8/5/2024 6:50",372.1,26.7,"PA"
"8/5/2024 7:00",373.7,26.69,"PA"
"8/5/2024 7:10",373.7,26.7,"PA"
"8/5/2024 7:20",372.5,26.69,"PA"
"8/5/2024 7:30",373.3,26.7,"PA"
"8/5/2024 7:40",372.5,26.7,"PA"
"8/5/2024 7:50",373.3,26.7,"PA"
"8/5/2024 8:00",373.3,26.71,"PA"
"8/5/2024 8:10",374.1,26.72,"PA"
"8/5/2024 8:20",373.7,26.72,"PA"
"8/5/2024 8:30",373.3,26.75,"PA"
"8/5/2024 8:40",374,26.75,"PA"
"8/5/2024 8:50",375.6,26.77,"PA"
"8/5/2024 9:00",380,26.78,"PA"
"8/5/2024 9:10",380.7,26.82,"PA"
"8/5/2024 9:20",378.8,26.83,"PA"
"8/5/2024 9:30",379.1,26.86,"PA"
"8/5/2024 9:40",379.1,26.9,"PA"
"8/5/2024 9:50",378.7,26.92,"PA"
"8/5/2024 10:00",381.5,26.97,"PA"
"8/5/2024 10:10",385,27.01,"PA"
"8/5/2024 10:20",385,27.06,"PA"
"8/5/2024 10:30",385.4,27.1,"PA"
"8/5/2024 10:40",384.5,27.15,"PA"
"8/5/2024 10:50",384.9,27.21,"PA"
"8/5/2024 11:00",384.9,27.25,"PA"
"8/5/2024 11:10",386.8,27.34,"PA"
"8/5/2024 11:20",386.8,27.39,"PA"
"8/5/2024 11:30",386.8,27.46,"PA"
"8/5/2024 11:40",388.7,27.52,"PA"
"8/5/2024 11:50",388.3,27.57,"PA"
"8/5/2024 12:00",387.9,27.64,"PA"
"8/5/2024 12:10",390.6,27.74,"PA"
"8/5/2024 12:20",388.2,27.76,"PA"
"8/5/2024 12:30",387.4,27.82,"PA"
"8/5/2024 12:40",387.4,27.89,"PA"
"8/5/2024 12:50",387,27.95,"PA"
"8/5/2024 13:00",388.5,27.99,"PA"
"8/5/2024 13:10",388.9,28.06,"PA"
"8/5/2024 13:20",388.1,28.11,"PA"
"8/5/2024 13:30",388.5,28.19,"PA"
"8/5/2024 13:40",388.8,28.23,"PA"
"8/5/2024 13:50",388.8,28.27,"PA"
"8/5/2024 14:00",388.4,28.3,"PA"
"8/5/2024 14:10",387.6,28.33,"PA"
"8/5/2024 14:20",387.6,28.36,"PA"
"8/5/2024 14:30",387.6,28.36,"PA"
"8/5/2024 14:40",387.6,28.37,"PA"
"8/5/2024 14:50",386.4,28.38,"PA"
"8/5/2024 15:00",384.1,28.36,"PA"
"8/5/2024 15:10",382.9,28.36,"PA"
"8/5/2024 15:20",382.5,28.35,"PA"
"8/5/2024 15:30",381.7,28.33,"PA"
"8/5/2024 15:40",381.7,28.32,"PA"
"8/5/2024 15:50",380.9,28.29,"PA"
"8/5/2024 16:00",380.9,28.26,"PA"
"8/5/2024 16:10",381.7,28.22,"PA"
"8/5/2024 16:20",382.2,28.19,"PA"
"8/5/2024 16:30",380.6,28.17,"PA"
"8/5/2024 16:40",381,28.14,"PA"
"8/5/2024 16:50",381,28.1,"PA"
"8/5/2024 17:00",383.8,28.05,"PA"
"8/5/2024 17:10",382.2,28.02,"PA"
"8/5/2024 17:20",381.8,27.97,"PA"
"8/5/2024 17:30",381.1,27.95,"PA"
"8/5/2024 17:40",382.3,27.9,"PA"
"8/5/2024 17:50",381.9,27.87,"PA"
"8/5/2024 18:00",381.1,27.82,"PA"
"8/5/2024 18:10",379.6,27.78,"PA"
"8/5/2024 18:20",378,27.75,"PA"
"8/5/2024 18:30",377.2,27.7,"PA"
"8/5/2024 18:40",378.8,27.68,"PA"
"8/5/2024 18:50",377.6,27.65,"PA"
"8/5/2024 19:00",375.3,27.61,"PA"
"8/5/2024 19:10",375.7,27.59,"PA"
"8/5/2024 19:20",375.7,27.54,"PA"
"8/5/2024 19:30",374.5,27.52,"PA"
"8/5/2024 19:40",374.5,27.49,"PA"
"8/5/2024 19:50",373.8,27.46,"PA"
"8/5/2024 20:00",373,27.44,"PA"
"8/5/2024 20:10",373,27.42,"PA"
"8/5/2024 20:20",371.4,27.39,"PA"
"8/5/2024 20:30",371,27.37,"PA"
"8/5/2024 20:40",370.2,27.36,"PA"
"8/5/2024 20:50",371.4,27.34,"PA"
"8/5/2024 21:00",371.8,27.32,"PA"
"8/5/2024 21:10",372.6,27.31,"PA"
"8/5/2024 21:20",372.2,27.3,"PA"
"8/5/2024 21:30",372.3,27.28,"PA"
"8/5/2024 21:40",371.9,27.27,"PA"
"8/5/2024 21:50",371.5,27.25,"PA"
"8/5/2024 22:00",372.3,27.24,"PA"
"8/5/2024 22:10",372.7,27.23,"PA"
"8/5/2024 22:20",372.7,27.21,"PA"
"8/5/2024 22:30",373.5,27.21,"PA"
"8/5/2024 22:40",373.5,27.2,"PA"
"8/5/2024 22:50",372.7,27.19,"PA"
"8/5/2024 23:00",372.7,27.17,"PA"
"8/5/2024 23:10",372.7,27.16,"PA"
"8/5/2024 23:20",373.9,27.15,"PA"
"8/5/2024 23:30",373.9,27.14,"PA"
"8/5/2024 23:40",374.3,27.13,"PA"
"8/5/2024 23:50",374.3,27.12,"PA"
"8/6/2024 0:00",374.3,27.1,"PA"
"8/6/2024 0:10",374.7,27.09,"PA"
"8/6/2024 0:20",374.3,27.08,"PA"
"8/6/2024 0:30",374.3,27.07,"PA"
"8/6/2024 0:40",374.7,27.06,"PA"
"8/6/2024 0:50",374.7,27.05,"PA"
"8/6/2024 1:00",375.1,27.04,"PA"
"8/6/2024 1:10",375.9,27.02,"PA"
"8/6/2024 1:20",376.3,27.01,"PA"
"8/6/2024 1:30",376.3,27,"PA"
"8/6/2024 1:40",377.1,26.99,"PA"
"8/6/2024 1:50",375.9,26.97,"PA"
"8/6/2024 2:00",376.3,26.97,"PA"
"8/6/2024 2:10",376.3,26.95,"PA"
"8/6/2024 2:20",375.9,26.94,"PA"
"8/6/2024 2:30",375.9,26.94,"PA"
"8/6/2024 2:40",375.2,26.93,"PA"
"8/6/2024 2:50",374,26.93,"PA"
"8/6/2024 3:00",374.4,26.92,"PA"
"8/6/2024 3:10",375.6,26.91,"PA"
"8/6/2024 3:20",376,26.9,"PA"
"8/6/2024 3:30",377.1,26.89,"PA"
"8/6/2024 3:40",377.2,26.87,"PA"
"8/6/2024 3:50",377.9,26.87,"PA"
"8/6/2024 4:00",376.4,26.86,"PA"
"8/6/2024 4:10",377.2,26.85,"PA"
"8/6/2024 4:20",378.7,26.85,"PA"
"8/6/2024 4:30",378,26.84,"PA"
"8/6/2024 4:40",378,26.83,"PA"
"8/6/2024 4:50",378.4,26.83,"PA"
"8/6/2024 5:00",380.3,26.82,"PA"
"8/6/2024 5:10",382.3,26.8,"PA"
"8/6/2024 5:20",382.3,26.79,"PA"
"8/6/2024 5:30",381.5,26.78,"PA"
"8/6/2024 5:40",381.5,26.78,"PA"
"8/6/2024 5:50",382.3,26.78,"PA"
"8/6/2024 6:00",383.5,26.77,"PA"
"8/6/2024 6:10",384.7,26.76,"PA"
"8/6/2024 6:20",383.5,26.76,"PA"
"8/6/2024 6:30",383.5,26.75,"PA"
"8/6/2024 6:40",384.7,26.75,"PA"
"8/6/2024 6:50",387.1,26.75,"PA"
"8/6/2024 7:00",390.6,26.74,"PA"
"8/6/2024 7:10",390.6,26.74,"PA"
"8/6/2024 7:20",390.2,26.74,"PA"
"8/6/2024 7:30",389.1,26.75,"PA"
"8/6/2024 7:40",388.7,26.76,"PA"
"8/6/2024 7:50",387.9,26.76,"PA"
"8/6/2024 8:00",388.3,26.78,"PA"
"8/6/2024 8:10",386.7,26.78,"PA"
"8/6/2024 8:20",385.5,26.8,"PA"
"8/6/2024 8:30",385.9,26.82,"PA"
"8/6/2024 8:40",386.3,26.83,"PA"
"8/6/2024 8:50",387,26.85,"PA"
"8/6/2024 9:00",388.2,26.87,"PA"
"8/6/2024 9:10",388.6,26.9,"PA"
"8/6/2024 9:20",388.6,26.92,"PA"
"8/6/2024 9:30",389,26.95,"PA"
"8/6/2024 9:40",392.1,26.99,"PA"
"8/6/2024 9:50",391.3,27.02,"PA"
"8/6/2024 10:00",392.1,27.07,"PA"
"8/6/2024 10:10",396.4,27.1,"PA"
"8/6/2024 10:20",398.8,27.15,"PA"
"8/6/2024 10:30",398.7,27.21,"PA"
"8/6/2024 10:40",399.1,27.28,"PA"
"8/6/2024 10:50",399.5,27.32,"PA"
"8/6/2024 11:00",401,27.38,"PA"
"8/6/2024 11:10",402.6,27.42,"PA"
"8/6/2024 11:20",403,27.45,"PA"
"8/6/2024 11:30",405.4,27.46,"PA"
"8/6/2024 11:40",405.4,27.46,"PA"
"8/6/2024 11:50",405,27.49,"PA"
"8/6/2024 12:00",406.1,27.51,"PA"
"8/6/2024 12:10",406.1,27.51,"PA"
"8/6/2024 12:20",407.7,27.52,"PA"
"8/6/2024 12:30",407.7,27.54,"PA"
"8/6/2024 12:40",405.7,27.59,"PA"
"8/6/2024 12:50",404.5,27.64,"PA"
"8/6/2024 13:00",402.9,27.66,"PA"
"8/6/2024 13:10",402.1,27.7,"PA"
"8/6/2024 13:20",401.7,27.77,"PA"
"8/6/2024 13:30",404,27.85,"PA"
"8/6/2024 13:40",403.6,27.89,"PA"
"8/6/2024 13:50",402.8,27.9,"PA"
"8/6/2024 14:00",405.2,27.83,"PA"
"8/6/2024 14:10",405.2,27.81,"PA"
"8/6/2024 14:20",404,27.77,"PA"
"8/6/2024 14:30",401.7,27.73,"PA"
"8/6/2024 14:40",402.1,27.69,"PA"
"8/6/2024 14:50",400.5,27.65,"PA"
"8/6/2024 15:00",399.8,27.6,"PA"
"8/6/2024 15:10",400.6,27.57,"PA"
"8/6/2024 15:20",400.2,27.51,"PA"
"8/6/2024 15:30",401,27.49,"PA"
"8/6/2024 15:40",401.8,27.43,"PA"
"8/6/2024 15:50",401.4,27.39,"PA"
"8/6/2024 16:00",400.7,27.36,"PA"
"8/6/2024 16:10",398.3,27.34,"PA"
"8/6/2024 16:20",394.4,27.3,"PA"
"8/6/2024 16:30",395.6,27.29,"PA"
"8/6/2024 16:40",390.8,27.25,"PA"
"8/6/2024 16:50",387.3,27.24,"PA"
"8/6/2024 17:00",387.7,27.22,"PA"
"8/6/2024 17:10",390.1,27.21,"PA"
"8/6/2024 17:20",388.1,27.2,"PA"
"8/6/2024 17:30",386.1,27.19,"PA"
"8/6/2024 17:40",384.1,27.17,"PA"
"8/6/2024 17:50",384.2,27.15,"PA"
"8/6/2024 18:00",383.4,27.14,"PA"
"8/6/2024 18:10",385,27.12,"PA"
"8/6/2024 18:20",386.9,27.09,"PA"
"8/6/2024 18:30",386.2,27.07,"PA"
"8/6/2024 18:40",384.6,27.05,"PA"
"8/6/2024 18:50",384.6,27.01,"PA"
"8/6/2024 19:00",387,27,"PA"
"8/6/2024 19:10",391.3,26.97,"PA"
"8/6/2024 19:20",388.6,26.94,"PA"
"8/6/2024 19:30",387.4,26.92,"PA"
"8/6/2024 19:40",388.2,26.9,"PA"
"8/6/2024 19:50",388.2,26.89,"PA"
"8/6/2024 20:00",389,26.86,"PA"
"8/6/2024 20:10",389.8,26.85,"PA"
"8/6/2024 20:20",390.2,26.84,"PA"
"8/6/2024 20:30",392.2,26.83,"PA"
"8/6/2024 20:40",393.8,26.8,"PA"
"8/6/2024 20:50",392.6,26.79,"PA"
"8/6/2024 21:00",391,26.78,"PA"
"8/6/2024 21:10",392.2,26.77,"PA"
"8/6/2024 21:20",391,26.76,"PA"
"8/6/2024 21:30",390.2,26.75,"PA"
"8/6/2024 21:40",389.1,26.75,"PA"
"8/6/2024 21:50",390.2,26.74,"PA"
"8/6/2024 22:00",392.2,26.74,"PA"
"8/6/2024 22:10",391.4,26.72,"PA"
"8/6/2024 22:20",391.4,26.72,"PA"
"8/6/2024 22:30",392.2,26.71,"PA"
"8/6/2024 22:40",389.9,26.71,"PA"
"8/6/2024 22:50",390.7,26.7,"PA"
"8/6/2024 23:00",390.7,26.7,"PA"
"8/6/2024 23:10",392.2,26.69,"PA"
"8/6/2024 23:20",392.6,26.69,"PA"
"8/6/2024 23:30",393,26.68,"PA"
"8/6/2024 23:40",393,26.67,"PA"
"8/6/2024 23:50",393,26.67,"PA"
"8/7/2024 0:00",393.8,26.67,"PA"
"8/7/2024 0:10",394.6,26.65,"PA"
"8/7/2024 0:20",395.4,26.64,"PA"
"8/7/2024 0:30",395.4,26.64,"PA"
"8/7/2024 0:40",396.6,26.64,"PA"
"8/7/2024 0:50",397.4,26.63,"PA"
"8/7/2024 1:00",397.8,26.62,"PA"
"8/7/2024 1:10",398.6,26.62,"PA"
"8/7/2024 1:20",396.6,26.61,"PA"
"8/7/2024 1:30",397.8,26.6,"PA"
"8/7/2024 1:40",398.2,26.6,"PA"
"8/7/2024 1:50",397.8,26.59,"PA"
"8/7/2024 2:00",398.6,26.59,"PA"
"8/7/2024 2:10",399.8,26.57,"PA"
"8/7/2024 2:20",399.8,26.57,"PA"
"8/7/2024 2:30",399.4,26.56,"PA"
"8/7/2024 2:40",399.8,26.55,"PA"
"8/7/2024 2:50",400.6,26.54,"PA"
"8/7/2024 3:00",401,26.53,"PA"
"8/7/2024 3:10",401,26.52,"PA"
"8/7/2024 3:20",401.8,26.5,"PA"
"8/7/2024 3:30",403.8,26.5,"PA"
"8/7/2024 3:40",404.6,26.49,"PA"
"8/7/2024 3:50",407,26.47,"PA"
"8/7/2024 4:00",405.8,26.45,"PA"
"8/7/2024 4:10",405.4,26.45,"PA"
"8/7/2024 4:20",405.4,26.44,"PA"
"8/7/2024 4:30",406.6,26.42,"PA"
"8/7/2024 4:40",407.4,26.41,"PA"
"8/7/2024 4:50",408.2,26.4,"PA"
"8/7/2024 5:00",408.6,26.4,"PA"
"8/7/2024 5:10",408.6,26.38,"PA"
"8/7/2024 5:20",407,26.38,"PA"
"8/7/2024 5:30",407.8,26.37,"PA"
"8/7/2024 5:40",408.6,26.35,"PA"
"8/7/2024 5:50",409.4,26.34,"PA"
"8/7/2024 6:00",409.4,26.33,"PA"
"8/7/2024 6:10",409,26.32,"PA"
"8/7/2024 6:20",409.8,26.32,"PA"
"8/7/2024 6:30",411.8,26.31,"PA"
"8/7/2024 6:40",412.2,26.3,"PA"
"8/7/2024 6:50",412.2,26.3,"PA"
"8/7/2024 7:00",412.6,26.29,"PA"
"8/7/2024 7:10",412.2,26.29,"PA"
"8/7/2024 7:20",411.4,26.29,"PA"
"8/7/2024 7:30",411.4,26.29,"PA"
"8/7/2024 7:40",411.8,26.3,"PA"
"8/7/2024 7:50",412.2,26.3,"PA"
"8/7/2024 8:00",412.2,26.32,"PA"
"8/7/2024 8:10",413,26.33,"PA"
"8/7/2024 8:20",414.1,26.34,"PA"
"8/7/2024 8:30",415.3,26.38,"PA"
"8/7/2024 8:40",415.7,26.4,"PA"
"8/7/2024 8:50",415.3,26.44,"PA"
"8/7/2024 9:00",416.1,26.47,"PA"
"8/7/2024 9:10",416.1,26.5,"PA"
"8/7/2024 9:20",416,26.54,"PA"
"8/7/2024 9:30",417.2,26.57,"PA"
"8/7/2024 9:40",420,26.62,"PA"
"8/7/2024 9:50",421.5,26.67,"PA"
"8/7/2024 10:00",422.7,26.72,"PA"
"8/7/2024 10:10",425.8,26.77,"PA"
"8/7/2024 10:20",427.8,26.83,"PA"
"8/7/2024 10:30",429.3,26.87,"PA"
"8/7/2024 10:40",430.1,26.93,"PA"
"8/7/2024 10:50",430.1,27,"PA"
"8/7/2024 11:00",430.4,27.06,"PA"
"8/7/2024 11:10",430.8,27.1,"PA"
"8/7/2024 11:20",431.2,27.17,"PA"
"8/7/2024 11:30",431.5,27.25,"PA"
"8/7/2024 11:40",429.1,27.3,"PA"
"8/7/2024 11:50",429.1,27.36,"PA"
"8/7/2024 12:00",427.1,27.4,"PA"
"8/7/2024 12:10",426.7,27.46,"PA"
"8/7/2024 12:20",426.3,27.52,"PA"
"8/7/2024 12:30",424.7,27.62,"PA"
"8/7/2024 12:40",424.2,27.69,"PA"
"8/7/2024 12:50",423.4,27.76,"PA"
"8/7/2024 13:00",423.4,27.8,"PA"
"8/7/2024 13:10",423,27.87,"PA"
"8/7/2024 13:20",422.1,27.96,"PA"
"8/7/2024 13:30",421.7,28.03,"PA"
"8/7/2024 13:40",422.1,28.07,"PA"
"8/7/2024 13:50",423.6,28.13,"PA"
"8/7/2024 14:00",425.2,28.15,"PA"
"8/7/2024 14:10",423.2,28.19,"PA"
"8/7/2024 14:20",423.2,28.22,"PA"
"8/7/2024 14:30",423.2,28.25,"PA"
"8/7/2024 14:40",421.6,28.27,"PA"
"8/7/2024 14:50",420.4,28.27,"PA"
"8/7/2024 15:00",418.8,28.27,"PA"
"8/7/2024 15:10",418.1,28.25,"PA"
"8/7/2024 15:20",416.1,28.22,"PA"
"8/7/2024 15:30",415.7,28.21,"PA"
"8/7/2024 15:40",414.5,28.18,"PA"
"8/7/2024 15:50",413.4,28.14,"PA"
"8/7/2024 16:00",411.4,28.13,"PA"
"8/7/2024 16:10",410.2,28.08,"PA"
"8/7/2024 16:20",410.2,28.05,"PA"
"8/7/2024 16:30",407.9,28.03,"PA"
"8/7/2024 16:40",409.9,27.97,"PA"
"8/7/2024 16:50",412.7,27.92,"PA"
"8/7/2024 17:00",413.1,27.9,"PA"
"8/7/2024 17:10",413.5,27.84,"PA"
"8/7/2024 17:20",415.9,27.81,"PA"
"8/7/2024 17:30",419.1,27.76,"PA"
"8/7/2024 17:40",420.7,27.72,"PA"
"8/7/2024 17:50",419.9,27.67,"PA"
"8/7/2024 18:00",421.1,27.62,"PA"
"8/7/2024 18:10",422.3,27.57,"PA"
"8/7/2024 18:20",421.9,27.52,"PA"
"8/7/2024 18:30",425.1,27.49,"PA"
"8/7/2024 18:40",424.3,27.44,"PA"
"8/7/2024 18:50",424.4,27.39,"PA"
"8/7/2024 19:00",424.4,27.35,"PA"
"8/7/2024 19:10",425.6,27.3,"PA"
"8/7/2024 19:20",428.8,27.29,"PA"
"8/7/2024 19:30",431.9,27.24,"PA"
"8/7/2024 19:40",431.2,27.2,"PA"
"8/7/2024 19:50",430,27.16,"PA"
"8/7/2024 20:00",425.7,27.13,"PA"
"8/7/2024 20:10",426.1,27.1,"PA"
"8/7/2024 20:20",425.7,27.07,"PA"
"8/7/2024 20:30",425.3,27.05,"PA"
"8/7/2024 20:40",423.7,27.02,"PA"
"8/7/2024 20:50",423,26.99,"PA"
"8/7/2024 21:00",423.8,26.98,"PA"
"8/7/2024 21:10",419.8,26.95,"PA"
"8/7/2024 21:20",417.1,26.93,"PA"
"8/7/2024 21:30",417.1,26.91,"PA"
"8/7/2024 21:40",414.3,26.9,"PA"
"8/7/2024 21:50",410.7,26.87,"PA"
"8/7/2024 22:00",408.4,26.86,"PA"
"8/7/2024 22:10",405.2,26.85,"PA"
"8/7/2024 22:20",405.6,26.83,"PA"
"8/7/2024 22:30",404.8,26.82,"PA"
"8/7/2024 22:40",402.9,26.8,"PA"
"8/7/2024 22:50",403.3,26.8,"PA"
"8/7/2024 23:00",402.1,26.79,"PA"
"8/7/2024 23:10",402.5,26.78,"PA"
"8/7/2024 23:20",402.1,26.77,"PA"
"8/7/2024 23:30",401.7,26.76,"PA"
"8/7/2024 23:40",402.1,26.75,"PA"
"8/7/2024 23:50",404.5,26.75,"PA"
"8/8/2024 0:00",404.5,26.74,"PA"
"8/8/2024 0:10",404.9,26.72,"PA"
"8/8/2024 0:20",404.9,26.72,"PA"
"8/8/2024 0:30",403.7,26.71,"PA"
"8/8/2024 0:40",404.1,26.71,"PA"
"8/8/2024 0:50",404.5,26.7,"PA"
"8/8/2024 1:00",404.5,26.69,"PA"
"8/8/2024 1:10",404.5,26.68,"PA"
"8/8/2024 1:20",404.9,26.68,"PA"
"8/8/2024 1:30",404.5,26.67,"PA"
"8/8/2024 1:40",404.1,26.65,"PA"
"8/8/2024 1:50",404.1,26.64,"PA"
"8/8/2024 2:00",404.9,26.63,"PA"
"8/8/2024 2:10",406.1,26.62,"PA"
"8/8/2024 2:20",406.9,26.61,"PA"
"8/8/2024 2:30",405.3,26.59,"PA"
"8/8/2024 2:40",405.7,26.6,"PA"
"8/8/2024 2:50",407.3,26.56,"PA"
"8/8/2024 3:00",404.6,26.55,"PA"
"8/8/2024 3:10",405,26.54,"PA"
"8/8/2024 3:20",406.5,26.54,"PA"
"8/8/2024 3:30",405.4,26.53,"PA"
"8/8/2024 3:40",404.6,26.52,"PA"
"8/8/2024 3:50",402.2,26.52,"PA"
"8/8/2024 4:00",402.2,26.52,"PA"
"8/8/2024 4:10",403,26.49,"PA"
"8/8/2024 4:20",404.2,26.49,"PA"
"8/8/2024 4:30",403,26.48,"PA"
"8/8/2024 4:40",406.6,26.46,"PA"
"8/8/2024 4:50",408.2,26.45,"PA"
"8/8/2024 5:00",407.8,26.44,"PA"
"8/8/2024 5:10",409,26.41,"PA"
"8/8/2024 5:20",409.8,26.4,"PA"
"8/8/2024 5:30",410.6,26.38,"PA"
"8/8/2024 5:40",411.4,26.37,"PA"
"8/8/2024 5:50",411.8,26.34,"PA"
"8/8/2024 6:00",410.6,26.33,"PA"
"8/8/2024 6:10",410.6,26.33,"PA"
"8/8/2024 6:20",410.6,26.31,"PA"
"8/8/2024 6:30",410.2,26.3,"PA"
"8/8/2024 6:40",410.6,26.29,"PA"
"8/8/2024 6:50",410.6,26.29,"PA"
"8/8/2024 7:00",410.2,26.27,"PA"
"8/8/2024 7:10",410.2,26.29,"PA"
"8/8/2024 7:20",410.2,26.29,"PA"
"8/8/2024 7:30",410.2,26.3,"PA"
"8/8/2024 7:40",411.8,26.31,"PA"
"8/8/2024 7:50",411.8,26.32,"PA"
"8/8/2024 8:00",410.2,26.32,"PA"
"8/8/2024 8:10",409.8,26.34,"PA"
"8/8/2024 8:20",410.2,26.35,"PA"
"8/8/2024 8:30",410.2,26.38,"PA"
"8/8/2024 8:40",411,26.4,"PA"
"8/8/2024 8:50",411.7,26.44,"PA"
"8/8/2024 9:00",412.5,26.46,"PA"
"8/8/2024 9:10",414.5,26.48,"PA"
"8/8/2024 9:20",416,26.53,"PA"
"8/8/2024 9:30",416,26.59,"PA"
"8/8/2024 9:40",416.8,26.61,"PA"
"8/8/2024 9:50",418,26.67,"PA"
"8/8/2024 10:00",423.9,26.71,"PA"
"8/8/2024 10:10",426.2,26.77,"PA"
"8/8/2024 10:20",427.8,26.82,"PA"
"8/8/2024 10:30",428.9,26.87,"PA"
"8/8/2024 10:40",430.5,26.94,"PA"
"8/8/2024 10:50",431.7,27.01,"PA"
"8/8/2024 11:00",431.2,27.08,"PA"
"8/8/2024 11:10",432,27.19,"PA"
"8/8/2024 11:20",431.9,27.25,"PA"
"8/8/2024 11:30",432.3,27.36,"PA"
"8/8/2024 11:40",432.3,27.38,"PA"
"8/8/2024 11:50",433,27.45,"PA"
"8/8/2024 12:00",434.6,27.55,"PA"
"8/8/2024 12:10",435.3,27.64,"PA"
"8/8/2024 12:20",434.1,27.72,"PA"
"8/8/2024 12:30",433.7,27.82,"PA"
"8/8/2024 12:40",430.8,27.91,"PA"
"8/8/2024 12:50",429.2,27.98,"PA"
"8/8/2024 13:00",430.4,28.1,"PA"
"8/8/2024 13:10",430.3,28.18,"PA"
"8/8/2024 13:20",429.5,28.28,"PA"
"8/8/2024 13:30",431.4,28.35,"PA"
"8/8/2024 13:40",433.4,28.45,"PA"
"8/8/2024 13:50",434.1,28.5,"PA"
"8/8/2024 14:00",436.1,28.56,"PA"
"8/8/2024 14:10",437.7,28.59,"PA"
"8/8/2024 14:20",436.4,28.64,"PA"
"8/8/2024 14:30",435.6,28.67,"PA"
"8/8/2024 14:40",435.2,28.7,"PA"
"8/8/2024 14:50",435.6,28.73,"PA"
"8/8/2024 15:00",436.4,28.73,"PA"
"8/8/2024 15:10",434.4,28.72,"PA"
"8/8/2024 15:20",434,28.7,"PA"
"8/8/2024 15:30",433.7,28.67,"PA"
"8/8/2024 15:40",431.7,28.65,"PA"
"8/8/2024 15:50",431.3,28.63,"PA"
"8/8/2024 16:00",432.5,28.6,"PA"
"8/8/2024 16:10",429.4,28.59,"PA"
"8/8/2024 16:20",429.4,28.55,"PA"
"8/8/2024 16:30",427.4,28.51,"PA"
"8/8/2024 16:40",427,28.47,"PA"
"8/8/2024 16:50",428.2,28.42,"PA"
"8/8/2024 17:00",430.6,28.37,"PA"
"8/8/2024 17:10",431.4,28.34,"PA"
"8/8/2024 17:20",431.5,28.29,"PA"
"8/8/2024 17:30",429.9,28.26,"PA"
"8/8/2024 17:40",429.5,28.21,"PA"
"8/8/2024 17:50",431.9,28.17,"PA"
"8/8/2024 18:00",435.1,28.12,"PA"
"8/8/2024 18:10",438.3,28.08,"PA"
"8/8/2024 18:20",441.1,28.04,"PA"
"8/8/2024 18:30",441.5,27.99,"PA"
"8/8/2024 18:40",441.1,27.93,"PA"
"8/8/2024 18:50",441.1,27.9,"PA"
"8/8/2024 19:00",441.2,27.84,"PA"
"8/8/2024 19:10",442,27.78,"PA"
"8/8/2024 19:20",445.2,27.74,"PA"
"8/8/2024 19:30",449.2,27.68,"PA"
"8/8/2024 19:40",452.7,27.66,"PA"
"8/8/2024 19:50",457.9,27.61,"PA"
"8/8/2024 20:00",461.1,27.58,"PA"
"8/8/2024 20:10",461.9,27.53,"PA"
"8/8/2024 20:20",462.3,27.49,"PA"
"8/8/2024 20:30",464.3,27.46,"PA"
"8/8/2024 20:40",463.9,27.38,"PA"
"8/8/2024 20:50",463.6,27.37,"PA"
"8/8/2024 21:00",464,27.34,"PA"
"8/8/2024 21:10",463.2,27.3,"PA"
"8/8/2024 21:20",462.4,27.27,"PA"
"8/8/2024 21:30",461.2,27.24,"PA"
"8/8/2024 21:40",460.1,27.2,"PA"
"8/8/2024 21:50",454.6,27.15,"PA"
"8/8/2024 22:00",452.6,27.14,"PA"
"8/8/2024 22:10",452.6,27.12,"PA"
"8/8/2024 22:20",453,27.09,"PA"
"8/8/2024 22:30",453.4,27.07,"PA"
"8/8/2024 22:40",448.3,27.04,"PA"
"8/8/2024 22:50",441.1,27.02,"PA"
"8/8/2024 23:00",441.2,26.98,"PA"
"8/8/2024 23:10",433.3,26.98,"PA"
"8/8/2024 23:20",432.5,26.94,"PA"
"8/8/2024 23:30",434.5,26.94,"PA"
"8/8/2024 23:40",428.9,26.9,"PA"
"8/8/2024 23:50",424.6,26.87,"PA"
"8/9/2024 0:00",419.9,26.86,"PA"
"8/9/2024 0:10",416.7,26.85,"PA"
"8/9/2024 0:20",415.1,26.84,"PA"
"8/9/2024 0:30",413.9,26.83,"PA"
"8/9/2024 0:40",418.3,26.83,"PA"
"8/9/2024 0:50",417.1,26.82,"PA"
"8/9/2024 1:00",415.9,26.8,"PA"
"8/9/2024 1:10",414.7,26.78,"PA"
"8/9/2024 1:20",413.2,26.78,"PA"
"8/9/2024 1:30",412,26.77,"PA"
"8/9/2024 1:40",412.4,26.76,"PA"
"8/9/2024 1:50",412.8,26.76,"PA"
"8/9/2024 2:00",412.8,26.75,"PA"
"8/9/2024 2:10",412,26.74,"PA"
"8/9/2024 2:20",411.6,26.74,"PA"
"8/9/2024 2:30",411.2,26.72,"PA"
"8/9/2024 2:40",411.6,26.72,"PA"
"8/9/2024 2:50",412.4,26.71,"PA"
"8/9/2024 3:00",412.8,26.7,"PA"
"8/9/2024 3:10",412.8,26.7,"PA"
"8/9/2024 3:20",413.2,26.69,"PA"
"8/9/2024 3:30",414,26.68,"PA"
"8/9/2024 3:40",412.4,26.68,"PA"
"8/9/2024 3:50",412.4,26.67,"PA"
"8/9/2024 4:00",417.6,26.65,"PA"
"8/9/2024 4:10",415.2,26.64,"PA"
"8/9/2024 4:20",416.4,26.64,"PA"
"8/9/2024 4:30",415.6,26.63,"PA"
"8/9/2024 4:40",419.6,26.62,"PA"
"8/9/2024 4:50",418,26.61,"PA"
"8/9/2024 5:00",416,26.61,"PA"
"8/9/2024 5:10",415.6,26.6,"PA"
"8/9/2024 5:20",416,26.6,"PA"
"8/9/2024 5:30",424.7,26.59,"PA"
"8/9/2024 5:40",420,26.59,"PA"
"8/9/2024 5:50",418.4,26.57,"PA"
"8/9/2024 6:00",417.6,26.56,"PA"
"8/9/2024 6:10",416.4,26.55,"PA"
"8/9/2024 6:20",417.2,26.55,"PA"
"8/9/2024 6:30",418,26.54,"PA"
"8/9/2024 6:40",414.1,26.52,"PA"
"8/9/2024 6:50",412.9,26.49,"PA"
"8/9/2024 7:00",412.1,26.49,"PA"
"8/9/2024 7:10",410.5,26.48,"PA"
"8/9/2024 7:20",408.6,26.47,"PA"
"8/9/2024 7:30",407.4,26.47,"PA"
"8/9/2024 7:40",406.2,26.48,"PA"
"8/9/2024 7:50",405.8,26.48,"PA"
"8/9/2024 8:00",405.4,26.5,"PA"
"8/9/2024 8:10",403.8,26.52,"PA"
"8/9/2024 8:20",402.6,26.53,"PA"
"8/9/2024 8:30",403,26.56,"PA"
"8/9/2024 8:40",404.2,26.57,"PA"
"8/9/2024 8:50",404.5,26.61,"PA"
"8/9/2024 9:00",405.3,26.63,"PA"
"8/9/2024 9:10",406.5,26.67,"PA"
"8/9/2024 9:20",407.3,26.7,"PA"
"8/9/2024 9:30",408,26.75,"PA"
"8/9/2024 9:40",408.4,26.78,"PA"
"8/9/2024 9:50",409.2,26.83,"PA"
"8/9/2024 10:00",410,26.86,"PA"
"8/9/2024 10:10",412.7,26.89,"PA"
"8/9/2024 10:20",415.5,26.94,"PA"
"8/9/2024 10:30",419,27,"PA"
"8/9/2024 10:40",425.3,27.06,"PA"
"8/9/2024 10:50",426.5,27.1,"PA"
"8/9/2024 11:00",431.2,27.19,"PA"
"8/9/2024 11:10",430,27.24,"PA"
"8/9/2024 11:20",431.1,27.28,"PA"
"8/9/2024 11:30",429.9,27.29,"PA"
"8/9/2024 11:40",427.2,27.34,"PA"
"8/9/2024 11:50",426.3,27.4,"PA"
"8/9/2024 12:00",426.3,27.46,"PA"
"8/9/2024 12:10",426.7,27.5,"PA"
"8/9/2024 12:20",425.9,27.57,"PA"
"8/9/2024 12:30",426.2,27.65,"PA"
"8/9/2024 12:40",429,27.74,"PA"
"8/9/2024 12:50",429.7,27.8,"PA"
"8/9/2024 13:00",427.7,27.89,"PA"
"8/9/2024 13:10",428.5,27.96,"PA"
"8/9/2024 13:20",428.4,28.02,"PA"
"8/9/2024 13:30",427.6,28.05,"PA"
"8/9/2024 13:40",427.2,28.11,"PA"
"8/9/2024 13:50",427.2,28.18,"PA"
"8/9/2024 14:00",427.6,28.2,"PA"
"8/9/2024 14:10",426.8,28.2,"PA"
"8/9/2024 14:20",427.6,28.19,"PA"
"8/9/2024 14:30",431.5,28.17,"PA"
"8/9/2024 14:40",431.1,28.17,"PA"
"8/9/2024 14:50",426.4,28.17,"PA"
"8/9/2024 15:00",427.6,28.14,"PA"
"8/9/2024 15:10",426.4,28.11,"PA"
"8/9/2024 15:20",429.6,28.08,"PA"
"8/9/2024 15:30",433.9,28.05,"PA"
"8/9/2024 15:40",436.8,27.97,"PA"
"8/9/2024 15:50",436.4,27.95,"PA"
"8/9/2024 16:00",432.4,27.9,"PA"
"8/9/2024 16:10",432.4,27.88,"PA"
"8/9/2024 16:20",436.4,27.8,"PA"
"8/9/2024 16:30",438.4,27.77,"PA"
"8/9/2024 16:40",440,27.73,"PA"
"8/9/2024 16:50",435.3,27.69,"PA"
"8/9/2024 17:00",439.7,27.66,"PA"
"8/9/2024 17:10",447.2,27.62,"PA"
"8/9/2024 17:20",449.2,27.6,"PA"
"8/9/2024 17:30",451.2,27.58,"PA"
"8/9/2024 17:40",450,27.52,"PA"
"8/9/2024 17:50",448.1,27.5,"PA"
"8/9/2024 18:00",448.1,27.46,"PA"
"8/9/2024 18:10",446.9,27.43,"PA"
"8/9/2024 18:20",447.7,27.4,"PA"
"8/9/2024 18:30",447.3,27.37,"PA"
"8/9/2024 18:40",447.3,27.35,"PA"
"8/9/2024 18:50",452.1,27.32,"PA"
"8/9/2024 19:00",451.3,27.29,"PA"
"8/9/2024 19:10",451.7,27.24,"PA"
"8/9/2024 19:20",445.8,27.21,"PA"
"8/9/2024 19:30",442.7,27.17,"PA"
"8/9/2024 19:40",443.1,27.16,"PA"
"8/9/2024 19:50",448.2,27.16,"PA"
"8/9/2024 20:00",446.3,27.1,"PA"
"8/9/2024 20:10",443.1,27.07,"PA"
"8/9/2024 20:20",443.5,27.06,"PA"
"8/9/2024 20:30",443.9,27.05,"PA"
"8/9/2024 20:40",444.3,27.02,"PA"
"8/9/2024 20:50",441.2,27,"PA"
"8/9/2024 21:00",439.6,26.99,"PA"
"8/9/2024 21:10",439.6,26.97,"PA"
"8/9/2024 21:20",436.4,26.95,"PA"
"8/9/2024 21:30",435.2,26.94,"PA"
"8/9/2024 21:40",430.1,26.93,"PA"
"8/9/2024 21:50",429.3,26.92,"PA"
"8/9/2024 22:00",430.5,26.91,"PA"
"8/9/2024 22:10",429.7,26.9,"PA"
"8/9/2024 22:20",425.8,26.87,"PA"
"8/9/2024 22:30",419.1,26.86,"PA"
"8/9/2024 22:40",419.5,26.86,"PA"
"8/9/2024 22:50",419.5,26.86,"PA"
"8/9/2024 23:00",420.3,26.84,"PA"
"8/9/2024 23:10",418.3,26.84,"PA"
"8/9/2024 23:20",417.9,26.83,"PA"
"8/9/2024 23:30",415.9,26.83,"PA"
"8/9/2024 23:40",415.9,26.82,"PA"
"8/9/2024 23:50",417.1,26.8,"PA"
"8/10/2024 0:00",417.1,26.8,"PA"
"8/10/2024 0:10",417.9,26.8,"PA"
"8/10/2024 0:20",416.3,26.79,"PA"
"8/10/2024 0:30",417.1,26.78,"PA"
"8/10/2024 0:40",417.5,26.78,"PA"
"8/10/2024 0:50",414,26.77,"PA"
"8/10/2024 1:00",415.1,26.77,"PA"
"8/10/2024 1:10",417.9,26.76,"PA"
"8/10/2024 1:20",417.9,26.76,"PA"
"8/10/2024 1:30",416.3,26.76,"PA"
"8/10/2024 1:40",416.7,26.75,"PA"
"8/10/2024 1:50",415.2,26.75,"PA"
"8/10/2024 2:00",417.1,26.75,"PA"
"8/10/2024 2:10",417.5,26.75,"PA"
"8/10/2024 2:20",417.5,26.74,"PA"
"8/10/2024 2:30",417.5,26.74,"PA"
"8/10/2024 2:40",417.1,26.74,"PA"
"8/10/2024 2:50",417.9,26.74,"PA"
"8/10/2024 3:00",418.3,26.74,"PA"
"8/10/2024 3:10",418.7,26.72,"PA"
"8/10/2024 3:20",416.4,26.72,"PA"
"8/10/2024 3:30",417.1,26.72,"PA"
"8/10/2024 3:40",416,26.72,"PA"
"8/10/2024 3:50",416,26.72,"PA"
"8/10/2024 4:00",417.1,26.71,"PA"
"8/10/2024 4:10",417.9,26.71,"PA"
"8/10/2024 4:20",422.7,26.71,"PA"
"8/10/2024 4:30",419.1,26.71,"PA"
"8/10/2024 4:40",420.3,26.71,"PA"
"8/10/2024 4:50",422.3,26.7,"PA"
"8/10/2024 5:00",420.7,26.7,"PA"
"8/10/2024 5:10",419.9,26.7,"PA"
"8/10/2024 5:20",420.3,26.69,"PA"
"8/10/2024 5:30",420.3,26.69,"PA"
"8/10/2024 5:40",421.5,26.68,"PA"
"8/10/2024 5:50",421.5,26.68,"PA"
"8/10/2024 6:00",421.5,26.68,"PA"
"8/10/2024 6:10",421.9,26.67,"PA"
"8/10/2024 6:20",424.7,26.67,"PA"
"8/10/2024 6:30",427.5,26.64,"PA"
"8/10/2024 6:40",428.3,26.63,"PA"
"8/10/2024 6:50",426.7,26.62,"PA"
"8/10/2024 7:00",426.7,26.62,"PA"
"8/10/2024 7:10",425.9,26.61,"PA"
"8/10/2024 7:20",426.7,26.62,"PA"
"8/10/2024 7:30",426.3,26.62,"PA"
"8/10/2024 7:40",427.5,26.63,"PA"
"8/10/2024 7:50",427.5,26.64,"PA"
"8/10/2024 8:00",425.9,26.65,"PA"
"8/10/2024 8:10",425.9,26.67,"PA"
"8/10/2024 8:20",425.5,26.68,"PA"
"8/10/2024 8:30",425.9,26.7,"PA"
"8/10/2024 8:40",426.6,26.72,"PA"
"8/10/2024 8:50",427.8,26.76,"PA"
"8/10/2024 9:00",426.6,26.78,"PA"
"8/10/2024 9:10",426.6,26.79,"PA"
"8/10/2024 9:20",427.4,26.76,"PA"
"8/10/2024 9:30",429.8,26.78,"PA"
"8/10/2024 9:40",428.6,26.83,"PA"
"8/10/2024 9:50",428.2,26.87,"PA"
"8/10/2024 10:00",429.7,26.92,"PA"
"8/10/2024 10:10",430.9,26.98,"PA"
"8/10/2024 10:20",432,27.02,"PA"
"8/10/2024 10:30",433.2,27.08,"PA"
"8/10/2024 10:40",432.8,27.15,"PA"
"8/10/2024 10:50",433.9,27.21,"PA"
"8/10/2024 11:00",434.7,27.29,"PA"
"8/10/2024 11:10",435.5,27.36,"PA"
"8/10/2024 11:20",436.6,27.44,"PA"
"8/10/2024 11:30",436.2,27.52,"PA"
"8/10/2024 11:40",436.5,27.58,"PA"
"8/10/2024 11:50",438.5,27.64,"PA"
"8/10/2024 12:00",438.5,27.7,"PA"
"8/10/2024 12:10",436.5,27.75,"PA"
"8/10/2024 12:20",436,27.82,"PA"
"8/10/2024 12:30",436.8,27.89,"PA"
"8/10/2024 12:40",437.2,27.95,"PA"
"8/10/2024 12:50",437.2,27.96,"PA"
"8/10/2024 13:00",437.5,27.97,"PA"
"8/10/2024 13:10",438.3,28.04,"PA"
"8/10/2024 13:20",439.4,28.13,"PA"
"8/10/2024 13:30",441,28.19,"PA"
"8/10/2024 13:40",441,28.25,"PA"
"8/10/2024 13:50",440.9,28.32,"PA"
"8/10/2024 14:00",440.9,28.34,"PA"
"8/10/2024 14:10",438.9,28.37,"PA"
"8/10/2024 14:20",438.1,28.42,"PA"
"8/10/2024 14:30",438.9,28.47,"PA"
"8/10/2024 14:40",439.3,28.5,"PA"
"8/10/2024 14:50",438.5,28.51,"PA"
"8/10/2024 15:00",438.5,28.5,"PA"
"8/10/2024 15:10",437.3,28.47,"PA"
"8/10/2024 15:20",434.9,28.47,"PA"
"8/10/2024 15:30",433.8,28.45,"PA"
"8/10/2024 15:40",431,28.45,"PA"
"8/10/2024 15:50",429.4,28.43,"PA"
"8/10/2024 16:00",429.8,28.4,"PA"
"8/10/2024 16:10",432.6,28.37,"PA"
"8/10/2024 16:20",432.6,28.34,"PA"
"8/10/2024 16:30",433,28.29,"PA"
"8/10/2024 16:40",435,28.26,"PA"
"8/10/2024 16:50",437.4,28.21,"PA"
"8/10/2024 17:00",432.7,28.17,"PA"
"8/10/2024 17:10",433.9,28.12,"PA"
"8/10/2024 17:20",435.1,28.1,"PA"
"8/10/2024 17:30",435.9,28.04,"PA"
"8/10/2024 17:40",437.1,27.99,"PA"
"8/10/2024 17:50",439.5,27.92,"PA"
"8/10/2024 18:00",439.5,27.91,"PA"
"8/10/2024 18:10",439.2,27.88,"PA"
"8/10/2024 18:20",440.8,27.84,"PA"
"8/10/2024 18:30",441.6,27.77,"PA"
"8/10/2024 18:40",441.6,27.75,"PA"
"8/10/2024 18:50",442,27.7,"PA"
"8/10/2024 19:00",442.1,27.62,"PA"
"8/10/2024 19:10",441.7,27.6,"PA"
"8/10/2024 19:20",442.9,27.57,"PA"
"8/10/2024 19:30",449.6,27.54,"PA"
"8/10/2024 19:40",452.8,27.49,"PA"
"8/10/2024 19:50",449.7,27.44,"PA"
"8/10/2024 20:00",449.7,27.4,"PA"
"8/10/2024 20:10",448.5,27.38,"PA"
"8/10/2024 20:20",449.3,27.34,"PA"
"8/10/2024 20:30",446.6,27.29,"PA"
"8/10/2024 20:40",442.2,27.25,"PA"
"8/10/2024 20:50",442.6,27.21,"PA"
"8/10/2024 21:00",441.1,27.19,"PA"
"8/10/2024 21:10",445.4,27.17,"PA"
"8/10/2024 21:20",453.7,27.17,"PA"
"8/10/2024 21:30",463.3,27.17,"PA"
"8/10/2024 21:40",468.8,27.15,"PA"
"8/10/2024 21:50",472.4,27.13,"PA"
"8/10/2024 22:00",473.2,27.09,"PA"
"8/10/2024 22:10",472.8,27.05,"PA"
"8/10/2024 22:20",468.1,27,"PA"
"8/10/2024 22:30",453.1,26.94,"PA"
"8/10/2024 22:40",439.6,26.92,"PA"
"8/10/2024 22:50",434.1,26.92,"PA"
"8/10/2024 23:00",431.3,26.89,"PA"
"8/10/2024 23:10",428.6,26.86,"PA"
"8/10/2024 23:20",428.2,26.84,"PA"
"8/10/2024 23:30",425,26.83,"PA"
"8/10/2024 23:40",425.4,26.79,"PA"
"8/10/2024 23:50",426.2,26.78,"PA"
"8/11/2024 0:00",425,26.77,"PA"
"8/11/2024 0:10",425.4,26.76,"PA"
"8/11/2024 0:20",421.5,26.75,"PA"
"8/11/2024 0:30",422.7,26.72,"PA"
"8/11/2024 0:40",419.5,26.71,"PA"
"8/11/2024 0:50",418.7,26.7,"PA"
"8/11/2024 1:00",419.5,26.69,"PA"
"8/11/2024 1:10",419.9,26.68,"PA"
"8/11/2024 1:20",420.3,26.68,"PA"
"8/11/2024 1:30",421.1,26.67,"PA"
"8/11/2024 1:40",422.3,26.65,"PA"
"8/11/2024 1:50",420.7,26.64,"PA"
"8/11/2024 2:00",419.9,26.64,"PA"
"8/11/2024 2:10",419.6,26.63,"PA"
"8/11/2024 2:20",419.6,26.63,"PA"
"8/11/2024 2:30",420,26.62,"PA"
"8/11/2024 2:40",421.2,26.61,"PA"
"8/11/2024 2:50",421.6,26.6,"PA"
"8/11/2024 3:00",422.3,26.59,"PA"
"8/11/2024 3:10",422.7,26.59,"PA"
"8/11/2024 3:20",423.1,26.59,"PA"
"8/11/2024 3:30",420.8,26.57,"PA"
"8/11/2024 3:40",420,26.57,"PA"
"8/11/2024 3:50",419.6,26.56,"PA"
"8/11/2024 4:00",420.4,26.56,"PA"
"8/11/2024 4:10",422.4,26.55,"PA"
"8/11/2024 4:20",422.4,26.55,"PA"
"8/11/2024 4:30",422.8,26.55,"PA"
"8/11/2024 4:40",423.2,26.54,"PA"
"8/11/2024 4:50",423.2,26.54,"PA"
"8/11/2024 5:00",422.8,26.53,"PA"
"8/11/2024 5:10",423.2,26.53,"PA"
"8/11/2024 5:20",423.2,26.53,"PA"
"8/11/2024 5:30",423.6,26.52,"PA"
"8/11/2024 5:40",425.9,26.52,"PA"
"8/11/2024 5:50",426.3,26.52,"PA"
"8/11/2024 6:00",426.3,26.52,"PA"
"8/11/2024 6:10",425.9,26.52,"PA"
"8/11/2024 6:20",426.3,26.52,"PA"
"8/11/2024 6:30",428.3,26.52,"PA"
"8/11/2024 6:40",435.4,26.53,"PA"
"8/11/2024 6:50",437,26.53,"PA"
"8/11/2024 7:00",435.8,26.53,"PA"
"8/11/2024 7:10",434.3,26.53,"PA"
"8/11/2024 7:20",432.7,26.54,"PA"
"8/11/2024 7:30",431.1,26.55,"PA"
"8/11/2024 7:40",430.3,26.56,"PA"
"8/11/2024 7:50",431.1,26.57,"PA"
"8/11/2024 8:00",432.2,26.6,"PA"
"8/11/2024 8:10",432.2,26.61,"PA"
"8/11/2024 8:20",432.2,26.63,"PA"
"8/11/2024 8:30",431.4,26.65,"PA"
"8/11/2024 8:40",431.4,26.68,"PA"
"8/11/2024 8:50",431.4,26.71,"PA"
"8/11/2024 9:00",431.4,26.74,"PA"
"8/11/2024 9:10",432.2,26.76,"PA"
"8/11/2024 9:20",432.5,26.79,"PA"
"8/11/2024 9:30",432.9,26.83,"PA"
"8/11/2024 9:40",433.7,26.87,"PA"
"8/11/2024 9:50",435.7,26.91,"PA"
"8/11/2024 10:00",437.6,26.94,"PA"
"8/11/2024 10:10",439.2,26.97,"PA"
"8/11/2024 10:20",440.8,27,"PA"
"8/11/2024 10:30",443.1,27.04,"PA"
"8/11/2024 10:40",445.1,27.08,"PA"
"8/11/2024 10:50",446.2,27.16,"PA"
"8/11/2024 11:00",448.2,27.23,"PA"
"8/11/2024 11:10",448.9,27.3,"PA"
"8/11/2024 11:20",450.1,27.38,"PA"
"8/11/2024 11:30",450.5,27.44,"PA"
"8/11/2024 11:40",451.6,27.5,"PA"
"8/11/2024 11:50",452.4,27.54,"PA"
"8/11/2024 12:00",452.4,27.58,"PA"
"8/11/2024 12:10",451.2,27.6,"PA"
"8/11/2024 12:20",448.8,27.64,"PA"
"8/11/2024 12:30",446.8,27.66,"PA"
"8/11/2024 12:40",444.8,27.68,"PA"
"8/11/2024 12:50",444.8,27.72,"PA"
"8/11/2024 13:00",446.3,27.78,"PA"
"8/11/2024 13:10",447.1,27.84,"PA"
"8/11/2024 13:20",447.9,27.89,"PA"
"8/11/2024 13:30",446.7,27.91,"PA"
"8/11/2024 13:40",447.4,27.95,"PA"
"8/11/2024 13:50",447.8,27.97,"PA"
"8/11/2024 14:00",449.8,28.03,"PA"
"8/11/2024 14:10",451.3,28.11,"PA"
"8/11/2024 14:20",449.3,28.18,"PA"
"8/11/2024 14:30",448.5,28.22,"PA"
"8/11/2024 14:40",449.3,28.23,"PA"
"8/11/2024 14:50",451.3,28.23,"PA"
"8/11/2024 15:00",450.9,28.25,"PA"
"8/11/2024 15:10",449.3,28.22,"PA"
"8/11/2024 15:20",447.7,28.18,"PA"
"8/11/2024 15:30",442.6,28.18,"PA"
"8/11/2024 15:40",441.8,28.17,"PA"
"8/11/2024 15:50",443.4,28.15,"PA"
"8/11/2024 16:00",441.4,28.14,"PA"
"8/11/2024 16:10",441,28.14,"PA"
"8/11/2024 16:20",440.6,28.12,"PA"
"8/11/2024 16:30",440.7,28.08,"PA"
"8/11/2024 16:40",440.3,28.07,"PA"
"8/11/2024 16:50",439.1,28.04,"PA"
"8/11/2024 17:00",435.9,28.02,"PA"
"8/11/2024 17:10",435.2,27.99,"PA"
"8/11/2024 17:20",435.6,27.97,"PA"
"8/11/2024 17:30",437.2,27.93,"PA"
"8/11/2024 17:40",436,27.91,"PA"
"8/11/2024 17:50",437.2,27.88,"PA"
"8/11/2024 18:00",439.6,27.84,"PA"
"8/11/2024 18:10",442,27.81,"PA"
"8/11/2024 18:20",442,27.77,"PA"
"8/11/2024 18:30",444.8,27.74,"PA"
"8/11/2024 18:40",448,27.7,"PA"
"8/11/2024 18:50",450,27.66,"PA"
"8/11/2024 19:00",450.8,27.61,"PA"
"8/11/2024 19:10",452.8,27.59,"PA"
"8/11/2024 19:20",451.6,27.55,"PA"
"8/11/2024 19:30",452.4,27.52,"PA"
"8/11/2024 19:40",454.4,27.49,"PA"
"8/11/2024 19:50",459.6,27.45,"PA"
"8/11/2024 20:00",457.6,27.4,"PA"
"8/11/2024 20:10",452.9,27.36,"PA"
"8/11/2024 20:20",451.3,27.3,"PA"
"8/11/2024 20:30",454.5,27.25,"PA"
"8/11/2024 20:40",454.9,27.22,"PA"
"8/11/2024 20:50",455.3,27.19,"PA"
"8/11/2024 21:00",457.7,27.16,"PA"
"8/11/2024 21:10",460.1,27.13,"PA"
"8/11/2024 21:20",461.3,27.08,"PA"
"8/11/2024 21:30",460.5,27.06,"PA"
"8/11/2024 21:40",460.2,27.02,"PA"
"8/11/2024 21:50",459.4,27,"PA"
"8/11/2024 22:00",460.2,27,"PA"
"8/11/2024 22:10",459.8,26.98,"PA"
"8/11/2024 22:20",457.8,26.95,"PA"
"8/11/2024 22:30",458.6,26.95,"PA"
"8/11/2024 22:40",461.8,26.93,"PA"
"8/11/2024 22:50",463.8,26.93,"PA"
"8/11/2024 23:00",462.6,26.92,"PA"
"8/11/2024 23:10",461.8,26.91,"PA"
"8/11/2024 23:20",461.8,26.87,"PA"
"8/11/2024 23:30",452.7,26.86,"PA"
"8/11/2024 23:40",448.4,26.84,"PA"
"8/11/2024 23:50",441.3,26.8,"PA"
"8/12/2024 0:00",438.1,26.8,"PA"
"8/12/2024 0:10",436.5,26.79,"PA"
"8/12/2024 0:20",432.6,26.77,"PA"
"8/12/2024 0:30",426.6,26.76,"PA"
"8/12/2024 0:40",421.5,26.75,"PA"
"8/12/2024 0:50",419.5,26.75,"PA"
"8/12/2024 1:00",418.3,26.74,"PA"
"8/12/2024 1:10",419.1,26.74,"PA"
"8/12/2024 1:20",419.5,26.74,"PA"
"8/12/2024 1:30",419.9,26.74,"PA"
"8/12/2024 1:40",421.1,26.72,"PA"
"8/12/2024 1:50",421.1,26.72,"PA"
"8/12/2024 2:00",421.5,26.71,"PA"
"8/12/2024 2:10",421.5,26.71,"PA"
"8/12/2024 2:20",421.9,26.7,"PA"
"8/12/2024 2:30",422.7,26.69,"PA"
"8/12/2024 2:40",423.1,26.69,"PA"
"8/12/2024 2:50",423.9,26.68,"PA"
"8/12/2024 3:00",423.1,26.65,"PA"
"8/12/2024 3:10",421.9,26.65,"PA"
"8/12/2024 3:20",422.7,26.64,"PA"
"8/12/2024 3:30",423.9,26.64,"PA"
"8/12/2024 3:40",425.9,26.63,"PA"
"8/12/2024 3:50",423.9,26.63,"PA"
"8/12/2024 4:00",423.1,26.62,"PA"
"8/12/2024 4:10",426.7,26.62,"PA"
"8/12/2024 4:20",423.1,26.61,"PA"
"8/12/2024 4:30",422.7,26.61,"PA"
"8/12/2024 4:40",421.5,26.61,"PA"
"8/12/2024 4:50",422.3,26.61,"PA"
"8/12/2024 5:00",421.6,26.6,"PA"
"8/12/2024 5:10",421.2,26.6,"PA"
"8/12/2024 5:20",421.2,26.6,"PA"
"8/12/2024 5:30",421.6,26.59,"PA"
"8/12/2024 5:40",421.6,26.59,"PA"
"8/12/2024 5:50",422,26.59,"PA"
"8/12/2024 6:00",422.8,26.56,"PA"
"8/12/2024 6:10",423.5,26.56,"PA"
"8/12/2024 6:20",424.3,26.56,"PA"
"8/12/2024 6:30",424.3,26.55,"PA"
"8/12/2024 6:40",423.9,26.55,"PA"
"8/12/2024 6:50",425.1,26.55,"PA"
"8/12/2024 7:00",425.9,26.55,"PA"
"8/12/2024 7:10",426.7,26.55,"PA"
"8/12/2024 7:20",426.7,26.55,"PA"
"8/12/2024 7:30",425.5,26.56,"PA"
"8/12/2024 7:40",425.5,26.56,"PA"
"8/12/2024 7:50",425.9,26.57,"PA"
"8/12/2024 8:00",425.9,26.6,"PA"
"8/12/2024 8:10",426.7,26.61,"PA"
"8/12/2024 8:20",427.9,26.62,"PA"
"8/12/2024 8:30",429.4,26.64,"PA"
"8/12/2024 8:40",429.8,26.67,"PA"
"8/12/2024 8:50",430.6,26.7,"PA"
"8/12/2024 9:00",432.2,26.75,"PA"
"8/12/2024 9:10",433.3,26.78,"PA"
"8/12/2024 9:20",434.1,26.83,"PA"
"8/12/2024 9:30",434.5,26.87,"PA"
"8/12/2024 9:40",435.7,26.91,"PA"
"8/12/2024 9:50",436,26.94,"PA"
"8/12/2024 10:00",436.4,27.02,"PA"
"8/12/2024 10:10",437.6,27.07,"PA"
"8/12/2024 10:20",438.3,27.1,"PA"
"8/12/2024 10:30",440.3,27.16,"PA"
"8/12/2024 10:40",441.8,27.25,"PA"
"8/12/2024 10:50",445,27.31,"PA"
"8/12/2024 11:00",447.7,27.37,"PA"
"8/12/2024 11:10",448.5,27.44,"PA"
"8/12/2024 11:20",448,27.55,"PA"
"8/12/2024 11:30",448.4,27.65,"PA"
"8/12/2024 11:40",449.1,27.72,"PA"
"8/12/2024 11:50",451.9,27.8,"PA"
"8/12/2024 12:00",449.9,27.87,"PA"
"8/12/2024 12:10",450.2,27.99,"PA"
"8/12/2024 12:20",452.5,28.1,"PA"
"8/12/2024 12:30",454.1,28.19,"PA"
"8/12/2024 12:40",452.8,28.27,"PA"
"8/12/2024 12:50",452,28.36,"PA"
"8/12/2024 13:00",453.1,28.44,"PA"
"8/12/2024 13:10",453.9,28.52,"PA"
"8/12/2024 13:20",455,28.63,"PA"
"8/12/2024 13:30",458.5,28.72,"PA"
"8/12/2024 13:40",459.3,28.79,"PA"
"8/12/2024 13:50",463.2,28.85,"PA"
"8/12/2024 14:00",462,28.89,"PA"
"8/12/2024 14:10",461.2,28.94,"PA"
"8/12/2024 14:20",460.4,29,"PA"
"8/12/2024 14:30",459.2,29.04,"PA"
"8/12/2024 14:40",459.2,29.05,"PA"
"8/12/2024 14:50",460.7,29.1,"PA"
"8/12/2024 15:00",461.1,29.1,"PA"
"8/12/2024 15:10",459.5,29.1,"PA"
"8/12/2024 15:20",458.8,29.07,"PA"
"8/12/2024 15:30",459.2,29.08,"PA"
"8/12/2024 15:40",458.8,29.04,"PA"
"8/12/2024 15:50",459.2,29,"PA"
"8/12/2024 16:00",456.8,28.98,"PA"
"8/12/2024 16:10",456.9,28.94,"PA"
"8/12/2024 16:20",460,28.94,"PA"
"8/12/2024 16:30",458.8,28.9,"PA"
"8/12/2024 16:40",459.3,28.86,"PA"
"8/12/2024 16:50",460.1,28.82,"PA"
"8/12/2024 17:00",461.3,28.79,"PA"
"8/12/2024 17:10",461.7,28.74,"PA"
"8/12/2024 17:20",461.3,28.71,"PA"
"8/12/2024 17:30",462.1,28.67,"PA"
"8/12/2024 17:40",461.4,28.59,"PA"
"8/12/2024 17:50",458.2,28.57,"PA"
"8/12/2024 18:00",458.6,28.52,"PA"
"8/12/2024 18:10",460.6,28.47,"PA"
"8/12/2024 18:20",462.2,28.42,"PA"
"8/12/2024 18:30",463.9,28.35,"PA"
"8/12/2024 18:40",465.9,28.32,"PA"
"8/12/2024 18:50",466.3,28.28,"PA"
"8/12/2024 19:00",467.5,28.25,"PA"
"8/12/2024 19:10",469.5,28.21,"PA"
"8/12/2024 19:20",471.5,28.15,"PA"
"8/12/2024 19:30",473.1,28.11,"PA"
"8/12/2024 19:40",475.1,28.07,"PA"
"8/12/2024 19:50",474.7,28.03,"PA"
"8/12/2024 20:00",473.2,27.98,"PA"
"8/12/2024 20:10",472.4,27.93,"PA"
"8/12/2024 20:20",466.9,27.9,"PA"
"8/12/2024 20:30",467.3,27.87,"PA"
"8/12/2024 20:40",466.9,27.77,"PA"
"8/12/2024 20:50",464.2,27.69,"PA"
"8/12/2024 21:00",459.8,27.66,"PA"
"8/12/2024 21:10",462.2,27.65,"PA"
"8/12/2024 21:20",464.6,27.6,"PA"
"8/12/2024 21:30",466.6,27.58,"PA"
"8/12/2024 21:40",470.6,27.52,"PA"
"8/12/2024 21:50",471.4,27.49,"PA"
"8/12/2024 22:00",472.2,27.47,"PA"
"8/12/2024 22:10",473,27.44,"PA"
"8/12/2024 22:20",473.8,27.42,"PA"
"8/12/2024 22:30",475,27.38,"PA"
"8/12/2024 22:40",476.2,27.37,"PA"
"8/12/2024 22:50",476.2,27.34,"PA"
"8/12/2024 23:00",477,27.32,"PA"
"8/12/2024 23:10",477.5,27.3,"PA"
"8/12/2024 23:20",477.5,27.28,"PA"
"8/12/2024 23:30",480.2,27.28,"PA"
"8/12/2024 23:40",482.2,27.25,"PA"
"8/12/2024 23:50",484.6,27.24,"PA"
"8/13/2024 0:00",485.8,27.23,"PA"
"8/13/2024 0:10",486.6,27.22,"PA"
"8/13/2024 0:20",483.8,27.2,"PA"
"8/13/2024 0:30",484.3,27.19,"PA"
"8/13/2024 0:40",485,27.19,"PA"
"8/13/2024 0:50",485.8,27.16,"PA"
"8/13/2024 1:00",486.3,27.15,"PA"
"8/13/2024 1:10",484.7,27.13,"PA"
"8/13/2024 1:20",477.6,27.1,"PA"
"8/13/2024 1:30",474.4,27.08,"PA"
"8/13/2024 1:40",474.4,27.1,"PA"
"8/13/2024 1:50",476.4,27.09,"PA"
"8/13/2024 2:00",477.2,27.06,"PA"
"8/13/2024 2:10",468.9,27.01,"PA"
"8/13/2024 2:20",454.6,26.98,"PA"
"8/13/2024 2:30",446.7,26.95,"PA"
"8/13/2024 2:40",441.2,26.95,"PA"
"8/13/2024 2:50",439.6,26.95,"PA"
"8/13/2024 3:00",440.8,26.94,"PA"
"8/13/2024 3:10",439.6,26.92,"PA"
"8/13/2024 3:20",437.6,26.91,"PA"
"8/13/2024 3:30",435.7,26.9,"PA"
"8/13/2024 3:40",435.3,26.9,"PA"
"8/13/2024 3:50",435.3,26.86,"PA"
"8/13/2024 4:00",433.7,26.85,"PA"
"8/13/2024 4:10",434.1,26.85,"PA"
"8/13/2024 4:20",435.3,26.83,"PA"
"8/13/2024 4:30",434.1,26.8,"PA"
"8/13/2024 4:40",432.2,26.79,"PA"
"8/13/2024 4:50",431,26.79,"PA"
"8/13/2024 5:00",431.4,26.78,"PA"
"8/13/2024 5:10",431,26.76,"PA"
"8/13/2024 5:20",430.2,26.76,"PA"
"8/13/2024 5:30",429,26.74,"PA"
"8/13/2024 5:40",429.4,26.74,"PA"
"8/13/2024 5:50",429.8,26.72,"PA"
"8/13/2024 6:00",429,26.72,"PA"
"8/13/2024 6:10",428.6,26.72,"PA"
"8/13/2024 6:20",432.2,26.72,"PA"
"8/13/2024 6:30",433.4,26.7,"PA"
"8/13/2024 6:40",434.2,26.7,"PA"
"8/13/2024 6:50",433.8,26.7,"PA"
"8/13/2024 7:00",433,26.7,"PA"
"8/13/2024 7:10",432.6,26.7,"PA"
"8/13/2024 7:20",431.8,26.7,"PA"
"8/13/2024 7:30",431,26.7,"PA"
"8/13/2024 7:40",430.2,26.7,"PA"
"8/13/2024 7:50",429,26.71,"PA"
"8/13/2024 8:00",428.6,26.71,"PA"
"8/13/2024 8:10",428.6,26.72,"PA"
"8/13/2024 8:20",428.6,26.74,"PA"
"8/13/2024 8:30",425.4,26.74,"PA"
"8/13/2024 8:40",425,26.75,"PA"
"8/13/2024 8:50",424.6,26.76,"PA"
"8/13/2024 9:00",424.6,26.77,"PA"
"8/13/2024 9:10",424.6,26.8,"PA"
"8/13/2024 9:20",423.8,26.83,"PA"
"8/13/2024 9:30",423.4,26.85,"PA"
"8/13/2024 9:40",423.4,26.89,"PA"
"8/13/2024 9:50",425.4,26.93,"PA"
"8/13/2024 10:00",426.1,26.97,"PA"
"8/13/2024 10:10",427.7,27.04,"PA"
"8/13/2024 10:20",429.3,27.06,"PA"
"8/13/2024 10:30",431.2,27.08,"PA"
"8/13/2024 10:40",431.2,27.14,"PA"
"8/13/2024 10:50",432,27.16,"PA"
"8/13/2024 11:00",433.1,27.22,"PA"
"8/13/2024 11:10",435.9,27.27,"PA"
"8/13/2024 11:20",437.4,27.36,"PA"
"8/13/2024 11:30",438.2,27.39,"PA"
"8/13/2024 11:40",438.6,27.44,"PA"
"8/13/2024 11:50",438.9,27.51,"PA"
"8/13/2024 12:00",440.9,27.57,"PA"
"8/13/2024 12:10",442.1,27.62,"PA"
"8/13/2024 12:20",441.6,27.66,"PA"
"8/13/2024 12:30",442,27.76,"PA"
"8/13/2024 12:40",443.1,27.84,"PA"
"8/13/2024 12:50",443.5,27.93,"PA"
"8/13/2024 13:00",444.3,27.99,"PA"
"8/13/2024 13:10",444.6,28.07,"PA"
"8/13/2024 13:20",446.6,28.15,"PA"
"8/13/2024 13:30",446.5,28.19,"PA"
"8/13/2024 13:40",444.9,28.21,"PA"
"8/13/2024 13:50",445.7,28.25,"PA"
"8/13/2024 14:00",446.1,28.27,"PA"
"8/13/2024 14:10",446.9,28.28,"PA"
"8/13/2024 14:20",447.7,28.33,"PA"
"8/13/2024 14:30",448.5,28.32,"PA"
"8/13/2024 14:40",448.5,28.26,"PA"
"8/13/2024 14:50",448.9,28.25,"PA"
"8/13/2024 15:00",445.7,28.23,"PA"
"8/13/2024 15:10",444.9,28.25,"PA"
"8/13/2024 15:20",442.6,28.26,"PA"
"8/13/2024 15:30",441.8,28.26,"PA"
"8/13/2024 15:40",441.4,28.23,"PA"
"8/13/2024 15:50",441,28.2,"PA"
"8/13/2024 16:00",441.8,28.18,"PA"
"8/13/2024 16:10",442.6,28.15,"PA"
"8/13/2024 16:20",441.8,28.12,"PA"
"8/13/2024 16:30",442.6,28.1,"PA"
"8/13/2024 16:40",444.2,28.08,"PA"
"8/13/2024 16:50",445.8,28.04,"PA"
"8/13/2024 17:00",451.8,28,"PA"
"8/13/2024 17:10",453,27.99,"PA"
"8/13/2024 17:20",453.4,27.97,"PA"
"8/13/2024 17:30",456.1,27.95,"PA"
"8/13/2024 17:40",458.9,27.92,"PA"
"8/13/2024 17:50",460.9,27.89,"PA"
"8/13/2024 18:00",464.1,27.85,"PA"
"8/13/2024 18:10",466.5,27.81,"PA"
"8/13/2024 18:20",467.7,27.77,"PA"
"8/13/2024 18:30",468.5,27.73,"PA"
"8/13/2024 18:40",469.3,27.67,"PA"
"8/13/2024 18:50",471.7,27.65,"PA"
"8/13/2024 19:00",472.9,27.6,"PA"
"8/13/2024 19:10",473,27.55,"PA"
"8/13/2024 19:20",473,27.51,"PA"
"8/13/2024 19:30",470.6,27.47,"PA"
"8/13/2024 19:40",468.7,27.43,"PA"
"8/13/2024 19:50",468.3,27.39,"PA"
"8/13/2024 20:00",468.7,27.35,"PA"
"8/13/2024 20:10",469.5,27.32,"PA"
"8/13/2024 20:20",467.6,27.25,"PA"
"8/13/2024 20:30",464.8,27.23,"PA"
"8/13/2024 20:40",463.2,27.21,"PA"
"8/13/2024 20:50",464.4,27.19,"PA"
"8/13/2024 21:00",465.6,27.15,"PA"
"8/13/2024 21:10",466.5,27.12,"PA"
"8/13/2024 21:20",466.9,27.09,"PA"
"8/13/2024 21:30",467.3,27.08,"PA"
"8/13/2024 21:40",470,27.06,"PA"
"8/13/2024 21:50",472,27.05,"PA"
"8/13/2024 22:00",475.2,27.02,"PA"
"8/13/2024 22:10",477.6,27.01,"PA"
"8/13/2024 22:20",480.4,26.99,"PA"
"8/13/2024 22:30",482,26.97,"PA"
"8/13/2024 22:40",482.8,26.94,"PA"
"8/13/2024 22:50",482.8,26.94,"PA"
"8/13/2024 23:00",484.4,26.92,"PA"
"8/13/2024 23:10",488,26.91,"PA"
"8/13/2024 23:20",480.5,26.86,"PA"
"8/13/2024 23:30",474.9,26.84,"PA"
"8/13/2024 23:40",468.2,26.82,"PA"
"8/13/2024 23:50",469,26.8,"PA"
"8/14/2024 0:00",463.9,26.75,"PA"
"8/14/2024 0:10",455.9,26.74,"PA"
"8/14/2024 0:20",451.2,26.7,"PA"
"8/14/2024 0:30",446.1,26.68,"PA"
"8/14/2024 0:40",442.9,26.65,"PA"
"8/14/2024 0:50",438.6,26.64,"PA"
"8/14/2024 1:00",436.6,26.63,"PA"
"8/14/2024 1:10",435.8,26.62,"PA"
"8/14/2024 1:20",434.2,26.6,"PA"
"8/14/2024 1:30",433.4,26.57,"PA"
"8/14/2024 1:40",432.7,26.55,"PA"
"8/14/2024 1:50",431.9,26.44,"PA"
"8/14/2024 2:00",421.7,26.32,"PA"
"8/14/2024 2:10",409,26.27,"PA"
"8/14/2024 2:20",393.2,26.18,"PA"
"8/14/2024 2:30",381.4,26.1,"PA"
"8/14/2024 2:40",374.3,26.09,"PA"
"8/14/2024 2:50",389,26.04,"PA"
"8/14/2024 3:00",384.6,26.02,"PA"
"8/14/2024 3:10",378.7,26,"PA"
"8/14/2024 3:20",373.6,25.99,"PA"
"8/14/2024 3:30",372,26,"PA"
"8/14/2024 3:40",415.8,26.08,"PA"
"8/14/2024 3:50",467.7,26.19,"PA"
"8/14/2024 4:00",478.8,26.24,"PA"
"8/14/2024 4:10",478.4,26.23,"PA"
"8/14/2024 4:20",473.3,26.19,"PA"
"8/14/2024 4:30",465.3,26.18,"PA"
"8/14/2024 4:40",448.3,26.14,"PA"
"8/14/2024 4:50",436.1,26.04,"PA"
"8/14/2024 5:00",413.5,25.96,"PA"
"8/14/2024 5:10",396.5,25.86,"PA"
"8/14/2024 5:20",386.3,25.85,"PA"
"8/14/2024 5:30",387.4,25.92,"PA"
"8/14/2024 5:40",392.5,25.97,"PA"
"8/14/2024 5:50",391.7,25.97,"PA"
"8/14/2024 6:00",392.9,25.96,"PA"
"8/14/2024 6:10",393.3,25.96,"PA"
"8/14/2024 6:20",391.8,25.95,"PA"
"8/14/2024 6:30",388.6,25.96,"PA"
"8/14/2024 6:40",379.9,25.93,"PA"
"8/14/2024 6:50",378.7,25.93,"PA"
"8/14/2024 7:00",378.7,25.92,"PA"
"8/14/2024 7:10",381.1,25.92,"PA"
"8/14/2024 7:20",383.5,25.9,"PA"
"8/14/2024 7:30",383.9,25.89,"PA"
"8/14/2024 7:40",384.3,25.89,"PA"
"8/14/2024 7:50",383.1,25.87,"PA"
"8/14/2024 8:00",382.7,25.86,"PA"
"8/14/2024 8:10",382.7,25.86,"PA"
"8/14/2024 8:20",381.5,25.86,"PA"
"8/14/2024 8:30",382.7,25.84,"PA"
"8/14/2024 8:40",383.5,25.84,"PA"
"8/14/2024 8:50",383.9,25.82,"PA"
"8/14/2024 9:00",383.5,25.81,"PA"
"8/14/2024 9:10",383.9,25.81,"PA"
"8/14/2024 9:20",385.1,25.81,"PA"
"8/14/2024 9:30",386.3,25.81,"PA"
"8/14/2024 9:40",384.3,25.81,"PA"
"8/14/2024 9:50",384.3,25.8,"PA"
"8/14/2024 10:00",383.9,25.8,"PA"
"8/14/2024 10:10",383.9,25.8,"PA"
"8/14/2024 10:20",383.1,25.8,"PA"
"8/14/2024 10:30",381.5,25.8,"PA"
"8/14/2024 10:40",380.7,25.81,"PA"
"8/14/2024 10:50",379.2,25.81,"PA"
"8/14/2024 11:00",377.6,25.81,"PA"
"8/14/2024 11:10",374.8,25.82,"PA"
"8/14/2024 11:20",372.4,25.81,"PA"
"8/14/2024 11:30",369.3,25.82,"PA"
"8/14/2024 11:40",366.9,25.82,"PA"
"8/14/2024 11:50",363.7,25.82,"PA"
"8/14/2024 12:00",361.4,25.82,"PA"
"8/14/2024 12:10",357.8,25.84,"PA"
"8/14/2024 12:20",357,25.84,"PA"
"8/14/2024 12:30",353.8,25.85,"PA"
"8/14/2024 12:40",352.7,25.85,"PA"
"8/14/2024 12:50",352.7,25.85,"PA"
"8/14/2024 13:00",351.5,25.85,"PA"
"8/14/2024 13:10",347.5,25.86,"PA"
"8/14/2024 13:20",346.3,25.86,"PA"
"8/14/2024 13:30",344,25.86,"PA"
"8/14/2024 13:40",342.8,25.86,"PA"
"8/14/2024 13:50",340,25.86,"PA"
"8/14/2024 14:00",337.6,25.87,"PA"
"8/14/2024 14:10",335.7,25.87,"PA"
"8/14/2024 14:20",336.5,25.87,"PA"
"8/14/2024 14:30",333.3,25.88,"PA"
"8/14/2024 14:40",331.3,25.88,"PA"
"8/14/2024 14:50",329.7,25.88,"PA"
"8/14/2024 15:00",328.6,25.88,"PA"
"8/14/2024 15:10",328.2,25.88,"PA"
"8/14/2024 15:20",327.4,25.89,"PA"
"8/14/2024 15:30",328.9,25.9,"PA"
"8/14/2024 15:40",328.9,25.9,"PA"
"8/14/2024 15:50",328.2,25.9,"PA"
"8/14/2024 16:00",327.8,25.92,"PA"
"8/14/2024 16:10",327.8,25.92,"PA"
"8/14/2024 16:20",324.2,25.92,"PA"
"8/14/2024 16:30",322.2,25.92,"PA"
"8/14/2024 16:40",321.8,25.93,"PA"
"8/14/2024 16:50",320.6,25.93,"PA"
"8/14/2024 17:00",319.9,25.93,"PA"
"8/14/2024 17:10",319.1,25.93,"PA"
"8/14/2024 17:20",317.5,25.94,"PA"
"8/14/2024 17:30",315.5,25.95,"PA"
"8/14/2024 17:40",316.7,25.94,"PA"
"8/14/2024 17:50",316.7,25.95,"PA"
"8/14/2024 18:00",315.9,25.94,"PA"
"8/14/2024 18:10",315.9,25.95,"PA"
"8/14/2024 18:20",315.1,25.95,"PA"
"8/14/2024 18:30",312.7,25.95,"PA"
"8/14/2024 18:40",310.4,25.96,"PA"
"8/14/2024 18:50",309.6,25.95,"PA"
"8/14/2024 19:00",309.6,25.96,"PA"
"8/14/2024 19:10",305.3,25.96,"PA"
"8/14/2024 19:20",303.7,25.96,"PA"
"8/14/2024 19:30",303.7,25.96,"PA"
"8/14/2024 19:40",303.7,25.96,"PA"
"8/14/2024 19:50",303.7,25.96,"PA"
"8/14/2024 20:00",303.3,25.96,"PA"
"8/14/2024 20:10",303.7,25.96,"PA"
"8/14/2024 20:20",305.2,25.97,"PA"
"8/14/2024 20:30",302.1,25.97,"PA"
"8/14/2024 20:40",300.5,25.97,"PA"
"8/14/2024 20:50",301.7,25.97,"PA"
"8/14/2024 21:00",302.1,25.99,"PA"
"8/14/2024 21:10",295.8,25.99,"PA"
"8/14/2024 21:20",294.6,26,"PA"
"8/14/2024 21:30",293,26,"PA"
"8/14/2024 21:40",290.6,26,"PA"
"8/14/2024 21:50",290.3,26.01,"PA"
"8/14/2024 22:00",280.4,26.01,"PA"
"8/14/2024 22:10",282,26.01,"PA"
"8/14/2024 22:20",281.2,26,"PA"
"8/14/2024 22:30",284.3,26.01,"PA"
"8/14/2024 22:40",281.6,26.02,"PA"
"8/14/2024 22:50",277.2,26.01,"PA"
"8/14/2024 23:00",272.9,26.02,"PA"
"8/14/2024 23:10",274.9,26.03,"PA"
"8/14/2024 23:20",271.3,26.02,"PA"
"8/14/2024 23:30",266.6,26.03,"PA"
"8/14/2024 23:40",261.1,26.03,"PA"
"8/14/2024 23:50",262.7,26.04,"PA"
"8/15/2024 0:00",255.2,26.04,"PA"
"8/15/2024 0:10",260.3,26.04,"PA"
"8/15/2024 0:20",256.4,26.05,"PA"
"8/15/2024 0:30",253.2,26.05,"PA"
"8/15/2024 0:40",249.7,26.05,"PA"
"8/15/2024 0:50",247.7,26.05,"PA"
"8/15/2024 1:00",249.3,26.05,"PA"
"8/15/2024 1:10",245.7,26.07,"PA"
"8/15/2024 1:20",243.4,26.07,"PA"
"8/15/2024 1:30",243,26.07,"PA"
"8/15/2024 1:40",243.8,26.07,"PA"
"8/15/2024 1:50",243,26.08,"PA"
"8/15/2024 2:00",241.8,26.08,"PA"
"8/15/2024 2:10",240.6,26.08,"PA"
"8/15/2024 2:20",239.8,26.08,"PA"
"8/15/2024 2:30",241.8,26.08,"PA"
"8/15/2024 2:40",239,26.07,"PA"
"8/15/2024 2:50",239,26.07,"PA"
"8/15/2024 3:00",240.6,26.08,"PA"
"8/15/2024 3:10",240.6,26.08,"PA"
"8/15/2024 3:20",241.4,26.07,"PA"
"8/15/2024 3:30",239.8,26.07,"PA"
"8/15/2024 3:40",237.9,26.07,"PA"
"8/15/2024 3:50",237.9,26.07,"PA"
"8/15/2024 4:00",236.7,26.07,"PA"
"8/15/2024 4:10",237.5,26.07,"PA"
"8/15/2024 4:20",236.3,26.07,"PA"
"8/15/2024 4:30",235.5,26.05,"PA"
"8/15/2024 4:40",235.5,26.05,"PA"
"8/15/2024 4:50",233.9,26.05,"PA"
"8/15/2024 5:00",234.3,26.05,"PA"
"8/15/2024 5:10",234.7,26.05,"PA"
"8/15/2024 5:20",233.9,26.05,"PA"
"8/15/2024 5:30",233.9,26.05,"PA"
"8/15/2024 5:40",234.7,26.05,"PA"
"8/15/2024 5:50",234.7,26.05,"PA"
"8/15/2024 6:00",235.1,26.05,"PA"
"8/15/2024 6:10",235.1,26.05,"PA"
"8/15/2024 6:20",236.3,26.05,"PA"
"8/15/2024 6:30",235.5,26.04,"PA"
"8/15/2024 6:40",233.1,26.04,"PA"
"8/15/2024 6:50",233.1,26.04,"PA"
"8/15/2024 7:00",233.9,26.04,"PA"
"8/15/2024 7:10",231.6,26.04,"PA"
"8/15/2024 7:20",232.7,26.04,"PA"
"8/15/2024 7:30",232.3,26.04,"PA"
"8/15/2024 7:40",232,26.04,"PA"
"8/15/2024 7:50",231.6,26.04,"PA"
"8/15/2024 8:00",230.4,26.04,"PA"
"8/15/2024 8:10",230,26.04,"PA"
"8/15/2024 8:20",229.2,26.05,"PA"
"8/15/2024 8:30",230,26.05,"PA"
"8/15/2024 8:40",230.8,26.07,"PA"
"8/15/2024 8:50",231.9,26.08,"PA"
"8/15/2024 9:00",231.9,26.08,"PA"
"8/15/2024 9:10",230.8,26.09,"PA"
"8/15/2024 9:20",230.8,26.1,"PA"
"8/15/2024 9:30",230.8,26.1,"PA"
"8/15/2024 9:40",231.5,26.11,"PA"
"8/15/2024 9:50",233.1,26.12,"PA"
"8/15/2024 10:00",232.7,26.14,"PA"
"8/15/2024 10:10",231.5,26.15,"PA"
"8/15/2024 10:20",231.9,26.15,"PA"
"8/15/2024 10:30",230.4,26.15,"PA"
"8/15/2024 10:40",230.3,26.18,"PA"
"8/15/2024 10:50",230.7,26.18,"PA"
"8/15/2024 11:00",230.7,26.19,"PA"
"8/15/2024 11:10",230.7,26.2,"PA"
"8/15/2024 11:20",230.7,26.2,"PA"
"8/15/2024 11:30",231.5,26.24,"PA"
"8/15/2024 11:40",232.3,26.25,"PA"
"8/15/2024 11:50",231.9,26.26,"PA"
"8/15/2024 12:00",231.9,26.27,"PA"
"8/15/2024 12:10",231.5,26.3,"PA"
"8/15/2024 12:20",230.7,26.31,"PA"
"8/15/2024 12:30",233.1,26.33,"PA"
"8/15/2024 12:40",237.4,26.34,"PA"
"8/15/2024 12:50",237.8,26.38,"PA"
"8/15/2024 13:00",237.4,26.39,"PA"
"8/15/2024 13:10",240.9,26.4,"PA"
"8/15/2024 13:20",242.5,26.4,"PA"
"8/15/2024 13:30",242.5,26.42,"PA"
"8/15/2024 13:40",242.5,26.45,"PA"
"8/15/2024 13:50",240.5,26.45,"PA"
"8/15/2024 14:00",240.1,26.48,"PA"
"8/15/2024 14:10",239.7,26.47,"PA"
"8/15/2024 14:20",238.9,26.48,"PA"
"8/15/2024 14:30",239.7,26.5,"PA"
"8/15/2024 14:40",238.5,26.52,"PA"
"8/15/2024 14:50",237.3,26.52,"PA"
"8/15/2024 15:00",238.1,26.53,"PA"
"8/15/2024 15:10",235.8,26.56,"PA"
"8/15/2024 15:20",233,26.56,"PA"
"8/15/2024 15:30",231.8,26.57,"PA"
"8/15/2024 15:40",230.6,26.6,"PA"
"8/15/2024 15:50",229.1,26.59,"PA"
"8/15/2024 16:00",228.7,26.61,"PA"
"8/15/2024 16:10",228.3,26.63,"PA"
"8/15/2024 16:20",228.3,26.6,"PA"
"8/15/2024 16:30",229.5,26.61,"PA"
"8/15/2024 16:40",233,26.62,"PA"
"8/15/2024 16:50",240.5,26.67,"PA"
"8/15/2024 17:00",246,26.68,"PA"
"8/15/2024 17:10",247.5,26.69,"PA"
"8/15/2024 17:20",247.1,26.7,"PA"
"8/15/2024 17:30",247.1,26.72,"PA"
"8/15/2024 17:40",247.5,26.77,"PA"
"8/15/2024 17:50",247.9,26.78,"PA"
"8/15/2024 18:00",249.5,26.8,"PA"
"8/15/2024 18:10",247.5,26.83,"PA"
"8/15/2024 18:20",249.8,26.84,"PA"
"8/15/2024 18:30",248.3,26.87,"PA"
"8/15/2024 18:40",245.1,26.89,"PA"
"8/15/2024 18:50",243.9,26.89,"PA"
"8/15/2024 19:00",245.5,26.89,"PA"
"8/15/2024 19:10",240,26.9,"PA"
"8/15/2024 19:20",233.3,26.89,"PA"
"8/15/2024 19:30",230.6,26.89,"PA"
"8/15/2024 19:40",228.2,26.9,"PA"
"8/15/2024 19:50",226.6,26.9,"PA"
"8/15/2024 20:00",226.6,26.89,"PA"
"8/15/2024 20:10",225.9,26.89,"PA"
"8/15/2024 20:20",223.9,26.87,"PA"
"8/15/2024 20:30",220.4,26.87,"PA"
"8/15/2024 20:40",218.8,26.87,"PA"
"8/15/2024 20:50",218,26.86,"PA"
"8/15/2024 21:00",218,26.86,"PA"
"8/15/2024 21:10",217.2,26.86,"PA"
"8/15/2024 21:20",216.8,26.86,"PA"
"8/15/2024 21:30",217.6,26.85,"PA"
"8/15/2024 21:40",218,26.85,"PA"
"8/15/2024 21:50",221.5,26.9,"PA"
"8/15/2024 22:00",218.8,26.85,"PA"
"8/15/2024 22:10",218.8,26.85,"PA"
"8/15/2024 22:20",218.8,26.84,"PA"
"8/15/2024 22:30",217.2,26.83,"PA"
"8/15/2024 22:40",216.8,26.83,"PA"
"8/15/2024 22:50",216.8,26.83,"PA"
"8/15/2024 23:00",218,26.83,"PA"
"8/15/2024 23:10",218.8,26.82,"PA"
"8/15/2024 23:20",218.4,26.82,"PA"
"8/15/2024 23:30",218,26.8,"PA"
"8/15/2024 23:40",219.6,26.82,"PA"
"8/15/2024 23:50",221.2,26.79,"PA"
"8/16/2024 0:00",218,26.78,"PA"
"8/16/2024 0:10",219.2,26.8,"PA"
"8/16/2024 0:20",217.2,26.78,"PA"
"8/16/2024 0:30",216.4,26.77,"PA"
"8/16/2024 0:40",216.1,26.77,"PA"
"8/16/2024 0:50",217.6,26.77,"PA"
"8/16/2024 1:00",218,26.76,"PA"
"8/16/2024 1:10",220.8,26.77,"PA"
"8/16/2024 1:20",221.2,26.75,"PA"
"8/16/2024 1:30",218.4,26.75,"PA"
"8/16/2024 1:40",221.2,26.75,"PA"
"8/16/2024 1:50",220.4,26.72,"PA"
"8/16/2024 2:00",218.8,26.72,"PA"
"8/16/2024 2:10",220,26.72,"PA"
"8/16/2024 2:20",220.8,26.72,"PA"
"8/16/2024 2:30",221.2,26.71,"PA"
"8/16/2024 2:40",222.4,26.7,"PA"
"8/16/2024 2:50",221.2,26.7,"PA"
"8/16/2024 3:00",222.7,26.7,"PA"
"8/16/2024 3:10",223.5,26.69,"PA"
"8/16/2024 3:20",222.8,26.67,"PA"
"8/16/2024 3:30",222.4,26.65,"PA"
"8/16/2024 3:40",223.2,26.65,"PA"
"8/16/2024 3:50",223.9,26.65,"PA"
"8/16/2024 4:00",227.9,26.65,"PA"
"8/16/2024 4:10",228.3,26.64,"PA"
"8/16/2024 4:20",227.1,26.63,"PA"
"8/16/2024 4:30",226.3,26.63,"PA"
"8/16/2024 4:40",229.8,26.62,"PA"
"8/16/2024 4:50",230.6,26.63,"PA"
"8/16/2024 5:00",231.8,26.61,"PA"
"8/16/2024 5:10",229.5,26.6,"PA"
"8/16/2024 5:20",229.9,26.6,"PA"
"8/16/2024 5:30",229.5,26.59,"PA"
"8/16/2024 5:40",231.8,26.59,"PA"
"8/16/2024 5:50",233,26.57,"PA"
"8/16/2024 6:00",234.2,26.57,"PA"
"8/16/2024 6:10",233.8,26.55,"PA"
"8/16/2024 6:20",233,26.55,"PA"
"8/16/2024 6:30",233.8,26.53,"PA"
"8/16/2024 6:40",237.7,26.55,"PA"
"8/16/2024 6:50",241.3,26.53,"PA"
"8/16/2024 7:00",238.5,26.53,"PA"
"8/16/2024 7:10",239.7,26.54,"PA"
"8/16/2024 7:20",242.8,26.55,"PA"
"8/16/2024 7:30",246.4,26.55,"PA"
"8/16/2024 7:40",251.1,26.57,"PA"
"8/16/2024 7:50",264.1,26.59,"PA"
"8/16/2024 8:00",267.6,26.6,"PA"
"8/16/2024 8:10",268.8,26.61,"PA"
"8/16/2024 8:20",266.8,26.6,"PA"
"8/16/2024 8:30",264.1,26.62,"PA"
"8/16/2024 8:40",264.1,26.62,"PA"
"8/16/2024 8:50",264.1,26.62,"PA"
"8/16/2024 9:00",262.9,26.65,"PA"
"8/16/2024 9:10",264.1,26.65,"PA"
"8/16/2024 9:20",262.5,26.68,"PA"
"8/16/2024 9:30",263.3,26.68,"PA"
"8/16/2024 9:40",262.5,26.71,"PA"
"8/16/2024 9:50",262.1,26.72,"PA"
"8/16/2024 10:00",260.5,26.72,"PA"
"8/16/2024 10:10",259.3,26.76,"PA"
"8/16/2024 10:20",259.7,26.79,"PA"
"8/16/2024 10:30",259.7,26.8,"PA"
"8/16/2024 10:40",266.8,26.89,"PA"
"8/16/2024 10:50",263.2,26.87,"PA"
"8/16/2024 11:00",262,26.9,"PA"
"8/16/2024 11:10",258.9,26.92,"PA"
"8/16/2024 11:20",259.7,26.93,"PA"
"8/16/2024 11:30",260.8,26.99,"PA"
"8/16/2024 11:40",264,27.01,"PA"
"8/16/2024 11:50",263.6,27.05,"PA"
"8/16/2024 12:00",263.9,27.08,"PA"
"8/16/2024 12:10",266.3,27.13,"PA"
"8/16/2024 12:20",267.1,27.16,"PA"
"8/16/2024 12:30",266.3,27.17,"PA"
"8/16/2024 12:40",266.3,27.22,"PA"
"8/16/2024 12:50",266.7,27.25,"PA"
"8/16/2024 13:00",268.6,27.28,"PA"
"8/16/2024 13:10",268.6,27.31,"PA"
"8/16/2024 13:20",269,27.32,"PA"
"8/16/2024 13:30",269,27.36,"PA"
"8/16/2024 13:40",271.7,27.38,"PA"
"8/16/2024 13:50",272.5,27.43,"PA"
"8/16/2024 14:00",271.7,27.42,"PA"
"8/16/2024 14:10",273.3,27.49,"PA"
"8/16/2024 14:20",273.7,27.46,"PA"
"8/16/2024 14:30",270.5,27.51,"PA"
"8/16/2024 14:40",270.1,27.54,"PA"
"8/16/2024 14:50",270.5,27.55,"PA"
"8/16/2024 15:00",268.9,27.54,"PA"
"8/16/2024 15:10",268.5,27.55,"PA"
"8/16/2024 15:20",267,27.58,"PA"
"8/16/2024 15:30",267.3,27.59,"PA"
"8/16/2024 15:40",268.5,27.59,"PA"
"8/16/2024 15:50",266.6,27.6,"PA"
"8/16/2024 16:00",266.2,27.61,"PA"
"8/16/2024 16:10",268.1,27.62,"PA"
"8/16/2024 16:20",267.7,27.65,"PA"
"8/16/2024 16:30",266.5,27.64,"PA"
"8/16/2024 16:40",265.4,27.65,"PA"
"8/16/2024 16:50",266.1,27.66,"PA"
"8/16/2024 17:00",266.1,27.66,"PA"
"8/16/2024 17:10",265.4,27.67,"PA"
"8/16/2024 17:20",263.8,27.67,"PA"
"8/16/2024 17:30",262.6,27.68,"PA"
"8/16/2024 17:40",264.9,27.72,"PA"
"8/16/2024 17:50",263.4,27.7,"PA"
"8/16/2024 18:00",262.2,27.7,"PA"
"8/16/2024 18:10",262.2,27.7,"PA"
"8/16/2024 18:20",263.8,27.69,"PA"
"8/16/2024 18:30",264.6,27.7,"PA"
"8/16/2024 18:40",265.3,27.72,"PA"
"8/16/2024 18:50",265,27.69,"PA"
"8/16/2024 19:00",263.8,27.68,"PA"
"8/16/2024 19:10",265.4,27.67,"PA"
"8/16/2024 19:20",263.8,27.66,"PA"
"8/16/2024 19:30",264.2,27.64,"PA"
"8/16/2024 19:40",266.9,27.64,"PA"
"8/16/2024 19:50",266.6,27.61,"PA"
"8/16/2024 20:00",267.3,27.61,"PA"
"8/16/2024 20:10",269.7,27.59,"PA"
"8/16/2024 20:20",270.5,27.57,"PA"
"8/16/2024 20:30",272.5,27.55,"PA"
"8/16/2024 20:40",274,27.54,"PA"
"8/16/2024 20:50",278.8,27.54,"PA"
"8/16/2024 21:00",278.8,27.53,"PA"
"8/16/2024 21:10",278,27.52,"PA"
"8/16/2024 21:20",278.8,27.52,"PA"
"8/16/2024 21:30",279.2,27.49,"PA"
"8/16/2024 21:40",278.8,27.49,"PA"
"8/16/2024 21:50",278,27.46,"PA"
"8/16/2024 22:00",276.4,27.45,"PA"
"8/16/2024 22:10",276.8,27.44,"PA"
"8/16/2024 22:20",275.3,27.43,"PA"
"8/16/2024 22:30",281.5,27.44,"PA"
"8/16/2024 22:40",278.8,27.4,"PA"
"8/16/2024 22:50",277.6,27.39,"PA"
"8/16/2024 23:00",279.6,27.39,"PA"
"8/16/2024 23:10",278.8,27.38,"PA"
"8/16/2024 23:20",279.6,27.37,"PA"
"8/16/2024 23:30",281.2,27.37,"PA"
"8/16/2024 23:40",279.2,27.39,"PA"
"8/16/2024 23:50",300.5,27.38,"PA"
"8/17/2024 0:00",300.1,27.37,"PA"
"8/17/2024 0:10",291.4,27.35,"PA"
"8/17/2024 0:20",292.2,27.34,"PA"
"8/17/2024 0:30",300.9,27.32,"PA"
"8/17/2024 0:40",299.7,27.32,"PA"
"8/17/2024 0:50",300.9,27.31,"PA"
"8/17/2024 1:00",306.8,27.31,"PA"
"8/17/2024 1:10",306.4,27.29,"PA"
"8/17/2024 1:20",308,27.27,"PA"
"8/17/2024 1:30",302.9,27.25,"PA"
"8/17/2024 1:40",301.3,27.22,"PA"
"8/17/2024 1:50",294.6,27.22,"PA"
"8/17/2024 2:00",297,27.21,"PA"
"8/17/2024 2:10",300.9,27.19,"PA"
"8/17/2024 2:20",302.5,27.17,"PA"
"8/17/2024 2:30",301.3,27.16,"PA"
"8/17/2024 2:40",297.4,27.14,"PA"
"8/17/2024 2:50",300.5,27.13,"PA"
"8/17/2024 3:00",305.3,27.13,"PA"
"8/17/2024 3:10",301.7,27.1,"PA"
"8/17/2024 3:20",305.3,27.1,"PA"
"8/17/2024 3:30",302.1,27.08,"PA"
"8/17/2024 3:40",306.5,27.07,"PA"
"8/17/2024 3:50",306.5,27.05,"PA"
"8/17/2024 4:00",302.2,27.02,"PA"
"8/17/2024 4:10",304.9,27.02,"PA"
"8/17/2024 4:20",302.9,27,"PA"
"8/17/2024 4:30",296.3,26.97,"PA"
"8/17/2024 4:40",290.7,26.95,"PA"
"8/17/2024 4:50",297.4,26.95,"PA"
"8/17/2024 5:00",303.8,26.94,"PA"
"8/17/2024 5:10",297.8,26.93,"PA"
"8/17/2024 5:20",301.8,26.92,"PA"
"8/17/2024 5:30",298.3,26.9,"PA"
"8/17/2024 5:40",297.5,26.89,"PA"
"8/17/2024 5:50",298.7,26.87,"PA"
"8/17/2024 6:00",300.2,26.86,"PA"
"8/17/2024 6:10",301.4,26.85,"PA"
"8/17/2024 6:20",301.8,26.85,"PA"
"8/17/2024 6:30",307.3,26.85,"PA"
"8/17/2024 6:40",308.1,26.84,"PA"
"8/17/2024 6:50",308.5,26.82,"PA"
"8/17/2024 7:00",307.3,26.8,"PA"
"8/17/2024 7:10",307.7,26.8,"PA"
"8/17/2024 7:20",309.3,26.79,"PA"
"8/17/2024 7:30",311.7,26.8,"PA"
"8/17/2024 7:40",312.9,26.8,"PA"
"8/17/2024 7:50",314.4,26.8,"PA"
"8/17/2024 8:00",310.5,26.79,"PA"
"8/17/2024 8:10",310.1,26.8,"PA"
"8/17/2024 8:20",307.7,26.79,"PA"
"8/17/2024 8:30",310.1,26.82,"PA"
"8/17/2024 8:40",306.6,26.82,"PA"
"8/17/2024 8:50",303,26.82,"PA"
"8/17/2024 9:00",299.1,26.83,"PA"
"8/17/2024 9:10",297.9,26.83,"PA"
"8/17/2024 9:20",297.9,26.84,"PA"
"8/17/2024 9:30",299.8,26.86,"PA"
"8/17/2024 9:40",303,26.89,"PA"
"8/17/2024 9:50",304.9,26.94,"PA"
"8/17/2024 10:00",306.9,26.97,"PA"
"8/17/2024 10:10",303,26.97,"PA"
"8/17/2024 10:20",302.9,27.01,"PA"
"8/17/2024 10:30",301.4,27.05,"PA"
"8/17/2024 10:40",297.4,27.07,"PA"
"8/17/2024 10:50",298.2,27.1,"PA"
"8/17/2024 11:00",301.7,27.12,"PA"
"8/17/2024 11:10",302.9,27.14,"PA"
"8/17/2024 11:20",307.2,27.17,"PA"
"8/17/2024 11:30",307.6,27.23,"PA"
"8/17/2024 11:40",309.9,27.29,"PA"
"8/17/2024 11:50",308,27.31,"PA"
"8/17/2024 12:00",308.3,27.36,"PA"
"8/17/2024 12:10",311.1,27.42,"PA"
"8/17/2024 12:20",315,27.45,"PA"
"8/17/2024 12:30",317,27.45,"PA"
"8/17/2024 12:40",318.9,27.49,"PA"
"8/17/2024 12:50",320.1,27.49,"PA"
"8/17/2024 13:00",320.1,27.49,"PA"
"8/17/2024 13:10",319.3,27.5,"PA"
"8/17/2024 13:20",317,27.49,"PA"
"8/17/2024 13:30",313.8,27.45,"PA"
"8/17/2024 13:40",310.3,27.44,"PA"
"8/17/2024 13:50",310.7,27.44,"PA"
"8/17/2024 14:00",309.9,27.43,"PA"
"8/17/2024 14:10",307.5,27.43,"PA"
"8/17/2024 14:20",308.3,27.45,"PA"
"1/13/2025 16:20",562.9,24.25,"PA"
"1/13/2025 16:30",562.1,24.11,"PA"
"1/13/2025 16:40",562.6,24.09,"PA"
"1/13/2025 16:50",562.6,24.04,"PA"
"1/13/2025 17:00",562.6,23.99,"PA"
"1/13/2025 17:10",561.9,23.91,"PA"
"1/13/2025 17:20",561.5,23.87,"PA"
"1/13/2025 17:30",561.1,23.82,"PA"
"1/13/2025 17:40",560.8,23.77,"PA"
"1/13/2025 17:50",560,23.69,"PA"
"1/13/2025 18:00",559.2,23.66,"PA"
"1/13/2025 18:10",558.5,23.61,"PA"
"1/13/2025 18:20",557.7,23.57,"PA"
"1/13/2025 18:30",557.3,23.52,"PA"
"1/13/2025 18:40",556.6,23.46,"PA"
"1/13/2025 18:50",555.8,23.4,"PA"
"1/13/2025 19:00",555,23.37,"PA"
"1/13/2025 19:10",554.3,23.31,"PA"
"1/13/2025 19:20",553.9,23.28,"PA"
"1/13/2025 19:30",553.5,23.24,"PA"
"1/13/2025 19:40",552.7,23.2,"PA"
"1/13/2025 19:50",552,23.13,"PA"
"1/13/2025 20:00",552,23.15,"PA"
"1/13/2025 20:10",552,23.11,"PA"
"1/13/2025 20:20",551.6,23.08,"PA"
"1/13/2025 20:30",551.2,23.05,"PA"
"1/13/2025 20:40",550.8,23.02,"PA"
"1/13/2025 20:50",550.5,22.99,"PA"
"1/13/2025 21:00",550.1,22.95,"PA"
"1/13/2025 21:10",550.1,22.93,"PA"
"1/13/2025 21:20",550.1,22.9,"PA"
"1/13/2025 21:30",549.7,22.87,"PA"
"1/13/2025 21:40",549.7,22.84,"PA"
"1/13/2025 21:50",549,22.81,"PA"
"1/13/2025 22:00",548.6,22.76,"PA"
"1/13/2025 22:10",548.2,22.73,"PA"
"1/13/2025 22:20",548.2,22.71,"PA"
"1/13/2025 22:30",547.8,22.69,"PA"
"1/13/2025 22:40",547.5,22.66,"PA"
"1/13/2025 22:50",547.1,22.62,"PA"
"1/13/2025 23:00",546.7,22.59,"PA"
"1/13/2025 23:10",546.7,22.56,"PA"
"1/13/2025 23:20",546.3,22.54,"PA"
"1/13/2025 23:30",545.6,22.51,"PA"
"1/13/2025 23:40",545.6,22.49,"PA"
"1/13/2025 23:50",545.2,22.46,"PA"
"1/14/2025 0:00",545.2,22.44,"PA"
"1/14/2025 0:10",544.4,22.42,"PA"
"1/14/2025 0:20",544.4,22.38,"PA"
"1/14/2025 0:30",544.4,22.37,"PA"
"1/14/2025 0:40",544,22.35,"PA"
"1/14/2025 0:50",543.7,22.33,"PA"
"1/14/2025 1:00",543.7,22.31,"PA"
"1/14/2025 1:10",543.7,22.29,"PA"
"1/14/2025 1:20",543.3,22.26,"PA"
"1/14/2025 1:30",543.3,22.25,"PA"
"1/14/2025 1:40",542.9,22.21,"PA"
"1/14/2025 1:50",542.9,22.19,"PA"
"1/14/2025 2:00",542.2,22.17,"PA"
"1/14/2025 2:10",542.2,22.16,"PA"
"1/14/2025 2:20",542.2,22.14,"PA"
"1/14/2025 2:30",541.4,22.12,"PA"
"1/14/2025 2:40",541.4,22.08,"PA"
"1/14/2025 2:50",540.6,22.05,"PA"
"1/14/2025 3:00",540.6,22.03,"PA"
"1/14/2025 3:10",540.2,22.03,"PA"
"1/14/2025 3:20",540.6,22.02,"PA"
"1/14/2025 3:30",540.3,22.01,"PA"
"1/14/2025 3:40",540.3,21.99,"PA"
"1/14/2025 3:50",540.3,21.97,"PA"
"1/14/2025 4:00",539.9,21.94,"PA"
"1/14/2025 4:10",539.9,21.94,"PA"
"1/14/2025 4:20",539.5,21.92,"PA"
"1/14/2025 4:30",539.5,21.9,"PA"
"1/14/2025 4:40",539.5,21.89,"PA"
"1/14/2025 4:50",539.1,21.86,"PA"
"1/14/2025 5:00",539.1,21.86,"PA"
"1/14/2025 5:10",538.8,21.84,"PA"
"1/14/2025 5:20",538.4,21.83,"PA"
"1/14/2025 5:30",538.4,21.82,"PA"
"1/14/2025 5:40",538.4,21.8,"PA"
"1/14/2025 5:50",538,21.79,"PA"
"1/14/2025 6:00",538,21.77,"PA"
"1/14/2025 6:10",538,21.76,"PA"
"1/14/2025 6:20",537.6,21.75,"PA"
"1/14/2025 6:30",537.6,21.74,"PA"
"1/14/2025 6:40",537.2,21.73,"PA"
"1/14/2025 6:50",537.2,21.72,"PA"
"1/14/2025 7:00",537.2,21.7,"PA"
"1/14/2025 7:10",537.2,21.7,"PA"
"1/14/2025 7:20",537.2,21.68,"PA"
"1/14/2025 7:30",536.9,21.67,"PA"
"1/14/2025 7:40",537.2,21.68,"PA"
"1/14/2025 7:50",536.8,21.68,"PA"
"1/14/2025 8:00",537.2,21.71,"PA"
"1/14/2025 8:10",537.2,21.72,"PA"
"1/14/2025 8:20",537.2,21.74,"PA"
"1/14/2025 8:30",538,21.75,"PA"
"1/14/2025 8:40",537.6,21.76,"PA"
"1/14/2025 8:50",538,21.79,"PA"
"1/14/2025 9:00",538.4,21.8,"PA"
"1/14/2025 9:10",538.8,21.82,"PA"
"1/14/2025 9:20",539.5,21.86,"PA"
"1/14/2025 9:30",539.9,21.89,"PA"
"1/14/2025 9:40",540.7,21.91,"PA"
"1/14/2025 9:50",541.1,21.97,"PA"
"1/14/2025 10:00",541.9,22,"PA"
"1/14/2025 10:10",542.6,22.07,"PA"
"1/14/2025 10:20",543.4,22.17,"PA"
"1/14/2025 10:30",543.7,22.26,"PA"
"1/14/2025 10:40",544.1,22.33,"PA"
"1/14/2025 10:50",544.4,22.38,"PA"
"1/14/2025 11:00",544.8,22.46,"PA"
"1/14/2025 11:10",546.3,22.54,"PA"
"1/14/2025 11:20",547.1,22.64,"PA"
"1/14/2025 11:30",547.8,22.76,"PA"
"1/14/2025 11:40",547.8,22.76,"PA"
"1/14/2025 11:50",547,22.72,"PA"
"1/14/2025 12:00",549.3,22.93,"PA"
"1/14/2025 12:10",549.7,22.95,"PA"
"1/14/2025 12:20",551.6,23.06,"PA"
"1/14/2025 12:30",552.7,23.2,"PA"
"1/14/2025 12:40",552.7,23.28,"PA"
"1/14/2025 12:50",553.8,23.38,"PA"
"1/14/2025 13:00",554.6,23.48,"PA"
"1/14/2025 13:10",555.3,23.58,"PA"
"1/14/2025 13:20",556,23.69,"PA"
"1/14/2025 13:30",557.2,23.8,"PA"
"1/14/2025 13:40",557.9,23.85,"PA"
"1/14/2025 13:50",559.5,23.95,"PA"
"1/14/2025 14:00",562.2,24.03,"PA"
"1/14/2025 14:10",564.2,24.09,"PA"
"1/14/2025 14:20",564.9,24.14,"PA"
"1/14/2025 14:30",566.1,24.24,"PA"
"1/14/2025 14:40",566.4,24.26,"PA"
"1/14/2025 14:50",567.6,24.34,"PA"
"1/14/2025 15:00",568,24.38,"PA"
"1/14/2025 15:10",568,24.34,"PA"
"1/14/2025 15:20",568.4,24.38,"PA"
"1/14/2025 15:30",569.2,24.35,"PA"
"1/14/2025 15:40",568,24.34,"PA"
"1/14/2025 15:50",568.4,24.31,"PA"
"1/14/2025 16:00",568,24.31,"PA"
"1/14/2025 16:10",568,24.29,"PA"
"1/14/2025 16:20",566.8,24.26,"PA"
"1/14/2025 16:30",566.1,24.21,"PA"
"1/14/2025 16:40",565.3,24.16,"PA"
"1/14/2025 16:50",564.9,24.12,"PA"
"1/14/2025 17:00",565,24.05,"PA"
"1/14/2025 17:10",564.6,24.03,"PA"
"1/14/2025 17:20",564.6,24,"PA"
"1/14/2025 17:30",564.2,23.93,"PA"
"1/14/2025 17:40",563.5,23.87,"PA"
"1/14/2025 17:50",563.1,23.83,"PA"
"1/14/2025 18:00",562.7,23.8,"PA"
"1/14/2025 18:10",562,23.72,"PA"
"1/14/2025 18:20",561.6,23.68,"PA"
"1/14/2025 18:30",560.8,23.63,"PA"
"1/14/2025 18:40",560.1,23.57,"PA"
"1/14/2025 18:50",559.7,23.52,"PA"
"1/14/2025 19:00",559.3,23.47,"PA"
"1/14/2025 19:10",558.6,23.41,"PA"
"1/14/2025 19:20",557.8,23.37,"PA"
"1/14/2025 19:30",557,23.33,"PA"
"1/14/2025 19:40",556.6,23.31,"PA"
"1/14/2025 19:50",556.7,23.28,"PA"
"1/14/2025 20:00",555.9,23.23,"PA"
"1/14/2025 20:10",555.5,23.2,"PA"
"1/14/2025 20:20",554.7,23.15,"PA"
"1/14/2025 20:30",554.4,23.11,"PA"
"1/14/2025 20:40",554,23.08,"PA"
"1/14/2025 20:50",553.6,23.04,"PA"
"1/14/2025 21:00",553.2,23.02,"PA"
"1/14/2025 21:10",552.9,22.97,"PA"
"1/14/2025 21:20",552.5,22.97,"PA"
"1/14/2025 21:30",552.5,22.94,"PA"
"1/14/2025 21:40",552.1,22.91,"PA"
"1/14/2025 21:50",551.7,22.89,"PA"
"1/14/2025 22:00",551.3,22.87,"PA"
"1/14/2025 22:10",551.3,22.82,"PA"
"1/14/2025 22:20",551,22.78,"PA"
"1/14/2025 22:30",551,22.78,"PA"
"1/14/2025 22:40",550.6,22.75,"PA"
"1/14/2025 22:50",550.2,22.71,"PA"
"1/14/2025 23:00",549.8,22.69,"PA"
"1/14/2025 23:10",549.4,22.67,"PA"
"1/14/2025 23:20",549.5,22.64,"PA"
"1/14/2025 23:30",549.1,22.61,"PA"
"1/14/2025 23:40",549.1,22.59,"PA"
"1/14/2025 23:50",549.1,22.56,"PA"
"1/15/2025 0:00",548.3,22.53,"PA"
"1/15/2025 0:10",547.9,22.51,"PA"
"1/15/2025 0:20",548,22.49,"PA"
"1/15/2025 0:30",547.6,22.46,"PA"
"1/15/2025 0:40",547.6,22.44,"PA"
"1/15/2025 0:50",547.2,22.42,"PA"
"1/15/2025 1:00",547.2,22.4,"PA"
"1/15/2025 1:10",547.2,22.37,"PA"
"1/15/2025 1:20",547.2,22.36,"PA"
"1/15/2025 1:30",546.1,22.33,"PA"
"1/15/2025 1:40",546.1,22.32,"PA"
"1/15/2025 1:50",546.1,22.29,"PA"
"1/15/2025 2:00",546.1,22.27,"PA"
"1/15/2025 2:10",546.1,22.27,"PA"
"1/15/2025 2:20",545.3,22.25,"PA"
"1/15/2025 2:30",545.3,22.23,"PA"
"1/15/2025 2:40",544.9,22.2,"PA"
"1/15/2025 2:50",544.9,22.19,"PA"
"1/15/2025 3:00",544.5,22.17,"PA"
"1/15/2025 3:10",544.6,22.16,"PA"
"1/15/2025 3:20",544.2,22.14,"PA"
"1/15/2025 3:30",544.2,22.11,"PA"
"1/15/2025 3:40",544.2,22.09,"PA"
"1/15/2025 3:50",543.8,22.08,"PA"
"1/15/2025 4:00",543.4,22.06,"PA"
"1/15/2025 4:10",543.4,22.03,"PA"
"1/15/2025 4:20",543,22.02,"PA"
"1/15/2025 4:30",543,22,"PA"
"1/15/2025 4:40",542.7,21.99,"PA"
"1/15/2025 4:50",542.7,21.97,"PA"
"1/15/2025 5:00",542.7,21.94,"PA"
"1/15/2025 5:10",542.3,21.92,"PA"
"1/15/2025 5:20",541.9,21.91,"PA"
"1/15/2025 5:30",541.9,21.9,"PA"
"1/15/2025 5:40",541.9,21.88,"PA"
"1/15/2025 5:50",541.5,21.86,"PA"
"1/15/2025 6:00",541.1,21.85,"PA"
"1/15/2025 6:10",541.1,21.84,"PA"
"1/15/2025 6:20",541.2,21.83,"PA"
"1/15/2025 6:30",541.2,21.81,"PA"
"1/15/2025 6:40",540.8,21.8,"PA"
"1/15/2025 6:50",540.8,21.77,"PA"
"1/15/2025 7:00",540.8,21.76,"PA"
"1/15/2025 7:10",540.4,21.75,"PA"
"1/15/2025 7:20",540.4,21.74,"PA"
"1/15/2025 7:30",540.4,21.74,"PA"
"1/15/2025 7:40",540.4,21.76,"PA"
"1/15/2025 7:50",540.8,21.76,"PA"
"1/15/2025 8:00",540.8,21.77,"PA"
"1/15/2025 8:10",540.8,21.79,"PA"
"1/15/2025 8:20",540.8,21.8,"PA"
"1/15/2025 8:30",540.8,21.82,"PA"
"1/15/2025 8:40",541.1,21.84,"PA"
"1/15/2025 8:50",541.1,21.84,"PA"
"1/15/2025 9:00",541.1,21.86,"PA"
"1/15/2025 9:10",541.9,21.88,"PA"
"1/15/2025 9:20",542.7,21.92,"PA"
"1/15/2025 9:30",543.1,21.93,"PA"
"1/15/2025 9:40",543.5,21.98,"PA"
"1/15/2025 9:50",544.2,22.02,"PA"
"1/15/2025 10:00",545.4,22.12,"PA"
"1/15/2025 10:10",545.3,22.19,"PA"
"1/15/2025 10:20",545.3,22.21,"PA"
"1/15/2025 10:30",545.7,22.28,"PA"
"1/15/2025 10:40",546.4,22.35,"PA"
"1/15/2025 10:50",547.2,22.38,"PA"
"1/15/2025 11:00",547.2,22.42,"PA"
"1/15/2025 11:10",547.6,22.46,"PA"
"1/15/2025 11:20",547.5,22.52,"PA"
"1/15/2025 11:30",547.9,22.54,"PA"
"1/15/2025 11:40",548.3,22.64,"PA"
"1/15/2025 11:50",548.6,22.71,"PA"
"1/15/2025 12:00",549.4,22.8,"PA"
"1/15/2025 12:10",549.3,22.84,"PA"
"1/15/2025 12:20",550.5,22.9,"PA"
"1/15/2025 12:30",551.2,22.99,"PA"
"1/15/2025 12:40",551.6,23.08,"PA"
"1/15/2025 12:50",551.5,23.19,"PA"
"1/15/2025 13:00",553.5,23.3,"PA"
"1/15/2025 13:10",555.4,23.35,"PA"
"1/15/2025 13:20",557.3,23.48,"PA"
"1/15/2025 13:30",558.9,23.52,"PA"
"1/15/2025 13:40",560.1,23.59,"PA"
"1/15/2025 13:50",560.4,23.67,"PA"
"1/15/2025 14:00",561.2,23.72,"PA"
"1/15/2025 14:10",562.3,23.81,"PA"
"1/15/2025 14:20",564.2,23.94,"PA"
"1/15/2025 14:30",565,23.98,"PA"
"1/15/2025 14:40",565.8,24.01,"PA"
"1/15/2025 14:50",565,24,"PA"
"1/15/2025 15:00",565.4,23.98,"PA"
"1/15/2025 15:10",565,23.96,"PA"
"1/15/2025 15:20",565,23.99,"PA"
"1/15/2025 15:30",565,23.96,"PA"
"1/15/2025 15:40",565,23.98,"PA"
"1/15/2025 15:50",565.4,24.02,"PA"
"1/15/2025 16:00",565.4,23.99,"PA"
"1/15/2025 16:10",565.4,23.95,"PA"
"1/15/2025 16:20",564.3,23.9,"PA"
"1/15/2025 16:30",565.1,23.9,"PA"
"1/15/2025 16:40",564.3,23.83,"PA"
"1/15/2025 16:50",565.4,23.93,"PA"
"1/15/2025 17:00",565.5,23.91,"PA"
"1/15/2025 17:10",565.1,23.89,"PA"
"1/15/2025 17:20",564.3,23.85,"PA"
"1/15/2025 17:30",564.3,23.83,"PA"
"1/15/2025 17:40",563.5,23.81,"PA"
"1/15/2025 17:50",563.1,23.76,"PA"
"1/15/2025 18:00",562.8,23.73,"PA"
"1/15/2025 18:10",562.4,23.68,"PA"
"1/15/2025 18:20",562,23.68,"PA"
"1/15/2025 18:30",562,23.67,"PA"
"1/15/2025 18:40",561.2,23.64,"PA"
"1/15/2025 18:50",560.9,23.6,"PA"
"1/15/2025 19:00",560.1,23.57,"PA"
"1/15/2025 19:10",559.7,23.56,"PA"
"1/15/2025 19:20",558.9,23.52,"PA"
"1/15/2025 19:30",558.1,23.52,"PA"
"1/15/2025 19:40",556.9,23.49,"PA"
"1/15/2025 19:50",556.5,23.48,"PA"
"1/15/2025 20:00",556.1,23.48,"PA"
"1/15/2025 20:10",555.7,23.48,"PA"
"1/15/2025 20:20",555.8,23.47,"PA"
"1/15/2025 20:30",555.8,23.47,"PA"
"1/15/2025 20:40",555.8,23.47,"PA"
"1/15/2025 20:50",555.4,23.43,"PA"
"1/15/2025 21:00",555.8,23.4,"PA"
"1/15/2025 21:10",555.8,23.39,"PA"
"1/15/2025 21:20",555.4,23.37,"PA"
"1/15/2025 21:30",555,23.34,"PA"
"1/15/2025 21:40",555.4,23.33,"PA"
"1/15/2025 21:50",555,23.31,"PA"
"1/15/2025 22:00",555.1,23.3,"PA"
"1/15/2025 22:10",555.1,23.29,"PA"
"1/15/2025 22:20",554.7,23.26,"PA"
"1/15/2025 22:30",554.7,23.24,"PA"
"1/15/2025 22:40",553.9,23.23,"PA"
"1/15/2025 22:50",553.9,23.23,"PA"
"1/15/2025 23:00",553.5,23.21,"PA"
"1/15/2025 23:10",551.5,23.19,"PA"
"1/15/2025 23:20",551.9,23.16,"PA"
"1/15/2025 23:30",551.9,23.16,"PA"
"1/15/2025 23:40",551.2,23.14,"PA"
"1/15/2025 23:50",550.4,23.14,"PA"
"1/16/2025 0:00",549.2,23.12,"PA"
"1/16/2025 0:10",549.6,23.1,"PA"
"1/16/2025 0:20",550,23.08,"PA"
"1/16/2025 0:30",549.2,23.06,"PA"
"1/16/2025 0:40",548.4,23.05,"PA"
"1/16/2025 0:50",548,23.04,"PA"
"1/16/2025 1:00",547.6,23.03,"PA"
"1/16/2025 1:10",547.2,23.03,"PA"
"1/16/2025 1:20",546.9,23.02,"PA"
"1/16/2025 1:30",544.5,23.02,"PA"
"1/16/2025 1:40",543.3,22.99,"PA"
"1/16/2025 1:50",543.3,22.98,"PA"
"1/16/2025 2:00",542.1,22.98,"PA"
"1/16/2025 2:10",541.3,22.97,"PA"
"1/16/2025 2:20",540.9,22.96,"PA"
"1/16/2025 2:30",540.9,22.95,"PA"
"1/16/2025 2:40",541.7,22.93,"PA"
"1/16/2025 2:50",541.7,22.9,"PA"
"1/16/2025 3:00",541.7,22.89,"PA"
"1/16/2025 3:10",541.8,22.87,"PA"
"1/16/2025 3:20",541.8,22.87,"PA"
"1/16/2025 3:30",540.6,22.86,"PA"
"1/16/2025 3:40",539,22.82,"PA"
"1/16/2025 3:50",537,22.82,"PA"
"1/16/2025 4:00",538.2,22.81,"PA"
"1/16/2025 4:10",537.4,22.79,"PA"
"1/16/2025 4:20",537,22.78,"PA"
"1/16/2025 4:30",537,22.76,"PA"
"1/16/2025 4:40",537,22.75,"PA"
"1/16/2025 4:50",537.5,22.73,"PA"
"1/16/2025 5:00",535.5,22.71,"PA"
"1/16/2025 5:10",534.3,22.69,"PA"
"1/16/2025 5:20",534.7,22.68,"PA"
"1/16/2025 5:30",535.5,22.67,"PA"
"1/16/2025 5:40",535.5,22.64,"PA"
"1/16/2025 5:50",535.1,22.61,"PA"
"1/16/2025 6:00",534.7,22.6,"PA"
"1/16/2025 6:10",533.2,22.59,"PA"
"1/16/2025 6:20",532.8,22.58,"PA"
"1/16/2025 6:30",532,22.55,"PA"
"1/16/2025 6:40",530.8,22.54,"PA"
"1/16/2025 6:50",530,22.52,"PA"
"1/16/2025 7:00",530.4,22.51,"PA"
"1/16/2025 7:10",530.4,22.5,"PA"
"1/16/2025 7:20",530.8,22.5,"PA"
"1/16/2025 7:30",530.8,22.49,"PA"
"1/16/2025 7:40",530.4,22.5,"PA"
"1/16/2025 7:50",529.6,22.52,"PA"
"1/16/2025 8:00",528.8,22.54,"PA"
"1/16/2025 8:10",527.6,22.53,"PA"
"1/16/2025 8:20",528.8,22.52,"PA"
"1/16/2025 8:30",530.4,22.55,"PA"
"1/16/2025 8:40",530.4,22.55,"PA"
"1/16/2025 8:50",530,22.58,"PA"
"1/16/2025 9:00",530.8,22.6,"PA"
"1/16/2025 9:10",531.9,22.62,"PA"
"1/16/2025 9:20",532.7,22.64,"PA"
"1/16/2025 9:30",533.1,22.71,"PA"
"1/16/2025 9:40",533.5,22.76,"PA"
"1/16/2025 9:50",533.4,22.79,"PA"
"1/16/2025 10:00",532.6,22.79,"PA"
"1/16/2025 10:10",532.2,22.95,"PA"
"1/16/2025 10:20",531.4,22.95,"PA"
"1/16/2025 10:30",531.7,23.02,"PA"
"1/16/2025 10:40",532.1,23.1,"PA"
"1/16/2025 10:50",534,23.21,"PA"
"1/16/2025 11:00",535.6,23.28,"PA"
"1/16/2025 11:10",535.5,23.38,"PA"
"1/16/2025 11:20",535.9,23.42,"PA"
"1/16/2025 11:30",535.8,23.49,"PA"
"1/16/2025 11:40",535.8,23.57,"PA"
"1/16/2025 11:50",533.4,23.63,"PA"
"1/16/2025 12:00",534.5,23.74,"PA"
"1/16/2025 12:10",534.1,23.73,"PA"
"1/16/2025 12:20",534.1,23.83,"PA"
"1/16/2025 12:30",534.8,23.94,"PA"
"1/16/2025 12:40",535.1,24.04,"PA"
"1/16/2025 12:50",536.6,24.17,"PA"
"1/16/2025 13:00",538.2,24.26,"PA"
"1/16/2025 13:10",542.1,24.4,"PA"
"1/16/2025 13:20",542.4,24.48,"PA"
"1/16/2025 13:30",545.6,24.6,"PA"
"1/16/2025 13:40",545.1,24.63,"PA"
"1/16/2025 13:50",543.5,24.69,"PA"
"1/16/2025 14:00",547.8,24.8,"PA"
"1/16/2025 14:10",546.2,24.77,"PA"
"1/16/2025 14:20",546.6,24.88,"PA"
"1/16/2025 14:30",545,24.88,"PA"
"1/16/2025 14:40",545.8,24.94,"PA"
"1/16/2025 14:50",545.3,24.96,"PA"
"1/16/2025 15:00",543,24.97,"PA"
"1/16/2025 15:10",537.8,24.97,"PA"
"1/16/2025 15:20",530.3,24.91,"PA"
"1/16/2025 15:30",531,24.98,"PA"
"1/16/2025 15:40",530.2,24.97,"PA"
"1/16/2025 15:50",530.2,24.95,"PA"
"1/16/2025 16:00",531.1,24.92,"PA"
"1/16/2025 16:10",533.4,24.91,"PA"
"1/16/2025 16:20",537,24.88,"PA"
"1/16/2025 16:30",538.7,24.82,"PA"
"1/16/2025 16:40",538.7,24.78,"PA"
"1/16/2025 16:50",536.7,24.71,"PA"
"1/16/2025 17:00",527.6,24.65,"PA"
"1/16/2025 17:10",524.5,24.59,"PA"
"1/16/2025 17:20",521.7,24.54,"PA"
"1/16/2025 17:30",517.8,24.48,"PA"
"1/16/2025 17:40",515.8,24.42,"PA"
"1/16/2025 17:50",516.3,24.38,"PA"
"1/16/2025 18:00",515.1,24.35,"PA"
"1/16/2025 18:10",512.7,24.3,"PA"
"1/16/2025 18:20",511.5,24.28,"PA"
"1/16/2025 18:30",510.8,24.25,"PA"
"1/16/2025 18:40",512,24.21,"PA"
"1/16/2025 18:50",514,24.18,"PA"
"1/16/2025 19:00",517.6,24.14,"PA"
"1/16/2025 19:10",517.6,24.11,"PA"
"1/16/2025 19:20",517.6,24.07,"PA"
"1/16/2025 19:30",518.8,24.03,"PA"
"1/16/2025 19:40",520,24,"PA"
"1/16/2025 19:50",519.7,23.98,"PA"
"1/16/2025 20:00",517.7,23.94,"PA"
"1/16/2025 20:10",527.2,23.91,"PA"
"1/16/2025 20:20",525.7,23.87,"PA"
"1/16/2025 20:30",526.1,23.84,"PA"
"1/16/2025 20:40",527.3,23.81,"PA"
"1/16/2025 20:50",527.7,23.77,"PA"
"1/16/2025 21:00",527.7,23.74,"PA"
"1/16/2025 21:10",527.8,23.68,"PA"
"1/16/2025 21:20",525.4,23.65,"PA"
"1/16/2025 21:30",523.8,23.61,"PA"
"1/16/2025 21:40",527,23.57,"PA"
"1/16/2025 21:50",527.1,23.52,"PA"
"1/16/2025 22:00",526.7,23.5,"PA"
"1/16/2025 22:10",524.7,23.47,"PA"
"1/16/2025 22:20",523.1,23.45,"PA"
"1/16/2025 22:30",523.1,23.43,"PA"
"1/16/2025 22:40",522,23.41,"PA"
"1/16/2025 22:50",518.8,23.4,"PA"
"1/16/2025 23:00",522.4,23.37,"PA"
"1/16/2025 23:10",521.6,23.35,"PA"
"1/16/2025 23:20",520,23.34,"PA"
"1/16/2025 23:30",522.8,23.3,"PA"
"1/16/2025 23:40",521.2,23.29,"PA"
"1/16/2025 23:50",520,23.28,"PA"
"1/17/2025 0:00",520.4,23.25,"PA"
"1/17/2025 0:10",520.9,23.24,"PA"
"1/17/2025 0:20",520.5,23.22,"PA"
"1/17/2025 0:30",521.7,23.2,"PA"
"1/17/2025 0:40",521.3,23.17,"PA"
"1/17/2025 0:50",522.1,23.15,"PA"
"1/17/2025 1:00",521.7,23.13,"PA"
"1/17/2025 1:10",520.9,23.11,"PA"
"1/17/2025 1:20",518.9,23.08,"PA"
"1/17/2025 1:30",519,23.06,"PA"
"1/17/2025 1:40",519.8,23.04,"PA"
"1/17/2025 1:50",520.2,23.03,"PA"
"1/17/2025 2:00",520.2,22.99,"PA"
"1/17/2025 2:10",519.8,22.95,"PA"
"1/17/2025 2:20",519,22.94,"PA"
"1/17/2025 2:30",518.7,22.9,"PA"
"1/17/2025 2:40",518.3,22.87,"PA"
"1/17/2025 2:50",517.9,22.84,"PA"
"1/17/2025 3:00",518.3,22.82,"PA"
"1/17/2025 3:10",518.3,22.79,"PA"
"1/17/2025 3:20",518.7,22.77,"PA"
"1/17/2025 3:30",518.3,22.73,"PA"
"1/17/2025 3:40",517.6,22.71,"PA"
"1/17/2025 3:50",517.2,22.7,"PA"
"1/17/2025 4:00",518.4,22.67,"PA"
"1/17/2025 4:10",519.2,22.64,"PA"
"1/17/2025 4:20",518.4,22.62,"PA"
"1/17/2025 4:30",517.6,22.6,"PA"
"1/17/2025 4:40",517.2,22.58,"PA"
"1/17/2025 4:50",516.8,22.56,"PA"
"1/17/2025 5:00",518.1,22.54,"PA"
"1/17/2025 5:10",518.1,22.52,"PA"
"1/17/2025 5:20",518.5,22.5,"PA"
"1/17/2025 5:30",518.5,22.47,"PA"
"1/17/2025 5:40",516.9,22.45,"PA"
"1/17/2025 5:50",518.5,22.43,"PA"
"1/17/2025 6:00",518.9,22.4,"PA"
"1/17/2025 6:10",519,22.35,"PA"
"1/17/2025 6:20",519,22.34,"PA"
"1/17/2025 6:30",518.6,22.32,"PA"
"1/17/2025 6:40",518.2,22.29,"PA"
"1/17/2025 6:50",517.4,22.28,"PA"
"1/17/2025 7:00",518.6,22.25,"PA"
"1/17/2025 7:10",517.4,22.25,"PA"
"1/17/2025 7:20",519,22.23,"PA"
"1/17/2025 7:30",519.4,22.21,"PA"
"1/17/2025 7:40",520.6,22.2,"PA"
"1/17/2025 7:50",520.6,22.21,"PA"
"1/17/2025 8:00",520.2,22.19,"PA"
"1/17/2025 8:10",521.8,22.2,"PA"
"1/17/2025 8:20",521.4,22.21,"PA"
"1/17/2025 8:30",522.6,22.23,"PA"
"1/17/2025 8:40",518.2,22.2,"PA"
"1/17/2025 8:50",513.8,22.23,"PA"
"1/17/2025 9:00",502.7,22.23,"PA"
"1/17/2025 9:10",501.9,22.26,"PA"
"1/17/2025 9:20",502.6,22.33,"PA"
"1/17/2025 9:30",504.2,22.35,"PA"
"1/17/2025 9:40",507.4,22.44,"PA"
"1/17/2025 9:50",510.5,22.54,"PA"
"1/17/2025 10:00",512.4,22.6,"PA"
"1/17/2025 10:10",514.8,22.7,"PA"
"1/17/2025 10:20",514.7,22.79,"PA"
"1/17/2025 10:30",513.9,22.89,"PA"
"1/17/2025 10:40",513.1,22.87,"PA"
"1/17/2025 10:50",514.6,23.1,"PA"
"1/17/2025 11:00",517.7,23.16,"PA"
"1/17/2025 11:10",517.7,23.28,"PA"
"1/17/2025 11:20",514.4,23.33,"PA"
"1/17/2025 11:30",517.5,23.48,"PA"
"1/17/2025 11:40",513.5,23.52,"PA"
"1/17/2025 11:50",510.8,23.54,"PA"
"1/17/2025 12:00",510.3,23.6,"PA"
"1/17/2025 12:10",509.5,23.67,"PA"
"1/17/2025 12:20",510.2,23.87,"PA"
"1/17/2025 12:30",505,23.95,"PA"
"1/17/2025 12:40",503.7,24.08,"PA"
"1/17/2025 12:50",502.9,24.18,"PA"
"1/17/2025 13:00",503.6,24.31,"PA"
"1/17/2025 13:10",506.3,24.39,"PA"
"1/17/2025 13:20",509.5,24.46,"PA"
"1/17/2025 13:30",513.4,24.61,"PA"
"1/17/2025 13:40",518.9,24.7,"PA"
"1/17/2025 13:50",524.8,24.73,"PA"
"1/17/2025 14:00",529.5,24.84,"PA"
"1/17/2025 14:10",533.4,24.91,"PA"
"1/17/2025 14:20",539.7,25.01,"PA"
"1/17/2025 14:30",537,25.04,"PA"
"1/17/2025 14:40",536.5,25.09,"PA"
"1/17/2025 14:50",537,25.01,"PA"
"1/17/2025 15:00",540.1,25.09,"PA"
"1/17/2025 15:10",534.2,25.05,"PA"
"1/17/2025 15:20",532.2,25.03,"PA"
"1/17/2025 15:30",533.4,25,"PA"
"1/17/2025 15:40",525.9,24.92,"PA"
"1/17/2025 15:50",512.8,24.94,"PA"
"1/17/2025 16:00",506.1,24.86,"PA"
"1/17/2025 16:10",512.8,24.81,"PA"
"1/17/2025 16:20",524,24.77,"PA"
"1/17/2025 16:30",533.5,24.73,"PA"
"1/17/2025 16:40",528,24.69,"PA"
"1/17/2025 16:50",521.3,24.65,"PA"
"1/17/2025 17:00",511,24.62,"PA"
"1/17/2025 17:10",508.6,24.59,"PA"
"1/17/2025 17:20",505.1,24.52,"PA"
"1/17/2025 17:30",507.1,24.47,"PA"
"1/17/2025 17:40",507.1,24.44,"PA"
"1/17/2025 17:50",505.9,24.4,"PA"
"1/17/2025 18:00",513.5,24.35,"PA"
"1/17/2025 18:10",513.1,24.33,"PA"
"1/17/2025 18:20",514.3,24.29,"PA"
"1/17/2025 18:30",510,24.25,"PA"
"1/17/2025 18:40",514.4,24.17,"PA"
"1/17/2025 18:50",514.8,24.16,"PA"
"1/17/2025 19:00",514.8,24.12,"PA"
"1/17/2025 19:10",515.2,24.09,"PA"
"1/17/2025 19:20",515.6,24.07,"PA"
"1/17/2025 19:30",525.2,24.05,"PA"
"1/17/2025 19:40",533.9,24.02,"PA"
"1/17/2025 19:50",536.3,24,"PA"
"1/17/2025 20:00",536.8,23.95,"PA"
"1/17/2025 20:10",538,23.91,"PA"
"1/17/2025 20:20",540.4,23.89,"PA"
"1/17/2025 20:30",540.8,23.85,"PA"
"1/17/2025 20:40",536.4,23.83,"PA"
"1/17/2025 20:50",530.1,23.81,"PA"
"1/17/2025 21:00",530.9,23.81,"PA"
"1/17/2025 21:10",525.3,23.78,"PA"
"1/17/2025 21:20",525.3,23.77,"PA"
"1/17/2025 21:30",527.3,23.75,"PA"
"1/17/2025 21:40",528.5,23.74,"PA"
"1/17/2025 21:50",533.7,23.7,"PA"
"1/17/2025 22:00",537.3,23.69,"PA"
"1/17/2025 22:10",541.3,23.67,"PA"
"1/17/2025 22:20",540.5,23.65,"PA"
"1/17/2025 22:30",537,23.6,"PA"
"1/17/2025 22:40",533.4,23.59,"PA"
"1/17/2025 22:50",533,23.59,"PA"
"1/17/2025 23:00",528.2,23.55,"PA"
"1/17/2025 23:10",529,23.54,"PA"
"1/17/2025 23:20",533.4,23.5,"PA"
"1/17/2025 23:30",539.4,23.48,"PA"
"1/17/2025 23:40",540.6,23.47,"PA"
"1/17/2025 23:50",542.6,23.45,"PA"
"1/18/2025 0:00",543.4,23.42,"PA"
"1/18/2025 0:10",545,23.4,"PA"
"1/18/2025 0:20",547,23.39,"PA"
"1/18/2025 0:30",548.6,23.37,"PA"
"1/18/2025 0:40",547.9,23.34,"PA"
"1/18/2025 0:50",549.1,23.32,"PA"
"1/18/2025 1:00",550.7,23.32,"PA"
"1/18/2025 1:10",551.5,23.3,"PA"
"1/18/2025 1:20",552.7,23.28,"PA"
"1/18/2025 1:30",552.7,23.26,"PA"
"1/18/2025 1:40",553.5,23.25,"PA"
"1/18/2025 1:50",553.5,23.23,"PA"
"1/18/2025 2:00",553.9,23.22,"PA"
"1/18/2025 2:10",553.5,23.21,"PA"
"1/18/2025 2:20",553.5,23.2,"PA"
"1/18/2025 2:30",553.5,23.2,"PA"
"1/18/2025 2:40",553.9,23.2,"PA"
"1/18/2025 2:50",553.5,23.19,"PA"
"1/18/2025 3:00",554.3,23.19,"PA"
"1/18/2025 3:10",554.7,23.19,"PA"
"1/18/2025 3:20",555.9,23.17,"PA"
"1/18/2025 3:30",556.7,23.17,"PA"
"1/18/2025 3:40",554.7,23.14,"PA"
"1/18/2025 3:50",542,23.12,"PA"
"1/18/2025 4:00",539.6,23.11,"PA"
"1/18/2025 4:10",537.2,23.11,"PA"
"1/18/2025 4:20",535.3,23.1,"PA"
"1/18/2025 4:30",530.1,23.08,"PA"
"1/18/2025 4:40",528.1,23.08,"PA"
"1/18/2025 4:50",526.9,23.06,"PA"
"1/18/2025 5:00",523.3,23.05,"PA"
"1/18/2025 5:10",522.5,23.07,"PA"
"1/18/2025 5:20",526.9,23.1,"PA"
"1/18/2025 5:30",543.6,23.13,"PA"
"1/18/2025 5:40",552.4,23.11,"PA"
"1/18/2025 5:50",537.3,23.06,"PA"
"1/18/2025 6:00",528.9,23.07,"PA"
"1/18/2025 6:10",532.5,23.1,"PA"
"1/18/2025 6:20",536.1,23.1,"PA"
"1/18/2025 6:30",536.9,23.1,"PA"
"1/18/2025 6:40",536.8,23.11,"PA"
"1/18/2025 6:50",538.8,23.13,"PA"
"1/18/2025 7:00",540.8,23.12,"PA"
"1/18/2025 7:10",542,23.13,"PA"
"1/18/2025 7:20",542.8,23.13,"PA"
"1/18/2025 7:30",542.8,23.14,"PA"
"1/18/2025 7:40",543.2,23.14,"PA"
"1/18/2025 7:50",542.8,23.13,"PA"
"1/18/2025 8:00",544,23.15,"PA"
"1/18/2025 8:10",545.2,23.16,"PA"
"1/18/2025 8:20",544,23.16,"PA"
"1/18/2025 8:30",543.2,23.16,"PA"
"1/18/2025 8:40",544.4,23.2,"PA"
"1/18/2025 8:50",545.9,23.22,"PA"
"1/18/2025 9:00",546.7,23.24,"PA"
"1/18/2025 9:10",545.9,23.3,"PA"
"1/18/2025 9:20",545.1,23.38,"PA"
"1/18/2025 9:30",548.6,23.41,"PA"
"1/18/2025 9:40",551.4,23.49,"PA"
"1/18/2025 9:50",551.7,23.55,"PA"
"1/18/2025 10:00",548.6,23.43,"PA"
"1/18/2025 10:10",539.9,23.35,"PA"
"1/18/2025 10:20",537.1,23.4,"PA"
"1/18/2025 10:30",535.5,23.38,"PA"
"1/18/2025 10:40",534.2,23.57,"PA"
"1/18/2025 10:50",534.5,23.8,"PA"
"1/18/2025 11:00",541.2,23.92,"PA"
"1/18/2025 11:10",549.8,24.12,"PA"
"1/18/2025 11:20",552.1,24.28,"PA"
"1/18/2025 11:30",552.8,24.36,"PA"
"1/18/2025 11:40",554,24.49,"PA"
"1/18/2025 11:50",547.2,24.44,"PA"
"1/18/2025 12:00",550.7,24.59,"PA"
"1/18/2025 12:10",551,24.8,"PA"
"1/18/2025 12:20",542.2,24.84,"PA"
"1/18/2025 12:30",534.7,24.79,"PA"
"1/18/2025 12:40",545,24.91,"PA"
"1/18/2025 12:50",549.7,24.99,"PA"
"1/18/2025 13:00",547.6,25.1,"PA"
"1/18/2025 13:10",557.1,25.27,"PA"
"1/18/2025 13:20",559.8,25.36,"PA"
"1/18/2025 13:30",559.7,25.51,"PA"
"1/18/2025 13:40",557.4,25.5,"PA"
"1/18/2025 13:50",556.1,25.54,"PA"
"1/18/2025 14:00",551,25.57,"PA"
"1/18/2025 14:10",550.9,25.61,"PA"
"1/18/2025 14:20",550.6,25.57,"PA"
"1/18/2025 14:30",548.6,25.51,"PA"
"1/18/2025 14:40",555,25.5,"PA"
"1/18/2025 14:50",556.1,25.53,"PA"
"1/18/2025 15:00",565.3,25.56,"PA"
"1/18/2025 15:10",567.3,25.57,"PA"
"1/18/2025 15:20",568.8,25.57,"PA"
"1/18/2025 15:30",556.9,25.54,"PA"
"1/18/2025 15:40",544.6,25.53,"PA"
"1/18/2025 15:50",540.3,25.5,"PA"
"1/18/2025 16:00",544.6,25.52,"PA"
"1/18/2025 16:10",549.4,25.48,"PA"
"1/18/2025 16:20",550.2,25.44,"PA"
"1/18/2025 16:30",548.7,25.39,"PA"
"1/18/2025 16:40",539.5,25.36,"PA"
"1/18/2025 16:50",531.2,25.33,"PA"
"1/18/2025 17:00",530.1,25.3,"PA"
"1/18/2025 17:10",537.2,25.24,"PA"
"1/18/2025 17:20",532.9,25.17,"PA"
"1/18/2025 17:30",529,25.14,"PA"
"1/18/2025 17:40",533.3,25.09,"PA"
"1/18/2025 17:50",533.8,25.03,"PA"
"1/18/2025 18:00",531.4,24.99,"PA"
"1/18/2025 18:10",531.4,24.96,"PA"
"1/18/2025 18:20",532.6,24.92,"PA"
"1/18/2025 18:30",534.7,24.89,"PA"
"1/18/2025 18:40",535.1,24.86,"PA"
"1/18/2025 18:50",537.5,24.82,"PA"
"1/18/2025 19:00",543.1,24.78,"PA"
"1/18/2025 19:10",545.5,24.72,"PA"
"1/18/2025 19:20",543.1,24.68,"PA"
"1/18/2025 19:30",542.3,24.63,"PA"
"1/18/2025 19:40",537.6,24.6,"PA"
"1/18/2025 19:50",539.6,24.59,"PA"
"1/18/2025 20:00",538.8,24.55,"PA"
"1/18/2025 20:10",537.2,24.52,"PA"
"1/18/2025 20:20",529.3,24.49,"PA"
"1/18/2025 20:30",526.5,24.47,"PA"
"1/18/2025 20:40",526.9,24.45,"PA"
"1/18/2025 20:50",530.5,24.43,"PA"
"1/18/2025 21:00",532.5,24.42,"PA"
"1/18/2025 21:10",532.5,24.4,"PA"
"1/18/2025 21:20",527.4,24.36,"PA"
"1/18/2025 21:30",527.8,24.34,"PA"
"1/18/2025 21:40",522.3,24.31,"PA"
"1/18/2025 21:50",523.1,24.3,"PA"
"1/18/2025 22:00",523.9,24.29,"PA"
"1/18/2025 22:10",527.5,24.26,"PA"
"1/18/2025 22:20",529.5,24.22,"PA"
"1/18/2025 22:30",529.9,24.2,"PA"
"1/18/2025 22:40",530.3,24.18,"PA"
"1/18/2025 22:50",531.1,24.14,"PA"
"1/18/2025 23:00",532.7,24.12,"PA"
"1/18/2025 23:10",534.3,24.11,"PA"
"1/18/2025 23:20",535.1,24.09,"PA"
"1/18/2025 23:30",535.1,24.08,"PA"
"1/18/2025 23:40",536.3,24.05,"PA"
"1/18/2025 23:50",536.7,24.04,"PA"
"1/19/2025 0:00",538.3,24.03,"PA"
"1/19/2025 0:10",539.5,24.02,"PA"
"1/19/2025 0:20",539.1,23.99,"PA"
"1/19/2025 0:30",538.4,23.96,"PA"
"1/19/2025 0:40",538.4,23.94,"PA"
"1/19/2025 0:50",538.4,23.93,"PA"
"1/19/2025 1:00",538.4,23.92,"PA"
"1/19/2025 1:10",540.4,23.91,"PA"
"1/19/2025 1:20",542,23.9,"PA"
"1/19/2025 1:30",543.6,23.89,"PA"
"1/19/2025 1:40",544.4,23.86,"PA"
"1/19/2025 1:50",546,23.84,"PA"
"1/19/2025 2:00",547.6,23.83,"PA"
"1/19/2025 2:10",549.2,23.82,"PA"
"1/19/2025 2:20",550.4,23.81,"PA"
"1/19/2025 2:30",550.8,23.78,"PA"
"1/19/2025 2:40",550.4,23.77,"PA"
"1/19/2025 2:50",551.6,23.75,"PA"
"1/19/2025 3:00",552.4,23.73,"PA"
"1/19/2025 3:10",552.8,23.72,"PA"
"1/19/2025 3:20",554,23.7,"PA"
"1/19/2025 3:30",554.8,23.69,"PA"
"1/19/2025 3:40",556,23.68,"PA"
"1/19/2025 3:50",556,23.67,"PA"
"1/19/2025 4:00",554.8,23.67,"PA"
"1/19/2025 4:10",554.5,23.64,"PA"
"1/19/2025 4:20",554.1,23.63,"PA"
"1/19/2025 4:30",553.3,23.61,"PA"
"1/19/2025 4:40",554.1,23.61,"PA"
"1/19/2025 4:50",554.1,23.6,"PA"
"1/19/2025 5:00",554.1,23.59,"PA"
"1/19/2025 5:10",554.1,23.58,"PA"
"1/19/2025 5:20",554.5,23.58,"PA"
"1/19/2025 5:30",555.7,23.57,"PA"
"1/19/2025 5:40",556.5,23.55,"PA"
"1/19/2025 5:50",556.9,23.54,"PA"
"1/19/2025 6:00",556.9,23.54,"PA"
"1/19/2025 6:10",557.7,23.51,"PA"
"1/19/2025 6:20",558.5,23.51,"PA"
"1/19/2025 6:30",558.5,23.51,"PA"
"1/19/2025 6:40",558.9,23.5,"PA"
"1/19/2025 6:50",559.7,23.49,"PA"
"1/19/2025 7:00",561.3,23.48,"PA"
"1/19/2025 7:10",561.7,23.47,"PA"
"1/19/2025 7:20",562.1,23.47,"PA"
"1/19/2025 7:30",562.5,23.47,"PA"
"1/19/2025 7:40",562.9,23.47,"PA"
"1/19/2025 7:50",564.1,23.5,"PA"
"1/19/2025 8:00",564.5,23.5,"PA"
"1/19/2025 8:10",565.7,23.52,"PA"
"1/19/2025 8:20",566.9,23.52,"PA"
"1/19/2025 8:30",567.7,23.55,"PA"
"1/19/2025 8:40",568.4,23.58,"PA"
"1/19/2025 8:50",569.6,23.65,"PA"
"1/19/2025 9:00",569.9,23.74,"PA"
"1/19/2025 9:10",565.6,23.72,"PA"
"1/19/2025 9:20",562.3,23.82,"PA"
"1/19/2025 9:30",558.3,23.86,"PA"
"1/19/2025 9:40",556.7,23.95,"PA"
"1/19/2025 9:50",555,24.04,"PA"
"1/19/2025 10:00",555.3,24.19,"PA"
"1/19/2025 10:10",555.7,24.22,"PA"
"1/19/2025 10:20",556.8,24.35,"PA"
"1/19/2025 10:30",557.2,24.37,"PA"
"1/19/2025 10:40",556.8,24.45,"PA"
"1/19/2025 10:50",561.8,24.63,"PA"
"1/19/2025 11:00",563,24.65,"PA"
"1/19/2025 11:10",565.3,24.9,"PA"
"1/19/2025 11:20",566.9,24.9,"PA"
"1/19/2025 11:30",567.6,24.96,"PA"
"1/19/2025 11:40",563.2,24.95,"PA"
"1/19/2025 11:50",558.5,24.96,"PA"
"1/19/2025 12:00",553.3,24.99,"PA"
"1/19/2025 12:10",552.8,25.14,"PA"
"1/19/2025 12:20",550,25.15,"PA"
"1/19/2025 12:30",550.3,25.26,"PA"
"1/19/2025 12:40",544.4,25.19,"PA"
"1/19/2025 12:50",539.2,25.19,"PA"
"1/19/2025 13:00",540,25.29,"PA"
"1/19/2025 13:10",539.2,25.32,"PA"
"1/19/2025 13:20",538.7,25.41,"PA"
"1/19/2025 13:30",537.9,25.4,"PA"
"1/19/2025 13:40",540.7,25.36,"PA"
"1/19/2025 13:50",539.9,25.39,"PA"
"1/19/2025 14:00",540.7,25.5,"PA"
"1/19/2025 14:10",537.5,25.56,"PA"
"1/19/2025 14:20",533.5,25.6,"PA"
"1/19/2025 14:30",527.1,25.69,"PA"
"1/19/2025 14:40",525.4,25.76,"PA"
"1/19/2025 14:50",519.4,25.82,"PA"
"1/19/2025 15:00",516.7,25.76,"PA"
"1/19/2025 15:10",516.7,25.69,"PA"
"1/19/2025 15:20",520.7,25.69,"PA"
"1/19/2025 15:30",512,25.73,"PA"
