"Date Time, GMT-04:00","Full Range, μS/cm (LGR S/N: 20195879, SEN S/N: 20195879)","Temp, °C (LGR S/N: 20195879, SEN S/N: 20195879)"
7/20/2024 14:30,461.7,29.5
7/20/2024 14:40,439.7,28.41
7/20/2024 14:50,435,28.32
7/20/2024 15:00,431.5,28.3
7/20/2024 15:10,429.9,28.32
7/20/2024 15:20,428.3,28.29
7/20/2024 15:30,430.3,28.28
7/20/2024 15:40,425.5,28.28
7/20/2024 15:50,432.3,28.22
7/20/2024 16:00,426.4,28.2
7/20/2024 16:10,425.6,28.18
7/20/2024 16:20,426.4,28.15
7/20/2024 16:30,425.2,28.12
7/20/2024 16:40,426,28.1
7/20/2024 16:50,425.2,28.07
7/20/2024 17:00,425.3,28.04
7/20/2024 17:10,425.7,28
7/20/2024 17:20,425.3,27.97
7/20/2024 17:30,424.1,27.93
7/20/2024 17:40,427.3,27.91
7/20/2024 17:50,434.4,27.89
7/20/2024 18:00,440,27.87
7/20/2024 18:10,446.3,27.82
7/20/2024 18:20,439.2,27.78
7/20/2024 18:30,449.9,27.74
7/20/2024 18:40,449.5,27.7
7/20/2024 18:50,449.6,27.66
7/20/2024 19:00,455.1,27.61
7/20/2024 19:10,456.3,27.59
7/20/2024 19:20,460.7,27.53
7/20/2024 19:30,452,27.49
7/20/2024 19:40,447.7,27.44
7/20/2024 19:50,454.4,27.43
7/20/2024 20:00,462,27.39
7/20/2024 20:10,461.6,27.38
7/20/2024 20:20,464,27.35
7/20/2024 20:30,454.1,27.32
7/20/2024 20:40,458.1,27.27
7/20/2024 20:50,450.1,27.25
7/20/2024 21:00,446.6,27.23
7/20/2024 21:10,443.1,27.19
7/20/2024 21:20,434.4,27.16
7/20/2024 21:30,429.6,27.13
7/20/2024 21:40,428.8,27.12
7/20/2024 21:50,429.6,27.09
7/20/2024 22:00,430.4,27.08
7/20/2024 22:10,431.2,27.06
7/20/2024 22:20,429.3,27.04
7/20/2024 22:30,430.1,27.02
7/20/2024 22:40,428.5,27.01
7/20/2024 22:50,428.5,26.99
7/20/2024 23:00,428.5,26.98
7/20/2024 23:10,426.9,26.97
7/20/2024 23:20,425.7,26.95
7/20/2024 23:30,426.5,26.94
7/20/2024 23:40,424.2,26.93
7/20/2024 23:50,423.8,26.92
7/21/2024 0:00,423.8,26.91
7/21/2024 0:10,423.8,26.91
7/21/2024 0:20,423.8,26.91
7/21/2024 0:30,423,26.9
7/21/2024 0:40,422.6,26.89
7/21/2024 0:50,423,26.89
7/21/2024 1:00,425.4,26.87
7/21/2024 1:10,425.8,26.86
7/21/2024 1:20,433.3,26.85
7/21/2024 1:30,432.9,26.85
7/21/2024 1:40,429.8,26.84
7/21/2024 1:50,429.8,26.83
7/21/2024 2:00,429.4,26.82
7/21/2024 2:10,428.6,26.8
7/21/2024 2:20,426.6,26.79
7/21/2024 2:30,432.9,26.78
7/21/2024 2:40,431,26.77
7/21/2024 2:50,429.8,26.76
7/21/2024 3:00,429.8,26.75
7/21/2024 3:10,429.8,26.74
7/21/2024 3:20,430.2,26.74
7/21/2024 3:30,430.6,26.72
7/21/2024 3:40,430.6,26.72
7/21/2024 3:50,431,26.71
7/21/2024 4:00,430.6,26.7
7/21/2024 4:10,430.2,26.7
7/21/2024 4:20,429.4,26.69
7/21/2024 4:30,429.8,26.68
7/21/2024 4:40,428.6,26.67
7/21/2024 4:50,429.8,26.67
7/21/2024 5:00,429,26.65
7/21/2024 5:10,428.7,26.64
7/21/2024 5:20,427.9,26.63
7/21/2024 5:30,427.9,26.62
7/21/2024 5:40,427.9,26.62
7/21/2024 5:50,428.3,26.62
7/21/2024 6:00,428.3,26.61
7/21/2024 6:10,431.4,26.61
7/21/2024 6:20,431.4,26.6
7/21/2024 6:30,439.4,26.6
7/21/2024 6:40,441,26.6
7/21/2024 6:50,441.3,26.61
7/21/2024 7:00,441.3,26.6
7/21/2024 7:10,438.6,26.59
7/21/2024 7:20,437,26.59
7/21/2024 7:30,433.4,26.59
7/21/2024 7:40,430.7,26.6
7/21/2024 7:50,431.1,26.6
7/21/2024 8:00,432.2,26.61
7/21/2024 8:10,432.2,26.62
7/21/2024 8:20,433.4,26.63
7/21/2024 8:30,432.2,26.65
7/21/2024 8:40,432.2,26.67
7/21/2024 8:50,434.2,26.69
7/21/2024 9:00,435.4,26.71
7/21/2024 9:10,436.5,26.74
7/21/2024 9:20,435.3,26.77
7/21/2024 9:30,436.9,26.8
7/21/2024 9:40,438.9,26.84
7/21/2024 9:50,440.4,26.89
7/21/2024 10:00,440.8,26.92
7/21/2024 10:10,443.9,26.99
7/21/2024 10:20,448.7,27.06
7/21/2024 10:30,450.2,27.1
7/21/2024 10:40,451.4,27.2
7/21/2024 10:50,454.5,27.29
7/21/2024 11:00,456.8,27.36
7/21/2024 11:10,461.1,27.45
7/21/2024 11:20,465.9,27.51
7/21/2024 11:30,466.2,27.6
7/21/2024 11:40,465,27.69
7/21/2024 11:50,470.1,27.76
7/21/2024 12:00,466.1,27.91
7/21/2024 12:10,466.4,28.03
7/21/2024 12:20,463.2,28.03
7/21/2024 12:30,465.6,28.07
7/21/2024 12:40,465.2,28.1
7/21/2024 12:50,465.2,28.11
7/21/2024 13:00,466.8,28.07
7/21/2024 13:10,465.2,28.05
7/21/2024 13:20,469.1,28.07
7/21/2024 13:30,466.4,28.1
7/21/2024 13:40,460.8,28.14
7/21/2024 13:50,460,28.15
7/21/2024 14:00,458.8,28.17
7/21/2024 14:10,459.2,28.15
7/21/2024 14:20,457.6,28.14
7/21/2024 14:30,457.2,28.13
7/21/2024 14:40,455.6,28.17
7/21/2024 14:50,454.4,28.19
7/21/2024 15:00,452.9,28.2
7/21/2024 15:10,446.9,28.23
7/21/2024 15:20,442.9,28.26
7/21/2024 15:30,443.4,28.22
7/21/2024 15:40,442.6,28.25
7/21/2024 15:50,439,28.25
7/21/2024 16:00,438.6,28.23
7/21/2024 16:10,437.8,28.23
7/21/2024 16:20,440.6,28.19
7/21/2024 16:30,439.8,28.15
7/21/2024 16:40,438.6,28.15
7/21/2024 16:50,438.3,28.13
7/21/2024 17:00,439.1,28.1
7/21/2024 17:10,439.9,28.04
7/21/2024 17:20,439.9,27.97
7/21/2024 17:30,443.9,27.98
7/21/2024 17:40,443.1,27.93
7/21/2024 17:50,441.5,27.91
7/21/2024 18:00,440.4,27.85
7/21/2024 18:10,444.7,27.83
7/21/2024 18:20,446.7,27.78
7/21/2024 18:30,449.5,27.76
7/21/2024 18:40,452.7,27.74
7/21/2024 18:50,463.4,27.68
7/21/2024 19:00,459.1,27.65
7/21/2024 19:10,462.6,27.6
7/21/2024 19:20,466.6,27.59
7/21/2024 19:30,468.2,27.53
7/21/2024 19:40,467.5,27.46
7/21/2024 19:50,471,27.45
7/21/2024 20:00,475.4,27.43
7/21/2024 20:10,478.2,27.39
7/21/2024 20:20,477.4,27.36
7/21/2024 20:30,475.9,27.31
7/21/2024 20:40,477.9,27.3
7/21/2024 20:50,483,27.24
7/21/2024 21:00,485.4,27.23
7/21/2024 21:10,485.4,27.2
7/21/2024 21:20,482.3,27.16
7/21/2024 21:30,482.7,27.14
7/21/2024 21:40,484.7,27.12
7/21/2024 21:50,484.7,27.07
7/21/2024 22:00,484.7,27.07
7/21/2024 22:10,494.2,27.02
7/21/2024 22:20,499,26.98
7/21/2024 22:30,501.8,26.94
7/21/2024 22:40,501.4,26.95
7/21/2024 22:50,501,26.92
7/21/2024 23:00,501.5,26.91
7/21/2024 23:10,501.1,26.87
7/21/2024 23:20,501.5,26.86
7/21/2024 23:30,490.8,26.83
7/21/2024 23:40,447.2,26.8
7/21/2024 23:50,448,26.76
7/22/2024 0:00,454,26.75
7/22/2024 0:10,456.7,26.71
7/22/2024 0:20,454.4,26.69
7/22/2024 0:30,449.2,26.69
7/22/2024 0:40,447.3,26.67
7/22/2024 0:50,443.7,26.64
7/22/2024 1:00,440.9,26.62
7/22/2024 1:10,448.1,26.64
7/22/2024 1:20,450,26.64
7/22/2024 1:30,448.9,26.63
7/22/2024 1:40,444.5,26.6
7/22/2024 1:50,446.9,26.62
7/22/2024 2:00,447.3,26.57
7/22/2024 2:10,454.4,26.59
7/22/2024 2:20,450.5,26.55
7/22/2024 2:30,440.2,26.53
7/22/2024 2:40,440.6,26.53
7/22/2024 2:50,445.3,26.53
7/22/2024 3:00,450.9,26.56
7/22/2024 3:10,454,26.55
7/22/2024 3:20,450.9,26.54
7/22/2024 3:30,454.1,26.53
7/22/2024 3:40,451.7,26.53
7/22/2024 3:50,451.3,26.52
7/22/2024 4:00,446.1,26.49
7/22/2024 4:10,443.8,26.48
7/22/2024 4:20,444.2,26.48
7/22/2024 4:30,443,26.47
7/22/2024 4:40,441.8,26.46
7/22/2024 4:50,441.8,26.46
7/22/2024 5:00,439.4,26.45
7/22/2024 5:10,439.1,26.42
7/22/2024 5:20,438.3,26.41
7/22/2024 5:30,437.9,26.4
7/22/2024 5:40,435.1,26.42
7/22/2024 5:50,438.3,26.41
7/22/2024 6:00,439.8,26.42
7/22/2024 6:10,440.6,26.41
7/22/2024 6:20,447.4,26.42
7/22/2024 6:30,450.5,26.41
7/22/2024 6:40,451.3,26.4
7/22/2024 6:50,447.4,26.4
7/22/2024 7:00,441.4,26.41
7/22/2024 7:10,444.2,26.41
7/22/2024 7:20,446.2,26.42
7/22/2024 7:30,447.8,26.42
7/22/2024 7:40,445.8,26.42
7/22/2024 7:50,445.8,26.44
7/22/2024 8:00,445,26.45
7/22/2024 8:10,445.4,26.47
7/22/2024 8:20,444.2,26.49
7/22/2024 8:30,443.4,26.52
7/22/2024 8:40,441.4,26.54
7/22/2024 8:50,441.4,26.57
7/22/2024 9:00,440.6,26.6
7/22/2024 9:10,440.6,26.61
7/22/2024 9:20,443.3,26.63
7/22/2024 9:30,444.5,26.64
7/22/2024 9:40,444.5,26.68
7/22/2024 9:50,446.4,26.75
7/22/2024 10:00,448,26.8
7/22/2024 10:10,449.9,26.9
7/22/2024 10:20,453.5,26.97
7/22/2024 10:30,456.6,27.01
7/22/2024 10:40,462.9,27.1
7/22/2024 10:50,466.5,27.1
7/22/2024 11:00,464.8,27.17
7/22/2024 11:10,464.8,27.21
7/22/2024 11:20,472.3,27.37
7/22/2024 11:30,472.6,27.51
7/22/2024 11:40,473.8,27.53
7/22/2024 11:50,473.3,27.66
7/22/2024 12:00,472.8,27.83
7/22/2024 12:10,474,27.96
7/22/2024 12:20,477.1,28.02
7/22/2024 12:30,478.2,28.1
7/22/2024 12:40,478.6,28.15
7/22/2024 12:50,480.5,28.3
7/22/2024 13:00,481.6,28.41
7/22/2024 13:10,481.6,28.43
7/22/2024 13:20,482,28.53
7/22/2024 13:30,478.4,28.59
7/22/2024 13:40,480.7,28.77
7/22/2024 13:50,483.8,28.87
7/22/2024 14:00,483.4,28.88
7/22/2024 14:10,482.2,28.89
7/22/2024 14:20,479,28.97
7/22/2024 14:30,479.4,28.94
7/22/2024 14:40,477.4,28.9
7/22/2024 14:50,476.3,28.78
7/22/2024 15:00,476.4,28.68
7/22/2024 15:10,475.6,28.66
7/22/2024 15:20,472.4,28.64
7/22/2024 15:30,467.7,28.64
7/22/2024 15:40,464.9,28.63
7/22/2024 15:50,462.5,28.63
7/22/2024 16:00,461.3,28.64
7/22/2024 16:10,459.4,28.65
7/22/2024 16:20,459.4,28.64
7/22/2024 16:30,458.6,28.6
7/22/2024 16:40,459,28.57
7/22/2024 16:50,459,28.55
7/22/2024 17:00,457.5,28.5
7/22/2024 17:10,457.1,28.48
7/22/2024 17:20,456.7,28.45
7/22/2024 17:30,455.1,28.41
7/22/2024 17:40,456.7,28.35
7/22/2024 17:50,457.6,28.29
7/22/2024 18:00,458.4,28.25
7/22/2024 18:10,458.4,28.21
7/22/2024 18:20,461.6,28.18
7/22/2024 18:30,465.6,28.12
7/22/2024 18:40,466.4,28.08
7/22/2024 18:50,467.2,28.02
7/22/2024 19:00,468,27.99
7/22/2024 19:10,473.6,27.96
7/22/2024 19:20,476.8,27.9
7/22/2024 19:30,478,27.85
7/22/2024 19:40,480.8,27.8
7/22/2024 19:50,480.8,27.77
7/22/2024 20:00,481.6,27.74
7/22/2024 20:10,483.6,27.68
7/22/2024 20:20,482.8,27.62
7/22/2024 20:30,482.1,27.59
7/22/2024 20:40,483.3,27.55
7/22/2024 20:50,483.7,27.51
7/22/2024 21:00,483.3,27.49
7/22/2024 21:10,482.1,27.45
7/22/2024 21:20,483.3,27.43
7/22/2024 21:30,484.5,27.39
7/22/2024 21:40,484.2,27.34
7/22/2024 21:50,483.4,27.29
7/22/2024 22:00,479.1,27.27
7/22/2024 22:10,476.3,27.24
7/22/2024 22:20,475.9,27.21
7/22/2024 22:30,476.7,27.16
7/22/2024 22:40,477.5,27.15
7/22/2024 22:50,479.5,27.13
7/22/2024 23:00,480.3,27.13
7/22/2024 23:10,482.3,27.13
7/22/2024 23:20,484.3,27.12
7/22/2024 23:30,486.3,27.12
7/22/2024 23:40,487.9,27.09
7/22/2024 23:50,487.9,27.05
7/23/2024 0:00,486.7,27.02
7/23/2024 0:10,487.1,27.02
7/23/2024 0:20,487.9,27
7/23/2024 0:30,489.9,26.99
7/23/2024 0:40,510.5,26.98
7/23/2024 0:50,514.1,26.97
7/23/2024 1:00,514.5,26.94
7/23/2024 1:10,514.1,26.92
7/23/2024 1:20,514.1,26.92
7/23/2024 1:30,508.6,26.9
7/23/2024 1:40,505,26.89
7/23/2024 1:50,506.6,26.86
7/23/2024 2:00,497.9,26.85
7/23/2024 2:10,503.1,26.83
7/23/2024 2:20,503.5,26.8
7/23/2024 2:30,502.3,26.79
7/23/2024 2:40,492,26.76
7/23/2024 2:50,478.5,26.76
7/23/2024 3:00,484.9,26.75
7/23/2024 3:10,490.4,26.74
7/23/2024 3:20,476.2,26.7
7/23/2024 3:30,474.2,26.69
7/23/2024 3:40,475.4,26.68
7/23/2024 3:50,473,26.65
7/23/2024 4:00,470.7,26.63
7/23/2024 4:10,468.3,26.63
7/23/2024 4:20,469.1,26.62
7/23/2024 4:30,471.5,26.61
7/23/2024 4:40,468.3,26.61
7/23/2024 4:50,472.7,26.6
7/23/2024 5:00,468.7,26.57
7/23/2024 5:10,470.3,26.56
7/23/2024 5:20,462,26.56
7/23/2024 5:30,462.8,26.54
7/23/2024 5:40,461.6,26.54
7/23/2024 5:50,461.6,26.54
7/23/2024 6:00,464.8,26.53
7/23/2024 6:10,467.9,26.53
7/23/2024 6:20,468.7,26.5
7/23/2024 6:30,467.5,26.5
7/23/2024 6:40,462,26.5
7/23/2024 6:50,459.2,26.49
7/23/2024 7:00,461.6,26.49
7/23/2024 7:10,466,26.49
7/23/2024 7:20,467.9,26.5
7/23/2024 7:30,468.4,26.48
7/23/2024 7:40,467.1,26.5
7/23/2024 7:50,466.4,26.52
7/23/2024 8:00,460.8,26.53
7/23/2024 8:10,459.2,26.52
7/23/2024 8:20,458.4,26.54
7/23/2024 8:30,457.2,26.55
7/23/2024 8:40,458,26.59
7/23/2024 8:50,456.8,26.61
7/23/2024 9:00,456.4,26.64
7/23/2024 9:10,456.4,26.69
7/23/2024 9:20,454.8,26.74
7/23/2024 9:30,454.7,26.8
7/23/2024 9:40,455.1,26.85
7/23/2024 9:50,456.2,26.93
7/23/2024 10:00,456.2,26.99
7/23/2024 10:10,458.2,27
7/23/2024 10:20,464.1,27.1
7/23/2024 10:30,468,27.19
7/23/2024 10:40,469.9,27.28
7/23/2024 10:50,472.6,27.44
7/23/2024 11:00,476.6,27.47
7/23/2024 11:10,478.9,27.55
7/23/2024 11:20,486.3,27.74
7/23/2024 11:30,484.8,27.74
7/23/2024 11:40,487.4,27.96
7/23/2024 11:50,491.3,28.06
7/23/2024 12:00,492.4,28.27
7/23/2024 12:10,489.2,28.38
7/23/2024 12:20,490,28.4
7/23/2024 12:30,491,28.6
7/23/2024 12:40,487.9,28.53
7/23/2024 12:50,487.1,28.49
7/23/2024 13:00,486,28.44
7/23/2024 13:10,489,28.67
7/23/2024 13:20,491.4,28.73
7/23/2024 13:30,491.7,28.92
7/23/2024 13:40,492.8,29.03
7/23/2024 13:50,493.9,29.17
7/23/2024 14:00,492.3,29.18
7/23/2024 14:10,490,29.13
7/23/2024 14:20,493.2,29.03
7/23/2024 14:30,494,29.09
7/23/2024 14:40,494,29.11
7/23/2024 14:50,493.9,29.15
7/23/2024 15:00,490.8,29.13
7/23/2024 15:10,488.8,29.17
7/23/2024 15:20,486,29.23
7/23/2024 15:30,482.1,29.15
7/23/2024 15:40,481.3,29.11
7/23/2024 15:50,479,29.03
7/23/2024 16:00,479,29.01
7/23/2024 16:10,480.6,28.98
7/23/2024 16:20,480.2,28.93
7/23/2024 16:30,482.6,28.88
7/23/2024 16:40,483,28.93
7/23/2024 16:50,479.4,28.9
7/23/2024 17:00,477,28.9
7/23/2024 17:10,474.7,28.83
7/23/2024 17:20,474.7,28.79
7/23/2024 17:30,477.9,28.75
7/23/2024 17:40,476,28.68
7/23/2024 17:50,475.6,28.64
7/23/2024 18:00,474.8,28.59
7/23/2024 18:10,473.3,28.55
7/23/2024 18:20,472.9,28.49
7/23/2024 18:30,472.1,28.42
7/23/2024 18:40,474.1,28.41
7/23/2024 18:50,474.2,28.34
7/23/2024 19:00,474.6,28.28
7/23/2024 19:10,476.2,28.27
7/23/2024 19:20,477.8,28.2
7/23/2024 19:30,479,28.15
7/23/2024 19:40,480.2,28.11
7/23/2024 19:50,481.8,28.05
7/23/2024 20:00,482.6,28.02
7/23/2024 20:10,484.2,27.97
7/23/2024 20:20,486.2,27.93
7/23/2024 20:30,487.1,27.89
7/23/2024 20:40,487.1,27.83
7/23/2024 20:50,485.9,27.8
7/23/2024 21:00,484.4,27.74
7/23/2024 21:10,483.2,27.69
7/23/2024 21:20,482.8,27.67
7/23/2024 21:30,482.8,27.65
7/23/2024 21:40,482.8,27.64
7/23/2024 21:50,481.7,27.59
7/23/2024 22:00,481.7,27.57
7/23/2024 22:10,480.9,27.52
7/23/2024 22:20,480.1,27.46
7/23/2024 22:30,480.6,27.43
7/23/2024 22:40,480.6,27.37
7/23/2024 22:50,481,27.31
7/23/2024 23:00,480.3,27.25
7/23/2024 23:10,480.3,27.24
7/23/2024 23:20,480.3,27.21
7/23/2024 23:30,480.3,27.21
7/23/2024 23:40,481.1,27.15
7/23/2024 23:50,480.7,27.14
7/24/2024 0:00,480.3,27.13
7/24/2024 0:10,481.1,27.09
7/24/2024 0:20,482.3,27.07
7/24/2024 0:30,482.7,27.05
7/24/2024 0:40,483.1,27.07
7/24/2024 0:50,483.1,27.04
7/24/2024 1:00,484,26.99
7/24/2024 1:10,484.4,26.98
7/24/2024 1:20,485.2,26.97
7/24/2024 1:30,486.4,26.94
7/24/2024 1:40,487.2,26.92
7/24/2024 1:50,489.9,26.92
7/24/2024 2:00,490.8,26.89
7/24/2024 2:10,492,26.86
7/24/2024 2:20,494.3,26.85
7/24/2024 2:30,496.3,26.84
7/24/2024 2:40,497.5,26.83
7/24/2024 2:50,497.9,26.82
7/24/2024 3:00,498.7,26.83
7/24/2024 3:10,500.3,26.79
7/24/2024 3:20,502.3,26.79
7/24/2024 3:30,505.5,26.77
7/24/2024 3:40,510.3,26.77
7/24/2024 3:50,515.4,26.76
7/24/2024 4:00,516.6,26.72
7/24/2024 4:10,518.2,26.71
7/24/2024 4:20,519.8,26.71
7/24/2024 4:30,522.6,26.71
7/24/2024 4:40,524.2,26.69
7/24/2024 4:50,524.6,26.67
7/24/2024 5:00,522.3,26.62
7/24/2024 5:10,518.3,26.62
7/24/2024 5:20,513.1,26.61
7/24/2024 5:30,509.5,26.62
7/24/2024 5:40,502,26.59
7/24/2024 5:50,500.4,26.56
7/24/2024 6:00,499.3,26.56
7/24/2024 6:10,497.3,26.55
7/24/2024 6:20,494.5,26.53
7/24/2024 6:30,494.9,26.49
7/24/2024 6:40,494.9,26.5
7/24/2024 6:50,495.7,26.46
7/24/2024 7:00,496.5,26.46
7/24/2024 7:10,498.5,26.48
7/24/2024 7:20,500.1,26.48
7/24/2024 7:30,501.7,26.48
7/24/2024 7:40,503.7,26.49
7/24/2024 7:50,504.8,26.52
7/24/2024 8:00,503.6,26.54
7/24/2024 8:10,502.4,26.56
7/24/2024 8:20,502.8,26.56
7/24/2024 8:30,503.6,26.54
7/24/2024 8:40,500.5,26.55
7/24/2024 8:50,496.1,26.59
7/24/2024 9:00,493.3,26.62
7/24/2024 9:10,489.3,26.64
7/24/2024 9:20,481.3,26.69
7/24/2024 9:30,478.5,26.72
7/24/2024 9:40,478.1,26.75
7/24/2024 9:50,478.1,26.83
7/24/2024 10:00,478.4,26.91
7/24/2024 10:10,478,27
7/24/2024 10:20,478.4,27.07
7/24/2024 10:30,483.1,27.05
7/24/2024 10:40,490.7,27.07
7/24/2024 10:50,498.2,27.05
7/24/2024 11:00,500.2,27.05
7/24/2024 11:10,502.1,27.24
7/24/2024 11:20,504.7,27.51
7/24/2024 11:30,506.9,27.84
7/24/2024 11:40,506.4,28.03
7/24/2024 11:50,505.4,27.6
7/24/2024 12:00,509.8,27.68
7/24/2024 12:10,515.1,28.1
7/24/2024 12:20,448.9,28.11
7/24/2024 12:30,390.8,28.19
7/24/2024 12:40,514.1,27.83
7/24/2024 12:50,514.8,27.92
7/24/2024 13:00,502.8,28.02
7/24/2024 13:10,500.8,28.11
7/24/2024 13:20,506.3,28.22
7/24/2024 13:30,505.9,28.3
7/24/2024 13:40,506.6,28.48
7/24/2024 13:50,508.1,28.53
7/24/2024 14:00,508.9,28.63
7/24/2024 14:10,505.6,28.71
7/24/2024 14:20,509.2,28.75
7/24/2024 14:30,513.9,28.82
7/24/2024 14:40,512.3,28.95
7/24/2024 14:50,510.3,28.96
7/24/2024 15:00,511.5,28.95
7/24/2024 15:10,513.8,28.96
7/24/2024 15:20,512.2,28.98
7/24/2024 15:30,509.5,28.93
7/24/2024 15:40,508.3,28.89
7/24/2024 15:50,510.7,28.85
7/24/2024 16:00,502.7,28.95
7/24/2024 16:10,502.7,28.97
7/24/2024 16:20,502,28.95
7/24/2024 16:30,499.2,28.88
7/24/2024 16:40,500,28.89
7/24/2024 16:50,499.2,28.88
7/24/2024 17:00,496.8,28.87
7/24/2024 17:10,494.5,28.82
7/24/2024 17:20,494.1,28.78
7/24/2024 17:30,492.6,28.75
7/24/2024 17:40,496.2,28.65
7/24/2024 17:50,495.4,28.58
7/24/2024 18:00,498.2,28.53
7/24/2024 18:10,499.8,28.47
7/24/2024 18:20,499.4,28.49
7/24/2024 18:30,497.5,28.48
7/24/2024 18:40,495.5,28.45
7/24/2024 18:50,493.9,28.44
7/24/2024 19:00,491.5,28.41
7/24/2024 19:10,491.6,28.37
7/24/2024 19:20,493.6,28.32
7/24/2024 19:30,494.8,28.29
7/24/2024 19:40,493.2,28.26
7/24/2024 19:50,493.6,28.21
7/24/2024 20:00,493.6,28.18
7/24/2024 20:10,495.6,28.15
7/24/2024 20:20,497.2,28.12
7/24/2024 20:30,498.5,28.07
7/24/2024 20:40,498.9,28.05
7/24/2024 20:50,500.1,28.02
7/24/2024 21:00,501.3,27.98
7/24/2024 21:10,501.7,27.93
7/24/2024 21:20,502.1,27.9
7/24/2024 21:30,503.7,27.85
7/24/2024 21:40,503.7,27.82
7/24/2024 21:50,507.3,27.8
7/24/2024 22:00,507.4,27.75
7/24/2024 22:10,507,27.72
7/24/2024 22:20,506.2,27.68
7/24/2024 22:30,505.4,27.65
7/24/2024 22:40,505.8,27.61
7/24/2024 22:50,504.3,27.58
7/24/2024 23:00,503.1,27.54
7/24/2024 23:10,502.3,27.51
7/24/2024 23:20,503.5,27.49
7/24/2024 23:30,505.1,27.46
7/24/2024 23:40,505.9,27.44
7/24/2024 23:50,506.7,27.43
7/25/2024 0:00,506.4,27.38
7/25/2024 0:10,505.6,27.35
7/25/2024 0:20,504,27.31
7/25/2024 0:30,503.6,27.3
7/25/2024 0:40,505.6,27.29
7/25/2024 0:50,510,27.28
7/25/2024 1:00,511.6,27.25
7/25/2024 1:10,512,27.23
7/25/2024 1:20,513.6,27.21
7/25/2024 1:30,513.2,27.19
7/25/2024 1:40,513.2,27.16
7/25/2024 1:50,514.8,27.14
7/25/2024 2:00,513.6,27.12
7/25/2024 2:10,512.9,27.1
7/25/2024 2:20,516.4,27.1
7/25/2024 2:30,516.1,27.07
7/25/2024 2:40,515.3,27.07
7/25/2024 2:50,524,27.07
7/25/2024 3:00,525.2,27.04
7/25/2024 3:10,524.8,27.02
7/25/2024 3:20,524,27
7/25/2024 3:30,522.8,26.99
7/25/2024 3:40,520.5,26.98
7/25/2024 3:50,524.8,26.98
7/25/2024 4:00,525.6,26.97
7/25/2024 4:10,526,26.97
7/25/2024 4:20,527.6,26.94
7/25/2024 4:30,527.2,26.93
7/25/2024 4:40,528.4,26.93
7/25/2024 4:50,532,26.92
7/25/2024 5:00,540,26.92
7/25/2024 5:10,540,26.91
7/25/2024 5:20,539.6,26.9
7/25/2024 5:30,538,26.87
7/25/2024 5:40,535.6,26.86
7/25/2024 5:50,534.4,26.85
7/25/2024 6:00,532.1,26.84
7/25/2024 6:10,534.5,26.84
7/25/2024 6:20,535.7,26.83
7/25/2024 6:30,534.5,26.82
7/25/2024 6:40,531.3,26.8
7/25/2024 6:50,530.9,26.79
7/25/2024 7:00,529.3,26.79
7/25/2024 7:10,532.5,26.79
7/25/2024 7:20,532.5,26.79
7/25/2024 7:30,529.3,26.79
7/25/2024 7:40,528.1,26.78
7/25/2024 7:50,509.9,26.75
7/25/2024 8:00,503.9,26.77
7/25/2024 8:10,512.2,26.79
7/25/2024 8:20,509.1,26.79
7/25/2024 8:30,499.5,26.8
7/25/2024 8:40,505.9,26.83
7/25/2024 8:50,505.5,26.85
7/25/2024 9:00,499.5,26.89
7/25/2024 9:10,505.8,26.92
7/25/2024 9:20,516.1,26.97
7/25/2024 9:30,518.5,27.01
7/25/2024 9:40,519.7,27.02
7/25/2024 9:50,516.1,27.06
7/25/2024 10:00,513.7,27.1
7/25/2024 10:10,516,27.17
7/25/2024 10:20,523.5,27.27
7/25/2024 10:30,525.4,27.31
7/25/2024 10:40,527,27.37
7/25/2024 10:50,530.1,27.47
7/25/2024 11:00,524.1,27.52
7/25/2024 11:10,528.1,27.59
7/25/2024 11:20,537.2,27.62
7/25/2024 11:30,533.6,27.73
7/25/2024 11:40,528,27.76
7/25/2024 11:50,528.7,27.81
7/25/2024 12:00,537.8,27.87
7/25/2024 12:10,537.4,27.95
7/25/2024 12:20,531.4,27.95
7/25/2024 12:30,535.3,28.08
7/25/2024 12:40,535.7,28.11
7/25/2024 12:50,537.6,28.22
7/25/2024 13:00,530.9,28.28
7/25/2024 13:10,531.2,28.33
7/25/2024 13:20,530.8,28.42
7/25/2024 13:30,531.5,28.49
7/25/2024 13:40,528.3,28.6
7/25/2024 13:50,527.5,28.66
7/25/2024 14:00,527.1,28.65
7/25/2024 14:10,528.6,28.73
7/25/2024 14:20,528.2,28.74
7/25/2024 14:30,527.4,28.81
7/25/2024 14:40,526.2,28.82
7/25/2024 14:50,524.2,28.86
7/25/2024 15:00,528.2,28.81
7/25/2024 15:10,528.5,28.88
7/25/2024 15:20,527.3,28.9
7/25/2024 15:30,524.5,28.95
7/25/2024 15:40,523.7,28.96
7/25/2024 15:50,523,28.95
7/25/2024 16:00,524.5,29.03
7/25/2024 16:10,525.3,29
7/25/2024 16:20,521,28.97
7/25/2024 16:30,518.6,29
7/25/2024 16:40,518.6,29
7/25/2024 16:50,519,28.96
7/25/2024 17:00,519.8,28.92
7/25/2024 17:10,518.2,28.94
7/25/2024 17:20,517,28.93
7/25/2024 17:30,518.6,28.88
7/25/2024 17:40,518.2,28.89
7/25/2024 17:50,519,28.85
7/25/2024 18:00,517.9,28.81
7/25/2024 18:10,516.7,28.78
7/25/2024 18:20,517.9,28.77
7/25/2024 18:30,517.1,28.77
7/25/2024 18:40,516.7,28.77
7/25/2024 18:50,515.9,28.74
7/25/2024 19:00,515.6,28.71
7/25/2024 19:10,515.6,28.65
7/25/2024 19:20,516,28.63
7/25/2024 19:30,515.2,28.59
7/25/2024 19:40,514.9,28.55
7/25/2024 19:50,515.7,28.52
7/25/2024 20:00,516.1,28.49
7/25/2024 20:10,515.7,28.47
7/25/2024 20:20,516.1,28.43
7/25/2024 20:30,516.9,28.4
7/25/2024 20:40,519.3,28.35
7/25/2024 20:50,520.9,28.33
7/25/2024 21:00,521.3,28.29
7/25/2024 21:10,521.4,28.23
7/25/2024 21:20,523.4,28.22
7/25/2024 21:30,524.2,28.2
7/25/2024 21:40,523.8,28.17
7/25/2024 21:50,523.4,28.14
7/25/2024 22:00,523.4,28.11
7/25/2024 22:10,523.8,28.08
7/25/2024 22:20,524.6,28.06
7/25/2024 22:30,524.6,28.04
7/25/2024 22:40,525.5,28
7/25/2024 22:50,526.3,27.98
7/25/2024 23:00,526.3,27.95
7/25/2024 23:10,525.5,27.91
7/25/2024 23:20,525.1,27.89
7/25/2024 23:30,526.3,27.87
7/25/2024 23:40,526.3,27.83
7/25/2024 23:50,527.2,27.82
7/26/2024 0:00,528.4,27.8
7/26/2024 0:10,530.4,27.77
7/26/2024 0:20,530.8,27.74
7/26/2024 0:30,529.2,27.72
7/26/2024 0:40,528.8,27.68
7/26/2024 0:50,527.2,27.66
7/26/2024 1:00,527.3,27.64
7/26/2024 1:10,527.7,27.61
7/26/2024 1:20,524.9,27.59
7/26/2024 1:30,526.1,27.57
7/26/2024 1:40,524.9,27.53
7/26/2024 1:50,524.1,27.51
7/26/2024 2:00,524.9,27.5
7/26/2024 2:10,526.1,27.49
7/26/2024 2:20,526.2,27.46
7/26/2024 2:30,525,27.44
7/26/2024 2:40,525,27.42
7/26/2024 2:50,523.8,27.39
7/26/2024 3:00,524.2,27.38
7/26/2024 3:10,525,27.37
7/26/2024 3:20,525,27.34
7/26/2024 3:30,526.6,27.32
7/26/2024 3:40,527.4,27.31
7/26/2024 3:50,528.2,27.29
7/26/2024 4:00,529.8,27.27
7/26/2024 4:10,529.1,27.25
7/26/2024 4:20,527.5,27.25
7/26/2024 4:30,531,27.25
7/26/2024 4:40,533,27.23
7/26/2024 4:50,531.5,27.2
7/26/2024 5:00,528.7,27.2
7/26/2024 5:10,529.1,27.17
7/26/2024 5:20,530.3,27.16
7/26/2024 5:30,534.7,27.17
7/26/2024 5:40,535.9,27.16
7/26/2024 5:50,535.1,27.14
7/26/2024 6:00,535.9,27.13
7/26/2024 6:10,535.5,27.12
7/26/2024 6:20,536.7,27.13
7/26/2024 6:30,542.6,27.12
7/26/2024 6:40,537.9,27.09
7/26/2024 6:50,537.1,27.08
7/26/2024 7:00,537.9,27.08
7/26/2024 7:10,536.3,27.08
7/26/2024 7:20,538.7,27.08
7/26/2024 7:30,537.9,27.09
7/26/2024 7:40,542.7,27.09
7/26/2024 7:50,542.3,27.09
7/26/2024 8:00,540.3,27.09
7/26/2024 8:10,543.4,27.12
7/26/2024 8:20,534.3,27.1
7/26/2024 8:30,534.3,27.14
7/26/2024 8:40,534.7,27.14
7/26/2024 8:50,538.6,27.19
7/26/2024 9:00,541,27.21
7/26/2024 9:10,543.4,27.24
7/26/2024 9:20,547.3,27.28
7/26/2024 9:30,545.3,27.29
7/26/2024 9:40,542.5,27.31
7/26/2024 9:50,537.3,27.36
7/26/2024 10:00,550,27.42
7/26/2024 10:10,542.5,27.4
7/26/2024 10:20,547.6,27.49
7/26/2024 10:30,543.6,27.49
7/26/2024 10:40,542.4,27.58
7/26/2024 10:50,540.7,27.69
7/26/2024 11:00,530.8,27.72
7/26/2024 11:10,533.9,27.85
7/26/2024 11:20,549.7,27.92
7/26/2024 11:30,547.7,28
7/26/2024 11:40,552.8,28.04
7/26/2024 11:50,554.7,28.17
7/26/2024 12:00,553.1,28.18
7/26/2024 12:10,555.1,28.26
7/26/2024 12:20,553.1,28.32
7/26/2024 12:30,557.4,28.37
7/26/2024 12:40,560.5,28.51
7/26/2024 12:50,562.4,28.6
7/26/2024 13:00,569.1,28.73
7/26/2024 13:10,566.4,28.65
7/26/2024 13:20,558,28.7
7/26/2024 13:30,556.8,28.77
7/26/2024 13:40,551.2,28.85
7/26/2024 13:50,551.9,28.93
7/26/2024 14:00,554.7,28.96
7/26/2024 14:10,552.7,28.98
7/26/2024 14:20,554.6,29.02
7/26/2024 14:30,558.3,28.94
7/26/2024 14:40,553.8,29.05
7/26/2024 14:50,552.6,29.11
7/26/2024 15:00,553,29.17
7/26/2024 15:10,554.1,29.25
7/26/2024 15:20,552.1,29.37
7/26/2024 15:30,552,29.42
7/26/2024 15:40,554.1,29.28
7/26/2024 15:50,552.9,29.28
7/26/2024 16:00,554.1,29.33
7/26/2024 16:10,557.7,29.28
7/26/2024 16:20,556.1,29.26
7/26/2024 16:30,554.9,29.22
7/26/2024 16:40,553.3,29.27
7/26/2024 16:50,553.3,29.24
7/26/2024 17:00,554.1,29.24
7/26/2024 17:10,554.5,29.25
7/26/2024 17:20,552.9,29.22
7/26/2024 17:30,554.2,29.17
7/26/2024 17:40,552.2,29.13
7/26/2024 17:50,552.6,29.15
7/26/2024 18:00,552.2,29.16
7/26/2024 18:10,554.2,29.11
7/26/2024 18:20,552.2,29.12
7/26/2024 18:30,551,29.11
7/26/2024 18:40,550.2,29.16
7/26/2024 18:50,543.1,29.16
7/26/2024 19:00,544.3,29.09
7/26/2024 19:10,544.7,29.05
7/26/2024 19:20,544.7,29.01
7/26/2024 19:30,546.7,28.95
7/26/2024 19:40,547.6,28.9
7/26/2024 19:50,549.2,28.89
7/26/2024 20:00,548.8,28.85
7/26/2024 20:10,548.8,28.83
7/26/2024 20:20,548,28.81
7/26/2024 20:30,548.8,28.81
7/26/2024 20:40,547.2,28.77
7/26/2024 20:50,545.3,28.73
7/26/2024 21:00,543.7,28.71
7/26/2024 21:10,543.3,28.68
7/26/2024 21:20,542.9,28.66
7/26/2024 21:30,541.8,28.64
7/26/2024 21:40,542.6,28.62
7/26/2024 21:50,542.6,28.56
7/26/2024 22:00,542.6,28.55
7/26/2024 22:10,541.8,28.52
7/26/2024 22:20,542.6,28.49
7/26/2024 22:30,543,28.48
7/26/2024 22:40,543.5,28.45
7/26/2024 22:50,543.1,28.41
7/26/2024 23:00,543.9,28.38
7/26/2024 23:10,544.3,28.37
7/26/2024 23:20,544.7,28.34
7/26/2024 23:30,544.3,28.3
7/26/2024 23:40,545.6,28.27
7/26/2024 23:50,546.4,28.25
7/27/2024 0:00,547.2,28.2
7/27/2024 0:10,547.6,28.19
7/27/2024 0:20,548,28.17
7/27/2024 0:30,547.6,28.13
7/27/2024 0:40,547.6,28.1
7/27/2024 0:50,548,28.07
7/27/2024 1:00,546.9,28.04
7/27/2024 1:10,546.9,28.02
7/27/2024 1:20,546.1,27.97
7/27/2024 1:30,546.1,27.95
7/27/2024 1:40,545.8,27.92
7/27/2024 1:50,546.2,27.89
7/27/2024 2:00,546.2,27.87
7/27/2024 2:10,546.2,27.84
7/27/2024 2:20,545.4,27.82
7/27/2024 2:30,545.4,27.77
7/27/2024 2:40,546.3,27.74
7/27/2024 2:50,545.9,27.7
7/27/2024 3:00,545.5,27.66
7/27/2024 3:10,545.1,27.65
7/27/2024 3:20,545.9,27.62
7/27/2024 3:30,545.5,27.6
7/27/2024 3:40,546,27.58
7/27/2024 3:50,547.1,27.57
7/27/2024 4:00,548.4,27.53
7/27/2024 4:10,548.8,27.51
7/27/2024 4:20,549.2,27.51
7/27/2024 4:30,550.4,27.46
7/27/2024 4:40,550,27.44
7/27/2024 4:50,548.8,27.39
7/27/2024 5:00,547.7,27.36
7/27/2024 5:10,547.7,27.34
7/27/2024 5:20,547.3,27.3
7/27/2024 5:30,548.1,27.29
7/27/2024 5:40,549.7,27.24
7/27/2024 5:50,548.9,27.22
7/27/2024 6:00,548.9,27.21
7/27/2024 6:10,549.4,27.19
7/27/2024 6:20,551,27.17
7/27/2024 6:30,551,27.13
7/27/2024 6:40,547.4,27.1
7/27/2024 6:50,546.6,27.08
7/27/2024 7:00,547,27.09
7/27/2024 7:10,546.6,27.06
7/27/2024 7:20,547.8,27.1
7/27/2024 7:30,549.8,27.07
7/27/2024 7:40,551,27.08
7/27/2024 7:50,553,27.08
7/27/2024 8:00,553.8,27.07
7/27/2024 8:10,553.4,27.08
7/27/2024 8:20,552.2,27.06
7/27/2024 8:30,552.2,27.07
7/27/2024 8:40,552.6,27.09
7/27/2024 8:50,553,27.09
7/27/2024 9:00,553.4,27.12
7/27/2024 9:10,554.2,27.14
7/27/2024 9:20,555.3,27.19
7/27/2024 9:30,558.1,27.2
7/27/2024 9:40,556.9,27.21
7/27/2024 9:50,556,27.3
7/27/2024 10:00,558.8,27.34
7/27/2024 10:10,561.5,27.44
7/27/2024 10:20,564.3,27.49
7/27/2024 10:30,564.3,27.52
7/27/2024 10:40,564.6,27.59
7/27/2024 10:50,564.6,27.66
7/27/2024 11:00,567.3,27.78
7/27/2024 11:10,566.8,27.87
7/27/2024 11:20,568.8,27.97
7/27/2024 11:30,569.9,28.04
7/27/2024 11:40,568.3,28.02
7/27/2024 11:50,567.1,28.04
7/27/2024 12:00,570.2,28.15
7/27/2024 12:10,562.6,28.26
7/27/2024 12:20,563.4,28.35
7/27/2024 12:30,572,28.48
7/27/2024 12:40,575.5,28.62
7/27/2024 12:50,573.1,28.66
7/27/2024 13:00,573.9,28.72
7/27/2024 13:10,577,28.88
7/27/2024 13:20,570.7,28.65
7/27/2024 13:30,574.2,28.9
7/27/2024 13:40,576.9,28.96
7/27/2024 13:50,580.8,29.11
7/27/2024 14:00,578.8,29.18
7/27/2024 14:10,573.2,29.17
7/27/2024 14:20,569.6,29.23
7/27/2024 14:30,566.4,29.3
7/27/2024 14:40,566.4,29.31
7/27/2024 14:50,567.2,29.31
7/27/2024 15:00,566.3,29.35
7/27/2024 15:10,564.7,29.39
7/27/2024 15:20,564,29.38
7/27/2024 15:30,564.3,29.42
7/27/2024 15:40,565.1,29.43
7/27/2024 15:50,565.1,29.39
7/27/2024 16:00,564,29.38
7/27/2024 16:10,564,29.33
7/27/2024 16:20,564,29.32
7/27/2024 16:30,564.4,29.26
7/27/2024 16:40,564.8,29.24
7/27/2024 16:50,564.5,29.19
7/27/2024 17:00,562.5,29.2
7/27/2024 17:10,564.1,29.13
7/27/2024 17:20,563.7,29.16
7/27/2024 17:30,562.9,29.13
7/27/2024 17:40,562.5,29.12
7/27/2024 17:50,560.5,29.11
7/27/2024 18:00,560.6,29.07
7/27/2024 18:10,561,29.05
7/27/2024 18:20,561,29.05
7/27/2024 18:30,560.2,28.98
7/27/2024 18:40,561,28.97
7/27/2024 18:50,560.6,28.97
7/27/2024 19:00,560.6,28.95
7/27/2024 19:10,561,28.93
7/27/2024 19:20,560.7,28.9
7/27/2024 19:30,560.7,28.87
7/27/2024 19:40,560.3,28.81
7/27/2024 19:50,559.9,28.8
7/27/2024 20:00,559.2,28.75
7/27/2024 20:10,559.6,28.74
7/27/2024 20:20,559.6,28.71
7/27/2024 20:30,558.8,28.67
7/27/2024 20:40,558.4,28.64
7/27/2024 20:50,558.5,28.62
7/27/2024 21:00,556.9,28.59
7/27/2024 21:10,556.9,28.56
7/27/2024 21:20,556.5,28.52
7/27/2024 21:30,556.1,28.49
7/27/2024 21:40,556.2,28.45
7/27/2024 21:50,555.8,28.41
7/27/2024 22:00,555.8,28.37
7/27/2024 22:10,556.2,28.33
7/27/2024 22:20,557,28.3
7/27/2024 22:30,557.1,28.27
7/27/2024 22:40,557.1,28.22
7/27/2024 22:50,556.7,28.19
7/27/2024 23:00,557.1,28.17
7/27/2024 23:10,557.2,28.11
7/27/2024 23:20,557.2,28.07
7/27/2024 23:30,557.2,28.04
7/27/2024 23:40,557.2,28
7/27/2024 23:50,557.3,27.96
7/28/2024 0:00,556.5,27.9
7/28/2024 0:10,557.3,27.89
7/28/2024 0:20,557.7,27.84
7/28/2024 0:30,558.1,27.81
7/28/2024 0:40,558.2,27.77
7/28/2024 0:50,558.2,27.75
7/28/2024 1:00,558.2,27.7
7/28/2024 1:10,557.8,27.67
7/28/2024 1:20,557.4,27.64
7/28/2024 1:30,557.5,27.6
7/28/2024 1:40,557.5,27.58
7/28/2024 1:50,557.5,27.53
7/28/2024 2:00,556.7,27.51
7/28/2024 2:10,556.7,27.49
7/28/2024 2:20,556.4,27.46
7/28/2024 2:30,556.4,27.43
7/28/2024 2:40,557.2,27.39
7/28/2024 2:50,557.6,27.36
7/28/2024 3:00,557.2,27.3
7/28/2024 3:10,556.5,27.25
7/28/2024 3:20,556.5,27.22
7/28/2024 3:30,556.9,27.2
7/28/2024 3:40,557.3,27.17
7/28/2024 3:50,557.7,27.14
7/28/2024 4:00,558.1,27.12
7/28/2024 4:10,558.2,27.08
7/28/2024 4:20,558.6,27.05
7/28/2024 4:30,558.6,27
7/28/2024 4:40,559,26.97
7/28/2024 4:50,559.4,26.97
7/28/2024 5:00,559.5,26.91
7/28/2024 5:10,559.5,26.89
7/28/2024 5:20,559.9,26.87
7/28/2024 5:30,559.9,26.84
7/28/2024 5:40,559.9,26.79
7/28/2024 5:50,560.3,26.79
7/28/2024 6:00,560.7,26.76
7/28/2024 6:10,560.8,26.72
7/28/2024 6:20,560.8,26.69
7/28/2024 6:30,560.8,26.67
7/28/2024 6:40,560.8,26.65
7/28/2024 6:50,560.8,26.63
7/28/2024 7:00,561.6,26.65
7/28/2024 7:10,560.9,26.57
7/28/2024 7:20,560.8,26.6
7/28/2024 7:30,562.4,26.6
7/28/2024 7:40,562.8,26.61
7/28/2024 7:50,562.5,26.56
7/28/2024 8:00,560.5,26.55
7/28/2024 8:10,560.8,26.59
7/28/2024 8:20,558.5,26.54
7/28/2024 8:30,558.5,26.56
7/28/2024 8:40,560.8,26.6
7/28/2024 8:50,561.6,26.6
7/28/2024 9:00,560,26.59
7/28/2024 9:10,561.2,26.62
7/28/2024 9:20,562.8,26.64
7/28/2024 9:30,564,26.68
7/28/2024 9:40,565.1,26.74
7/28/2024 9:50,568.7,26.79
7/28/2024 10:00,572.2,26.87
7/28/2024 10:10,571.7,26.99
7/28/2024 10:20,574.1,27.02
7/28/2024 10:30,574.5,27.09
7/28/2024 10:40,574.8,27.19
7/28/2024 10:50,576.3,27.28
7/28/2024 11:00,575.1,27.4
7/28/2024 11:10,577.8,27.54
7/28/2024 11:20,577.7,27.6
7/28/2024 11:30,579.7,27.69
7/28/2024 11:40,582.4,27.78
7/28/2024 11:50,582.4,27.77
7/28/2024 12:00,580.4,27.82
7/28/2024 12:10,585.9,27.99
7/28/2024 12:20,585.9,27.95
7/28/2024 12:30,590.1,28.17
7/28/2024 12:40,590.1,28.27
7/28/2024 12:50,584.5,28.22
7/28/2024 13:00,580.2,28.19
7/28/2024 13:10,579.8,28.2
7/28/2024 13:20,582.1,28.27
7/28/2024 13:30,580.5,28.23
7/28/2024 13:40,578.2,28.11
7/28/2024 13:50,576.6,28.14
7/28/2024 14:00,576.2,28.12
7/28/2024 14:10,569.9,28.14
7/28/2024 14:20,565.1,28.17
7/28/2024 14:30,564.7,28.17
7/28/2024 14:40,565.5,28.15
7/28/2024 14:50,564.7,28.15
7/28/2024 15:00,562.2,28.25
7/28/2024 15:10,559.4,28.37
7/28/2024 15:20,559.8,28.41
7/28/2024 15:30,560.1,28.44
7/28/2024 15:40,559,28.43
7/28/2024 15:50,560.5,28.43
7/28/2024 16:00,560.9,28.43
7/28/2024 16:10,560.6,28.42
7/28/2024 16:20,560.2,28.38
7/28/2024 16:30,561.4,28.32
7/28/2024 16:40,562.2,28.32
7/28/2024 16:50,563,28.32
7/28/2024 17:00,563.8,28.38
7/28/2024 17:10,562.1,28.43
7/28/2024 17:20,561.3,28.45
7/28/2024 17:30,560.2,28.41
7/28/2024 17:40,561,28.38
7/28/2024 17:50,562.6,28.4
7/28/2024 18:00,562.6,28.36
7/28/2024 18:10,563,28.34
7/28/2024 18:20,562.6,28.29
7/28/2024 18:30,563,28.26
7/28/2024 18:40,561.4,28.25
7/28/2024 18:50,560.7,28.23
7/28/2024 19:00,561.5,28.22
7/28/2024 19:10,560.3,28.2
7/28/2024 19:20,560.3,28.18
7/28/2024 19:30,560.3,28.14
7/28/2024 19:40,560.7,28.11
7/28/2024 19:50,560.8,28.07
7/28/2024 20:00,561.2,28.05
7/28/2024 20:10,561.6,28.03
7/28/2024 20:20,561.2,28.03
7/28/2024 20:30,560.8,28.02
7/28/2024 20:40,560.4,27.98
7/28/2024 20:50,559.2,27.95
7/28/2024 21:00,558.9,27.91
7/28/2024 21:10,558.5,27.89
7/28/2024 21:20,558.5,27.88
7/28/2024 21:30,558.5,27.87
7/28/2024 21:40,558.5,27.84
7/28/2024 21:50,558.1,27.82
7/28/2024 22:00,557.4,27.78
7/28/2024 22:10,556.6,27.75
7/28/2024 22:20,556.6,27.73
7/28/2024 22:30,556.6,27.72
7/28/2024 22:40,556.2,27.68
7/28/2024 22:50,556.2,27.66
7/28/2024 23:00,555.9,27.64
7/28/2024 23:10,556.3,27.62
7/28/2024 23:20,556.3,27.59
7/28/2024 23:30,556.7,27.58
7/28/2024 23:40,557.1,27.55
7/28/2024 23:50,556.7,27.51
7/29/2024 0:00,555.9,27.47
7/29/2024 0:10,556.4,27.46
7/29/2024 0:20,556.4,27.44
7/29/2024 0:30,556.8,27.42
7/29/2024 0:40,556.4,27.39
7/29/2024 0:50,556.4,27.38
7/29/2024 1:00,556.4,27.34
7/29/2024 1:10,556.4,27.32
7/29/2024 1:20,556.4,27.3
7/29/2024 1:30,557.3,27.27
7/29/2024 1:40,558.1,27.25
7/29/2024 1:50,557.7,27.22
7/29/2024 2:00,557.7,27.19
7/29/2024 2:10,556.5,27.13
7/29/2024 2:20,554.2,27.09
7/29/2024 2:30,553.8,27.08
7/29/2024 2:40,553.4,27.02
7/29/2024 2:50,553,27
7/29/2024 3:00,553.1,26.97
7/29/2024 3:10,552.7,26.93
7/29/2024 3:20,552.7,26.89
7/29/2024 3:30,552.3,26.86
7/29/2024 3:40,551.6,26.83
7/29/2024 3:50,552.4,26.8
7/29/2024 4:00,552.4,26.79
7/29/2024 4:10,551.6,26.75
7/29/2024 4:20,551.2,26.74
7/29/2024 4:30,552.4,26.7
7/29/2024 4:40,552.4,26.68
7/29/2024 4:50,551.7,26.65
7/29/2024 5:00,551.3,26.62
7/29/2024 5:10,551.7,26.61
7/29/2024 5:20,552.1,26.57
7/29/2024 5:30,552.9,26.55
7/29/2024 5:40,552.1,26.54
7/29/2024 5:50,552.1,26.5
7/29/2024 6:00,551.7,26.49
7/29/2024 6:10,551.4,26.46
7/29/2024 6:20,551.4,26.44
7/29/2024 6:30,551.4,26.44
7/29/2024 6:40,552.6,26.4
7/29/2024 6:50,553.4,26.39
7/29/2024 7:00,553.8,26.4
7/29/2024 7:10,553.4,26.35
7/29/2024 7:20,553.4,26.34
7/29/2024 7:30,553.4,26.34
7/29/2024 7:40,553.4,26.35
7/29/2024 7:50,553.8,26.34
7/29/2024 8:00,552.6,26.34
7/29/2024 8:10,552.6,26.33
7/29/2024 8:20,553,26.35
7/29/2024 8:30,553,26.33
7/29/2024 8:40,552.6,26.37
7/29/2024 8:50,554.2,26.4
7/29/2024 9:00,559,26.4
7/29/2024 9:10,560.6,26.4
7/29/2024 9:20,563.3,26.44
7/29/2024 9:30,562.9,26.45
7/29/2024 9:40,565.7,26.52
7/29/2024 9:50,567.2,26.53
7/29/2024 10:00,568.8,26.62
7/29/2024 10:10,571.9,26.76
7/29/2024 10:20,571.5,26.76
7/29/2024 10:30,569.1,26.77
7/29/2024 10:40,570.6,26.85
7/29/2024 10:50,570.6,26.89
7/29/2024 11:00,570.1,27
7/29/2024 11:10,572.5,27.12
7/29/2024 11:20,574.4,27.23
7/29/2024 11:30,577.9,27.35
7/29/2024 11:40,578.2,27.45
7/29/2024 11:50,580.1,27.57
7/29/2024 12:00,585.2,27.82
7/29/2024 12:10,586.7,27.92
7/29/2024 12:20,588.6,28.02
7/29/2024 12:30,589.4,28.12
7/29/2024 12:40,591.3,28.21
7/29/2024 12:50,588.9,28.19
7/29/2024 13:00,590.8,28.3
7/29/2024 13:10,591.6,28.41
7/29/2024 13:20,590.6,28.59
7/29/2024 13:30,591.4,28.73
7/29/2024 13:40,591,28.72
7/29/2024 13:50,591.7,28.78
7/29/2024 14:00,591.7,28.82
7/29/2024 14:10,585.7,28.85
7/29/2024 14:20,582.1,28.88
7/29/2024 14:30,576.2,28.85
7/29/2024 14:40,574.9,28.93
7/29/2024 14:50,576.1,28.98
7/29/2024 15:00,578.1,29.02
7/29/2024 15:10,578.1,28.98
7/29/2024 15:20,578,29.08
7/29/2024 15:30,576.9,29.04
7/29/2024 15:40,578.5,28.94
7/29/2024 15:50,578.5,28.94
7/29/2024 16:00,576.9,28.9
7/29/2024 16:10,577.3,28.89
7/29/2024 16:20,576.6,28.86
7/29/2024 16:30,576.6,28.77
7/29/2024 16:40,577,28.77
7/29/2024 16:50,576.2,28.77
7/29/2024 17:00,576.2,28.78
7/29/2024 17:10,577.4,28.73
7/29/2024 17:20,577.1,28.72
7/29/2024 17:30,577.1,28.71
7/29/2024 17:40,577.9,28.7
7/29/2024 17:50,578.3,28.71
7/29/2024 18:00,577.1,28.7
7/29/2024 18:10,577.1,28.65
7/29/2024 18:20,577.1,28.63
7/29/2024 18:30,576.7,28.6
7/29/2024 18:40,575.2,28.57
7/29/2024 18:50,575.2,28.52
7/29/2024 19:00,575.2,28.49
7/29/2024 19:10,575.2,28.47
7/29/2024 19:20,575.3,28.42
7/29/2024 19:30,575.7,28.35
7/29/2024 19:40,576.5,28.34
7/29/2024 19:50,576.1,28.34
7/29/2024 20:00,575.3,28.3
7/29/2024 20:10,574.9,28.29
7/29/2024 20:20,572.6,28.23
7/29/2024 20:30,571.8,28.21
7/29/2024 20:40,571,28.2
7/29/2024 20:50,570.6,28.15
7/29/2024 21:00,570.3,28.12
7/29/2024 21:10,569.9,28.08
7/29/2024 21:20,569.5,28.06
7/29/2024 21:30,569.1,28.05
7/29/2024 21:40,569.1,28.04
7/29/2024 21:50,568,27.98
7/29/2024 22:00,568.8,27.98
7/29/2024 22:10,568.8,27.96
7/29/2024 22:20,567.6,27.92
7/29/2024 22:30,567.6,27.9
7/29/2024 22:40,567.6,27.88
7/29/2024 22:50,567.3,27.84
7/29/2024 23:00,567.3,27.84
7/29/2024 23:10,567.3,27.82
7/29/2024 23:20,567.7,27.8
7/29/2024 23:30,567.3,27.78
7/29/2024 23:40,567.3,27.75
7/29/2024 23:50,567.3,27.73
7/30/2024 0:00,567.3,27.73
7/30/2024 0:10,567.7,27.7
7/30/2024 0:20,568.1,27.68
7/30/2024 0:30,569.4,27.66
7/30/2024 0:40,569.8,27.65
7/30/2024 0:50,569.8,27.61
7/30/2024 1:00,570.2,27.6
7/30/2024 1:10,570.2,27.58
7/30/2024 1:20,570.2,27.55
7/30/2024 1:30,570.2,27.52
7/30/2024 1:40,570.3,27.49
7/30/2024 1:50,570.7,27.47
7/30/2024 2:00,570.7,27.45
7/30/2024 2:10,570.3,27.4
7/30/2024 2:20,569.9,27.38
7/30/2024 2:30,570.3,27.38
7/30/2024 2:40,570.3,27.36
7/30/2024 2:50,570.3,27.34
7/30/2024 3:00,570.8,27.31
7/30/2024 3:10,570.8,27.28
7/30/2024 3:20,571.2,27.25
7/30/2024 3:30,571.6,27.24
7/30/2024 3:40,571.2,27.21
7/30/2024 3:50,572,27.2
7/30/2024 4:00,571.6,27.16
7/30/2024 4:10,572.1,27.14
7/30/2024 4:20,572.8,27.15
7/30/2024 4:30,572.5,27.12
7/30/2024 4:40,571.7,27.09
7/30/2024 4:50,571.7,27.07
7/30/2024 5:00,570.9,27.06
7/30/2024 5:10,570.5,27.04
7/30/2024 5:20,570.5,27.01
7/30/2024 5:30,571.3,27.01
7/30/2024 5:40,571.7,26.99
7/30/2024 5:50,571.8,26.97
7/30/2024 6:00,571.8,26.94
7/30/2024 6:10,571,26.91
7/30/2024 6:20,570.6,26.9
7/30/2024 6:30,571,26.89
7/30/2024 6:40,571.8,26.89
7/30/2024 6:50,571.8,26.86
7/30/2024 7:00,572.2,26.87
7/30/2024 7:10,571.8,26.83
7/30/2024 7:20,571,26.83
7/30/2024 7:30,571.4,26.83
7/30/2024 7:40,571.8,26.83
7/30/2024 7:50,571.8,26.83
7/30/2024 8:00,572.6,26.83
7/30/2024 8:10,573.8,26.84
7/30/2024 8:20,574.2,26.85
7/30/2024 8:30,574.6,26.83
7/30/2024 8:40,571.5,26.78
7/30/2024 8:50,565.5,26.77
7/30/2024 9:00,565.5,26.78
7/30/2024 9:10,566.3,26.8
7/30/2024 9:20,567.5,26.82
7/30/2024 9:30,569.4,26.87
7/30/2024 9:40,570.2,26.9
7/30/2024 9:50,572.1,26.99
7/30/2024 10:00,575.3,27.01
7/30/2024 10:10,578,27.17
7/30/2024 10:20,578.8,27.23
7/30/2024 10:30,577.5,27.29
7/30/2024 10:40,578.2,27.46
7/30/2024 10:50,578.2,27.49
7/30/2024 11:00,579.8,27.57
7/30/2024 11:10,580.9,27.65
7/30/2024 11:20,582.8,27.72
7/30/2024 11:30,585.2,27.78
7/30/2024 11:40,590.3,27.95
7/30/2024 11:50,591.4,28.08
7/30/2024 12:00,590.9,28.15
7/30/2024 12:10,592.4,28.36
7/30/2024 12:20,593.9,28.41
7/30/2024 12:30,596.2,28.55
7/30/2024 12:40,597.4,28.67
7/30/2024 12:50,597.3,28.71
7/30/2024 13:00,597.3,28.77
7/30/2024 13:10,597.3,28.83
7/30/2024 13:20,598,28.93
7/30/2024 13:30,598.3,29.05
7/30/2024 13:40,599.1,29.13
7/30/2024 13:50,599.8,29.22
7/30/2024 14:00,600.2,29.2
7/30/2024 14:10,599.8,29.19
7/30/2024 14:20,593.8,29.32
7/30/2024 14:30,587,29.33
7/30/2024 14:40,588.6,29.25
7/30/2024 14:50,587.9,29.18
7/30/2024 15:00,586.7,29.23
7/30/2024 15:10,588.3,29.23
7/30/2024 15:20,587.5,29.17
7/30/2024 15:30,586.3,29.19
7/30/2024 15:40,586.7,29.22
7/30/2024 15:50,588.7,29.2
7/30/2024 16:00,590.3,29.2
7/30/2024 16:10,589.9,29.2
7/30/2024 16:20,592.2,29.23
7/30/2024 16:30,591.9,29.19
7/30/2024 16:40,590.7,29.15
7/30/2024 16:50,591.5,29.12
7/30/2024 17:00,591.1,29.08
7/30/2024 17:10,591.1,29.09
7/30/2024 17:20,592,29.03
7/30/2024 17:30,591.6,29.03
7/30/2024 17:40,590.8,28.97
7/30/2024 17:50,592.4,28.95
7/30/2024 18:00,591.6,28.94
7/30/2024 18:10,590.9,28.9
7/30/2024 18:20,590.9,28.9
7/30/2024 18:30,590.9,28.86
7/30/2024 18:40,590.5,28.83
7/30/2024 18:50,590.1,28.8
7/30/2024 19:00,590.1,28.77
7/30/2024 19:10,591,28.74
7/30/2024 19:20,591,28.72
7/30/2024 19:30,591,28.67
7/30/2024 19:40,591.8,28.65
7/30/2024 19:50,591,28.59
7/30/2024 20:00,592.2,28.6
7/30/2024 20:10,591.1,28.58
7/30/2024 20:20,590.7,28.57
7/30/2024 20:30,589.9,28.51
7/30/2024 20:40,589.9,28.49
7/30/2024 20:50,590.3,28.49
7/30/2024 21:00,589.2,28.41
7/30/2024 21:10,588,28.36
7/30/2024 21:20,588.4,28.35
7/30/2024 21:30,588,28.32
7/30/2024 21:40,586.9,28.25
7/30/2024 21:50,587.3,28.25
7/30/2024 22:00,585.3,28.18
7/30/2024 22:10,585.4,28.15
7/30/2024 22:20,585.8,28.14
7/30/2024 22:30,585.4,28.1
7/30/2024 22:40,585.4,28.12
7/30/2024 22:50,583.8,28.02
7/30/2024 23:00,584.6,28.03
7/30/2024 23:10,584.7,28
7/30/2024 23:20,584.3,27.97
7/30/2024 23:30,583.9,27.93
7/30/2024 23:40,583.9,27.91
7/30/2024 23:50,584.3,27.88
7/31/2024 0:00,584,27.83
7/31/2024 0:10,584,27.82
7/31/2024 0:20,584,27.8
7/31/2024 0:30,584,27.75
7/31/2024 0:40,582.8,27.7
7/31/2024 0:50,582.9,27.69
7/31/2024 1:00,582.9,27.66
7/31/2024 1:10,582.5,27.62
7/31/2024 1:20,583.3,27.62
7/31/2024 1:30,583.3,27.59
7/31/2024 1:40,583.7,27.57
7/31/2024 1:50,584.1,27.53
7/31/2024 2:00,584.2,27.49
7/31/2024 2:10,584.2,27.46
7/31/2024 2:20,584.2,27.42
7/31/2024 2:30,584.2,27.4
7/31/2024 2:40,584.3,27.36
7/31/2024 2:50,584.7,27.34
7/31/2024 3:00,585.1,27.3
7/31/2024 3:10,585.5,27.28
7/31/2024 3:20,585.5,27.24
7/31/2024 3:30,585.9,27.2
7/31/2024 3:40,586.4,27.19
7/31/2024 3:50,586.4,27.14
7/31/2024 4:00,586.4,27.12
7/31/2024 4:10,586.4,27.09
7/31/2024 4:20,586.8,27.07
7/31/2024 4:30,586.5,27
7/31/2024 4:40,586.9,26.99
7/31/2024 4:50,587.3,26.94
7/31/2024 5:00,585.7,26.91
7/31/2024 5:10,586.1,26.9
7/31/2024 5:20,584.6,26.85
7/31/2024 5:30,584.6,26.84
7/31/2024 5:40,584.6,26.82
7/31/2024 5:50,585,26.79
7/31/2024 6:00,585,26.76
7/31/2024 6:10,585,26.74
7/31/2024 6:20,586.2,26.71
7/31/2024 6:30,587.8,26.7
7/31/2024 6:40,587.9,26.67
7/31/2024 6:50,587.9,26.65
7/31/2024 7:00,587.5,26.63
7/31/2024 7:10,587.9,26.65
7/31/2024 7:20,589.1,26.65
7/31/2024 7:30,589.9,26.65
7/31/2024 7:40,589.9,26.65
7/31/2024 7:50,591.1,26.65
7/31/2024 8:00,589.9,26.6
7/31/2024 8:10,589.9,26.62
7/31/2024 8:20,588.3,26.54
7/31/2024 8:30,586.8,26.54
7/31/2024 8:40,586.8,26.52
7/31/2024 8:50,585.6,26.5
7/31/2024 9:00,585.6,26.53
7/31/2024 9:10,586.4,26.52
7/31/2024 9:20,586.4,26.53
7/31/2024 9:30,585.6,26.53
7/31/2024 9:40,582.4,26.48
7/31/2024 9:50,582.8,26.52
7/31/2024 10:00,583.6,26.56
7/31/2024 10:10,584.3,26.59
7/31/2024 10:20,585.9,26.68
7/31/2024 10:30,587.4,26.76
7/31/2024 10:40,588.9,26.87
7/31/2024 10:50,592,27.02
7/31/2024 11:00,592.3,27.16
7/31/2024 11:10,594.7,27.27
7/31/2024 11:20,600.1,27.55
7/31/2024 11:30,600.8,27.69
7/31/2024 11:40,602.3,27.81
7/31/2024 11:50,607.3,27.99
7/31/2024 12:00,609.9,28.28
7/31/2024 12:10,612.2,28.41
7/31/2024 12:20,616.1,28.56
7/31/2024 12:30,616.5,28.57
7/31/2024 12:40,619.6,28.74
7/31/2024 12:50,619.9,28.83
7/31/2024 13:00,619.5,28.9
7/31/2024 13:10,614.4,28.77
7/31/2024 13:20,614,28.74
7/31/2024 13:30,612.9,28.66
7/31/2024 13:40,610.6,28.55
7/31/2024 13:50,609.8,28.53
7/31/2024 14:00,607,28.45
7/31/2024 14:10,607.5,28.41
7/31/2024 14:20,605.9,28.38
7/31/2024 14:30,604.3,28.37
7/31/2024 14:40,603.1,28.34
7/31/2024 14:50,602,28.27
7/31/2024 15:00,603.2,28.27
7/31/2024 15:10,602,28.26
7/31/2024 15:20,602.4,28.26
7/31/2024 15:30,604,28.25
7/31/2024 15:40,601.6,28.26
7/31/2024 15:50,602,28.28
7/31/2024 16:00,604,28.27
7/31/2024 16:10,604,28.26
7/31/2024 16:20,603.2,28.26
7/31/2024 16:30,589.3,28.15
7/31/2024 16:40,590.1,28.15
7/31/2024 16:50,591.3,28.13
7/31/2024 17:00,585.4,28.14
7/31/2024 17:10,582.6,28.17
7/31/2024 17:20,580.6,28.14
7/31/2024 17:30,581.8,28.12
7/31/2024 17:40,582.6,28.1
7/31/2024 17:50,583,28.1
7/31/2024 18:00,581.8,28.07
7/31/2024 18:10,580.2,28.05
7/31/2024 18:20,581.5,28.03
7/31/2024 18:30,580.3,27.99
7/31/2024 18:40,579.5,27.98
7/31/2024 18:50,579.9,27.96
7/31/2024 19:00,580.3,27.91
7/31/2024 19:10,580.4,27.88
7/31/2024 19:20,579.6,27.84
7/31/2024 19:30,579.6,27.85
7/31/2024 19:40,578.4,27.83
7/31/2024 19:50,577.6,27.8
7/31/2024 20:00,576.9,27.75
7/31/2024 20:10,575.7,27.73
7/31/2024 20:20,573.7,27.68
7/31/2024 20:30,572.5,27.65
7/31/2024 20:40,572.5,27.67
7/31/2024 20:50,572.5,27.66
7/31/2024 21:00,572.2,27.6
7/31/2024 21:10,572.2,27.59
7/31/2024 21:20,570.6,27.57
7/31/2024 21:30,571.4,27.58
7/31/2024 21:40,570.6,27.51
7/31/2024 21:50,570.2,27.53
7/31/2024 22:00,569.5,27.49
7/31/2024 22:10,569.5,27.47
7/31/2024 22:20,567.9,27.43
7/31/2024 22:30,560.4,27.36
7/31/2024 22:40,555.2,27.32
7/31/2024 22:50,545.7,27.27
7/31/2024 23:00,541.4,27.23
7/31/2024 23:10,540.6,27.16
7/31/2024 23:20,530.3,27.08
7/31/2024 23:30,520.8,27.05
7/31/2024 23:40,515.7,27
7/31/2024 23:50,511.8,26.94
8/1/2024 0:00,503.4,26.89
8/1/2024 0:10,494.7,26.84
8/1/2024 0:20,486.8,26.77
8/1/2024 0:30,480.5,26.71
8/1/2024 0:40,478.6,26.7
8/1/2024 0:50,474.2,26.63
8/1/2024 1:00,467.5,26.57
8/1/2024 1:10,462,26.55
8/1/2024 1:20,458.4,26.49
8/1/2024 1:30,454.1,26.47
8/1/2024 1:40,450.5,26.44
8/1/2024 1:50,447.4,26.39
8/1/2024 2:00,445.4,26.35
8/1/2024 2:10,442.7,26.31
8/1/2024 2:20,440.3,26.26
8/1/2024 2:30,437.6,26.23
8/1/2024 2:40,432.4,26.2
8/1/2024 2:50,426.9,26.16
8/1/2024 3:00,418.2,26.14
8/1/2024 3:10,416.2,26.16
8/1/2024 3:20,420.9,26.19
8/1/2024 3:30,430,26.2
8/1/2024 3:40,438.7,26.23
8/1/2024 3:50,447.1,26.25
8/1/2024 4:00,453.4,26.27
8/1/2024 4:10,460.1,26.29
8/1/2024 4:20,463.7,26.3
8/1/2024 4:30,468.8,26.3
8/1/2024 4:40,473.2,26.31
8/1/2024 4:50,476.8,26.32
8/1/2024 5:00,478.7,26.32
8/1/2024 5:10,481.1,26.32
8/1/2024 5:20,484.7,26.32
8/1/2024 5:30,489.5,26.33
8/1/2024 5:40,494.6,26.33
8/1/2024 5:50,499.4,26.34
8/1/2024 6:00,502.9,26.34
8/1/2024 6:10,506.1,26.35
8/1/2024 6:20,508.1,26.35
8/1/2024 6:30,510.1,26.35
8/1/2024 6:40,512.9,26.37
8/1/2024 6:50,512.5,26.37
8/1/2024 7:00,512.5,26.38
8/1/2024 7:10,509.7,26.38
8/1/2024 7:20,507.7,26.39
8/1/2024 7:30,508.5,26.39
8/1/2024 7:40,507.3,26.39
8/1/2024 7:50,504.1,26.37
8/1/2024 8:00,499,26.27
8/1/2024 8:10,492.7,26.22
8/1/2024 8:20,483.6,26.2
8/1/2024 8:30,478.8,26.18
8/1/2024 8:40,476.8,26.17
8/1/2024 8:50,477.2,26.17
8/1/2024 9:00,476.4,26.17
8/1/2024 9:10,472.5,26.17
8/1/2024 9:20,472.1,26.18
8/1/2024 9:30,471.3,26.18
8/1/2024 9:40,471.7,26.19
8/1/2024 9:50,472.1,26.2
8/1/2024 10:00,473.2,26.22
8/1/2024 10:10,474,26.22
8/1/2024 10:20,473.2,26.23
8/1/2024 10:30,475.2,26.23
8/1/2024 10:40,477.2,26.23
8/1/2024 10:50,479.2,26.23
8/1/2024 11:00,479.2,26.23
8/1/2024 11:10,480.4,26.24
8/1/2024 11:20,482.8,26.24
8/1/2024 11:30,485.1,26.23
8/1/2024 11:40,486.7,26.23
8/1/2024 11:50,487.9,26.24
8/1/2024 12:00,489.1,26.25
8/1/2024 12:10,490.3,26.26
8/1/2024 12:20,491.5,26.27
8/1/2024 12:30,489.5,26.27
8/1/2024 12:40,485.9,26.3
8/1/2024 12:50,481.5,26.32
8/1/2024 13:00,476.7,26.4
8/1/2024 13:10,471.5,26.47
8/1/2024 13:20,467.5,26.52
8/1/2024 13:30,462.3,26.61
8/1/2024 13:40,457.1,26.69
8/1/2024 13:50,452,26.76
8/1/2024 14:00,447.6,26.82
8/1/2024 14:10,443.6,26.84
8/1/2024 14:20,440.4,26.87
8/1/2024 14:30,435.3,26.91
8/1/2024 14:40,430.9,26.9
8/1/2024 14:50,427,26.89
8/1/2024 15:00,424.2,26.87
8/1/2024 15:10,422.2,26.86
8/1/2024 15:20,420.7,26.84
8/1/2024 15:30,418.7,26.83
8/1/2024 15:40,418.7,26.8
8/1/2024 15:50,419.5,26.78
8/1/2024 16:00,418.7,26.76
8/1/2024 16:10,417.1,26.75
8/1/2024 16:20,415.2,26.72
8/1/2024 16:30,412.8,26.71
8/1/2024 16:40,411.6,26.69
8/1/2024 16:50,410.4,26.68
8/1/2024 17:00,410,26.67
8/1/2024 17:10,409.7,26.65
8/1/2024 17:20,408.5,26.63
8/1/2024 17:30,406.5,26.62
8/1/2024 17:40,404.9,26.61
8/1/2024 17:50,404.1,26.59
8/1/2024 18:00,403.4,26.57
8/1/2024 18:10,403,26.56
8/1/2024 18:20,402.6,26.55
8/1/2024 18:30,403,26.54
8/1/2024 18:40,403,26.53
8/1/2024 18:50,403.8,26.52
8/1/2024 19:00,404.2,26.49
8/1/2024 19:10,404.6,26.48
8/1/2024 19:20,403.8,26.47
8/1/2024 19:30,403,26.47
8/1/2024 19:40,402.6,26.46
8/1/2024 19:50,401.4,26.45
8/1/2024 20:00,401.4,26.45
8/1/2024 20:10,401.8,26.44
8/1/2024 20:20,401.8,26.44
8/1/2024 20:30,401.4,26.42
8/1/2024 20:40,401.1,26.42
8/1/2024 20:50,401.1,26.41
8/1/2024 21:00,402.2,26.41
8/1/2024 21:10,403,26.4
8/1/2024 21:20,404.2,26.39
8/1/2024 21:30,405.8,26.39
8/1/2024 21:40,405.8,26.38
8/1/2024 21:50,406.2,26.37
8/1/2024 22:00,406.6,26.35
8/1/2024 22:10,406.6,26.35
8/1/2024 22:20,406.6,26.34
8/1/2024 22:30,406.2,26.34
8/1/2024 22:40,407,26.33
8/1/2024 22:50,407.8,26.32
8/1/2024 23:00,408.6,26.32
8/1/2024 23:10,408.6,26.31
8/1/2024 23:20,408.6,26.3
8/1/2024 23:30,406.6,26.3
8/1/2024 23:40,407,26.29
8/1/2024 23:50,404.7,26.25
8/2/2024 0:00,396.8,26.23
8/2/2024 0:10,393.6,26.22
8/2/2024 0:20,391.7,26.2
8/2/2024 0:30,388.9,26.2
8/2/2024 0:40,385.7,26.19
8/2/2024 0:50,381.8,26.19
8/2/2024 1:00,379.4,26.18
8/2/2024 1:10,376.2,26.18
8/2/2024 1:20,374.7,26.15
8/2/2024 1:30,373.5,26.11
8/2/2024 1:40,366.4,26.09
8/2/2024 1:50,359.3,26.07
8/2/2024 2:00,354.9,26.07
8/2/2024 2:10,355.7,26.07
8/2/2024 2:20,360.1,26.07
8/2/2024 2:30,368,26.04
8/2/2024 2:40,385.8,26.03
8/2/2024 2:50,402,26.02
8/2/2024 3:00,422.2,26.02
8/2/2024 3:10,445.6,26.05
8/2/2024 3:20,460.6,26.09
8/2/2024 3:30,468.1,26.1
8/2/2024 3:40,472.5,26.11
8/2/2024 3:50,474.5,26.12
8/2/2024 4:00,473.3,26.14
8/2/2024 4:10,470.1,26.15
8/2/2024 4:20,463.8,26.14
8/2/2024 4:30,457,26.14
8/2/2024 4:40,448.7,26.12
8/2/2024 4:50,436.8,26.12
8/2/2024 5:00,430.1,26.12
8/2/2024 5:10,430.1,26.12
8/2/2024 5:20,428.1,26.12
8/2/2024 5:30,425.3,26.11
8/2/2024 5:40,423.7,26.11
8/2/2024 5:50,421.8,26.11
8/2/2024 6:00,422.6,26.11
8/2/2024 6:10,423,26.11
8/2/2024 6:20,421.8,26.1
8/2/2024 6:30,419.4,26.1
8/2/2024 6:40,417,26.1
8/2/2024 6:50,414.2,26.11
8/2/2024 7:00,414.6,26.11
8/2/2024 7:10,416.2,26.1
8/2/2024 7:20,416.6,26.11
8/2/2024 7:30,417.4,26.11
8/2/2024 7:40,418.2,26.11
8/2/2024 7:50,419.4,26.12
8/2/2024 8:00,420.2,26.12
8/2/2024 8:10,421.4,26.12
8/2/2024 8:20,422.2,26.14
8/2/2024 8:30,422.5,26.14
8/2/2024 8:40,423.3,26.15
8/2/2024 8:50,423.7,26.15
8/2/2024 9:00,423.7,26.16
8/2/2024 9:10,423.7,26.17
8/2/2024 9:20,425.7,26.18
8/2/2024 9:30,426.1,26.19
8/2/2024 9:40,425.7,26.22
8/2/2024 9:50,425.3,26.22
8/2/2024 10:00,425.3,26.24
8/2/2024 10:10,426.1,26.26
8/2/2024 10:20,428.4,26.3
8/2/2024 10:30,432,26.32
8/2/2024 10:40,435.9,26.34
8/2/2024 10:50,438.7,26.38
8/2/2024 11:00,439.1,26.4
8/2/2024 11:10,443,26.47
8/2/2024 11:20,448.5,26.48
8/2/2024 11:30,454.9,26.52
8/2/2024 11:40,457.6,26.52
8/2/2024 11:50,459.6,26.59
8/2/2024 12:00,460.4,26.6
8/2/2024 12:10,460.4,26.6
8/2/2024 12:20,460.4,26.62
8/2/2024 12:30,461.5,26.65
8/2/2024 12:40,462.7,26.68
8/2/2024 12:50,463.5,26.7
8/2/2024 13:00,462.7,26.71
8/2/2024 13:10,463.5,26.74
8/2/2024 13:20,463.4,26.78
8/2/2024 13:30,462.6,26.79
8/2/2024 13:40,463,26.85
8/2/2024 13:50,462.6,26.86
8/2/2024 14:00,461.8,26.86
8/2/2024 14:10,462.2,26.91
8/2/2024 14:20,461.8,26.93
8/2/2024 14:30,460.2,26.97
8/2/2024 14:40,459.8,26.98
8/2/2024 14:50,459,27
8/2/2024 15:00,457.8,27.04
8/2/2024 15:10,457.4,27.08
8/2/2024 15:20,456.6,27.06
8/2/2024 15:30,455,27.1
8/2/2024 15:40,452.2,27.12
8/2/2024 15:50,451,27.16
8/2/2024 16:00,449,27.16
8/2/2024 16:10,448.6,27.2
8/2/2024 16:20,447.4,27.16
8/2/2024 16:30,447,27.19
8/2/2024 16:40,446.6,27.17
8/2/2024 16:50,446.6,27.2
8/2/2024 17:00,445.4,27.23
8/2/2024 17:10,444.2,27.21
8/2/2024 17:20,443.8,27.22
8/2/2024 17:30,443,27.23
8/2/2024 17:40,441.4,27.25
8/2/2024 17:50,439.5,27.24
8/2/2024 18:00,439.5,27.27
8/2/2024 18:10,439.1,27.28
8/2/2024 18:20,437.8,27.31
8/2/2024 18:30,438.2,27.31
8/2/2024 18:40,435.5,27.29
8/2/2024 18:50,434.3,27.28
8/2/2024 19:00,433.9,27.28
8/2/2024 19:10,432.3,27.25
8/2/2024 19:20,429.2,27.28
8/2/2024 19:30,422.4,27.29
8/2/2024 19:40,424.4,27.29
8/2/2024 19:50,424.4,27.29
8/2/2024 20:00,424.4,27.27
8/2/2024 20:10,423.6,27.25
8/2/2024 20:20,424,27.25
8/2/2024 20:30,416.9,27.23
8/2/2024 20:40,413.8,27.22
8/2/2024 20:50,411.8,27.21
8/2/2024 21:00,409,27.2
8/2/2024 21:10,401.9,27.17
8/2/2024 21:20,397.6,27.16
8/2/2024 21:30,398.4,27.15
8/2/2024 21:40,394,27.13
8/2/2024 21:50,388.5,27.1
8/2/2024 22:00,387.7,27.1
8/2/2024 22:10,382.6,27.09
8/2/2024 22:20,383.4,27.07
8/2/2024 22:30,382.6,27.05
8/2/2024 22:40,381.4,27.02
8/2/2024 22:50,381.4,27.02
8/2/2024 23:00,379.5,27.02
8/2/2024 23:10,377.9,27.01
8/2/2024 23:20,373.5,27
8/2/2024 23:30,372.4,27
8/2/2024 23:40,368.8,26.99
8/2/2024 23:50,367.2,26.98
8/3/2024 0:00,367.2,26.98
8/3/2024 0:10,367.6,26.95
8/3/2024 0:20,366.9,26.94
8/3/2024 0:30,366.9,26.94
8/3/2024 0:40,365.3,26.93
8/3/2024 0:50,363.7,26.92
8/3/2024 1:00,363.7,26.92
8/3/2024 1:10,363.7,26.91
8/3/2024 1:20,362.5,26.9
8/3/2024 1:30,362.1,26.89
8/3/2024 1:40,361.7,26.89
8/3/2024 1:50,362.5,26.86
8/3/2024 2:00,362.2,26.86
8/3/2024 2:10,361.4,26.85
8/3/2024 2:20,360.2,26.84
8/3/2024 2:30,358.6,26.83
8/3/2024 2:40,357.8,26.82
8/3/2024 2:50,357,26.82
8/3/2024 3:00,357,26.8
8/3/2024 3:10,355.1,26.79
8/3/2024 3:20,355.1,26.78
8/3/2024 3:30,353.9,26.78
8/3/2024 3:40,353.1,26.77
8/3/2024 3:50,353.5,26.76
8/3/2024 4:00,353.5,26.75
8/3/2024 4:10,353.5,26.75
8/3/2024 4:20,352.3,26.74
8/3/2024 4:30,349.6,26.74
8/3/2024 4:40,350,26.72
8/3/2024 4:50,348.4,26.71
8/3/2024 5:00,346.8,26.7
8/3/2024 5:10,344.8,26.7
8/3/2024 5:20,344.1,26.69
8/3/2024 5:30,344.1,26.68
8/3/2024 5:40,344.1,26.68
8/3/2024 5:50,344.5,26.67
8/3/2024 6:00,344.9,26.65
8/3/2024 6:10,343.7,26.65
8/3/2024 6:20,343.3,26.65
8/3/2024 6:30,344.5,26.64
8/3/2024 6:40,344.5,26.64
8/3/2024 6:50,342.9,26.64
8/3/2024 7:00,341.3,26.64
8/3/2024 7:10,340.5,26.64
8/3/2024 7:20,340.9,26.63
8/3/2024 7:30,341.3,26.63
8/3/2024 7:40,339.7,26.63
8/3/2024 7:50,337.8,26.64
8/3/2024 8:00,338.6,26.63
8/3/2024 8:10,339.3,26.64
8/3/2024 8:20,340.9,26.64
8/3/2024 8:30,340.5,26.67
8/3/2024 8:40,339.3,26.65
8/3/2024 8:50,341.3,26.67
8/3/2024 9:00,341.3,26.68
8/3/2024 9:10,340.1,26.69
8/3/2024 9:20,342.1,26.7
8/3/2024 9:30,342.1,26.71
8/3/2024 9:40,346,26.75
8/3/2024 9:50,352.3,26.75
8/3/2024 10:00,353.5,26.78
8/3/2024 10:10,353.1,26.79
8/3/2024 10:20,356.2,26.82
8/3/2024 10:30,353.1,26.83
8/3/2024 10:40,353.5,26.86
8/3/2024 10:50,362.1,26.9
8/3/2024 11:00,369.2,26.92
8/3/2024 11:10,369.6,26.97
8/3/2024 11:20,367.2,27.02
8/3/2024 11:30,372.8,27.01
8/3/2024 11:40,375.1,27.02
8/3/2024 11:50,371.2,27.04
8/3/2024 12:00,367.2,27.09
8/3/2024 12:10,376.7,27.14
8/3/2024 12:20,379.4,27.14
8/3/2024 12:30,380.6,27.17
8/3/2024 12:40,375.8,27.23
8/3/2024 12:50,380.2,27.24
8/3/2024 13:00,382.9,27.29
8/3/2024 13:10,379.3,27.36
8/3/2024 13:20,376.2,27.37
8/3/2024 13:30,378.9,27.39
8/3/2024 13:40,381.7,27.45
8/3/2024 13:50,380.9,27.44
8/3/2024 14:00,379.7,27.49
8/3/2024 14:10,379.7,27.5
8/3/2024 14:20,380.5,27.49
8/3/2024 14:30,377.7,27.49
8/3/2024 14:40,378.8,27.58
8/3/2024 14:50,377.3,27.57
8/3/2024 15:00,367.4,27.54
8/3/2024 15:10,359.5,27.54
8/3/2024 15:20,356.4,27.55
8/3/2024 15:30,350.8,27.57
8/3/2024 15:40,346.1,27.53
8/3/2024 15:50,342.6,27.53
8/3/2024 16:00,341.8,27.53
8/3/2024 16:10,339.4,27.52
8/3/2024 16:20,335.1,27.51
8/3/2024 16:30,332.7,27.5
8/3/2024 16:40,328.8,27.49
8/3/2024 16:50,327.2,27.46
8/3/2024 17:00,321.7,27.42
8/3/2024 17:10,322.1,27.38
8/3/2024 17:20,321.3,27.36
8/3/2024 17:30,318.6,27.32
8/3/2024 17:40,314.7,27.3
8/3/2024 17:50,311.5,27.27
8/3/2024 18:00,310.8,27.23
8/3/2024 18:10,310.8,27.21
8/3/2024 18:20,311.2,27.19
8/3/2024 18:30,310.8,27.14
8/3/2024 18:40,310.8,27.1
8/3/2024 18:50,310.8,27.08
8/3/2024 19:00,312.8,27.05
8/3/2024 19:10,312.8,27.02
8/3/2024 19:20,312.8,26.99
8/3/2024 19:30,313.2,26.98
8/3/2024 19:40,312.8,26.95
8/3/2024 19:50,312.8,26.93
8/3/2024 20:00,312,26.91
8/3/2024 20:10,312.4,26.9
8/3/2024 20:20,311.7,26.87
8/3/2024 20:30,312.4,26.86
8/3/2024 20:40,311.3,26.84
8/3/2024 20:50,312.9,26.82
8/3/2024 21:00,311.7,26.8
8/3/2024 21:10,312.1,26.79
8/3/2024 21:20,312.5,26.78
8/3/2024 21:30,311.7,26.77
8/3/2024 21:40,312.1,26.76
8/3/2024 21:50,312.1,26.74
8/3/2024 22:00,312.9,26.74
8/3/2024 22:10,312.5,26.72
8/3/2024 22:20,312.1,26.7
8/3/2024 22:30,313.3,26.7
8/3/2024 22:40,314.1,26.69
8/3/2024 22:50,314.1,26.68
8/3/2024 23:00,314.5,26.67
8/3/2024 23:10,314.9,26.67
8/3/2024 23:20,315.3,26.65
8/3/2024 23:30,315.3,26.64
8/3/2024 23:40,316.5,26.63
8/3/2024 23:50,316.5,26.62
8/4/2024 0:00,317.7,26.62
8/4/2024 0:10,317.7,26.61
8/4/2024 0:20,318.1,26.61
8/4/2024 0:30,320.4,26.6
8/4/2024 0:40,323.2,26.59
8/4/2024 0:50,322.4,26.59
8/4/2024 1:00,322,26.57
8/4/2024 1:10,324,26.56
8/4/2024 1:20,323.2,26.56
8/4/2024 1:30,323.6,26.56
8/4/2024 1:40,324.4,26.55
8/4/2024 1:50,324.8,26.55
8/4/2024 2:00,324.4,26.54
8/4/2024 2:10,324,26.54
8/4/2024 2:20,324.4,26.54
8/4/2024 2:30,326.4,26.54
8/4/2024 2:40,326.8,26.53
8/4/2024 2:50,327.5,26.53
8/4/2024 3:00,327.2,26.52
8/4/2024 3:10,327.5,26.52
8/4/2024 3:20,328.7,26.5
8/4/2024 3:30,334.3,26.5
8/4/2024 3:40,335.8,26.5
8/4/2024 3:50,333.9,26.49
8/4/2024 4:00,328.7,26.48
8/4/2024 4:10,328.3,26.48
8/4/2024 4:20,327.6,26.48
8/4/2024 4:30,328,26.47
8/4/2024 4:40,328,26.46
8/4/2024 4:50,328,26.46
8/4/2024 5:00,328.4,26.45
8/4/2024 5:10,329.2,26.45
8/4/2024 5:20,329.5,26.44
8/4/2024 5:30,330.7,26.42
8/4/2024 5:40,332.3,26.41
8/4/2024 5:50,331.9,26.41
8/4/2024 6:00,331.9,26.4
8/4/2024 6:10,331.5,26.39
8/4/2024 6:20,332.3,26.39
8/4/2024 6:30,334.3,26.37
8/4/2024 6:40,332.3,26.35
8/4/2024 6:50,333.1,26.35
8/4/2024 7:00,333.5,26.35
8/4/2024 7:10,333.5,26.34
8/4/2024 7:20,332.3,26.34
8/4/2024 7:30,332.7,26.34
8/4/2024 7:40,332.7,26.34
8/4/2024 7:50,333.9,26.33
8/4/2024 8:00,335.5,26.33
8/4/2024 8:10,335.5,26.33
8/4/2024 8:20,335.9,26.33
8/4/2024 8:30,336.3,26.34
8/4/2024 8:40,336.3,26.34
8/4/2024 8:50,336.3,26.35
8/4/2024 9:00,336.7,26.37
8/4/2024 9:10,337.9,26.37
8/4/2024 9:20,339.4,26.39
8/4/2024 9:30,339.4,26.4
8/4/2024 9:40,340.6,26.42
8/4/2024 9:50,341.8,26.45
8/4/2024 10:00,343,26.47
8/4/2024 10:10,342.9,26.5
8/4/2024 10:20,345.3,26.54
8/4/2024 10:30,346.5,26.57
8/4/2024 10:40,348,26.61
8/4/2024 10:50,350.8,26.63
8/4/2024 11:00,353.5,26.68
8/4/2024 11:10,355.1,26.76
8/4/2024 11:20,358.2,26.79
8/4/2024 11:30,362.5,26.87
8/4/2024 11:40,364.5,26.92
8/4/2024 11:50,373.2,26.98
8/4/2024 12:00,382.2,27
8/4/2024 12:10,377.5,27.05
8/4/2024 12:20,372.7,27.12
8/4/2024 12:30,367.6,27.16
8/4/2024 12:40,368.3,27.21
8/4/2024 12:50,371.1,27.27
8/4/2024 13:00,371.5,27.31
8/4/2024 13:10,372.2,27.36
8/4/2024 13:20,370.6,27.4
8/4/2024 13:30,375,27.43
8/4/2024 13:40,376.9,27.5
8/4/2024 13:50,377.3,27.53
8/4/2024 14:00,375.7,27.6
8/4/2024 14:10,373.3,27.62
8/4/2024 14:20,372.5,27.62
8/4/2024 14:30,370.9,27.68
8/4/2024 14:40,370.9,27.67
8/4/2024 14:50,370.5,27.72
8/4/2024 15:00,369.7,27.69
8/4/2024 15:10,368.9,27.75
8/4/2024 15:20,368.1,27.76
8/4/2024 15:30,367.7,27.75
8/4/2024 15:40,367.7,27.76
8/4/2024 15:50,367.7,27.75
8/4/2024 16:00,367.3,27.75
8/4/2024 16:10,366.5,27.74
8/4/2024 16:20,366.6,27.72
8/4/2024 16:30,365.4,27.72
8/4/2024 16:40,365.4,27.69
8/4/2024 16:50,363.8,27.68
8/4/2024 17:00,363.8,27.65
8/4/2024 17:10,362.3,27.64
8/4/2024 17:20,361.1,27.61
8/4/2024 17:30,359.1,27.59
8/4/2024 17:40,357.9,27.57
8/4/2024 17:50,357.5,27.55
8/4/2024 18:00,357.6,27.52
8/4/2024 18:10,355.6,27.5
8/4/2024 18:20,356.8,27.49
8/4/2024 18:30,355.2,27.46
8/4/2024 18:40,352.5,27.44
8/4/2024 18:50,352.9,27.42
8/4/2024 19:00,353.7,27.38
8/4/2024 19:10,354.1,27.37
8/4/2024 19:20,354.5,27.35
8/4/2024 19:30,354.9,27.32
8/4/2024 19:40,355.3,27.3
8/4/2024 19:50,354.9,27.28
8/4/2024 20:00,355.3,27.25
8/4/2024 20:10,356.1,27.24
8/4/2024 20:20,356.1,27.23
8/4/2024 20:30,356.9,27.22
8/4/2024 20:40,358.1,27.2
8/4/2024 20:50,358.1,27.19
8/4/2024 21:00,358.1,27.17
8/4/2024 21:10,358.5,27.16
8/4/2024 21:20,359.3,27.15
8/4/2024 21:30,358.9,27.14
8/4/2024 21:40,356.9,27.13
8/4/2024 21:50,357.3,27.12
8/4/2024 22:00,356.1,27.09
8/4/2024 22:10,356.5,27.09
8/4/2024 22:20,356.5,27.07
8/4/2024 22:30,356.2,27.06
8/4/2024 22:40,356.9,27.06
8/4/2024 22:50,357.3,27.04
8/4/2024 23:00,357.7,27.04
8/4/2024 23:10,357.7,27.02
8/4/2024 23:20,357.8,27.01
8/4/2024 23:30,358.2,27
8/4/2024 23:40,357.8,26.99
8/4/2024 23:50,357,26.98
8/5/2024 0:00,357,26.97
8/5/2024 0:10,357,26.97
8/5/2024 0:20,356.2,26.95
8/5/2024 0:30,356.2,26.94
8/5/2024 0:40,357,26.93
8/5/2024 0:50,357.8,26.92
8/5/2024 1:00,358.2,26.92
8/5/2024 1:10,359,26.91
8/5/2024 1:20,359,26.9
8/5/2024 1:30,359.4,26.89
8/5/2024 1:40,359.4,26.89
8/5/2024 1:50,359.4,26.87
8/5/2024 2:00,359.4,26.87
8/5/2024 2:10,359.4,26.86
8/5/2024 2:20,359.8,26.86
8/5/2024 2:30,360.6,26.85
8/5/2024 2:40,361.8,26.85
8/5/2024 2:50,361,26.84
8/5/2024 3:00,360.6,26.84
8/5/2024 3:10,363,26.83
8/5/2024 3:20,362.6,26.82
8/5/2024 3:30,363,26.82
8/5/2024 3:40,363.8,26.8
8/5/2024 3:50,363.8,26.8
8/5/2024 4:00,363.8,26.79
8/5/2024 4:10,364.9,26.79
8/5/2024 4:20,365.3,26.78
8/5/2024 4:30,364.9,26.78
8/5/2024 4:40,365.7,26.77
8/5/2024 4:50,365.7,26.76
8/5/2024 5:00,366.1,26.76
8/5/2024 5:10,366.5,26.75
8/5/2024 5:20,367.3,26.75
8/5/2024 5:30,367.7,26.75
8/5/2024 5:40,367.7,26.74
8/5/2024 5:50,368.1,26.72
8/5/2024 6:00,368.5,26.72
8/5/2024 6:10,369.3,26.72
8/5/2024 6:20,370.1,26.71
8/5/2024 6:30,370.1,26.71
8/5/2024 6:40,373.3,26.7
8/5/2024 6:50,372.1,26.7
8/5/2024 7:00,373.7,26.69
8/5/2024 7:10,373.7,26.7
8/5/2024 7:20,372.5,26.69
8/5/2024 7:30,373.3,26.7
8/5/2024 7:40,372.5,26.7
8/5/2024 7:50,373.3,26.7
8/5/2024 8:00,373.3,26.71
8/5/2024 8:10,374.1,26.72
8/5/2024 8:20,373.7,26.72
8/5/2024 8:30,373.3,26.75
8/5/2024 8:40,374,26.75
8/5/2024 8:50,375.6,26.77
8/5/2024 9:00,380,26.78
8/5/2024 9:10,380.7,26.82
8/5/2024 9:20,378.8,26.83
8/5/2024 9:30,379.1,26.86
8/5/2024 9:40,379.1,26.9
8/5/2024 9:50,378.7,26.92
8/5/2024 10:00,381.5,26.97
8/5/2024 10:10,385,27.01
8/5/2024 10:20,385,27.06
8/5/2024 10:30,385.4,27.1
8/5/2024 10:40,384.5,27.15
8/5/2024 10:50,384.9,27.21
8/5/2024 11:00,384.9,27.25
8/5/2024 11:10,386.8,27.34
8/5/2024 11:20,386.8,27.39
8/5/2024 11:30,386.8,27.46
8/5/2024 11:40,388.7,27.52
8/5/2024 11:50,388.3,27.57
8/5/2024 12:00,387.9,27.64
8/5/2024 12:10,390.6,27.74
8/5/2024 12:20,388.2,27.76
8/5/2024 12:30,387.4,27.82
8/5/2024 12:40,387.4,27.89
8/5/2024 12:50,387,27.95
8/5/2024 13:00,388.5,27.99
8/5/2024 13:10,388.9,28.06
8/5/2024 13:20,388.1,28.11
8/5/2024 13:30,388.5,28.19
8/5/2024 13:40,388.8,28.23
8/5/2024 13:50,388.8,28.27
8/5/2024 14:00,388.4,28.3
8/5/2024 14:10,387.6,28.33
8/5/2024 14:20,387.6,28.36
8/5/2024 14:30,387.6,28.36
8/5/2024 14:40,387.6,28.37
8/5/2024 14:50,386.4,28.38
8/5/2024 15:00,384.1,28.36
8/5/2024 15:10,382.9,28.36
8/5/2024 15:20,382.5,28.35
8/5/2024 15:30,381.7,28.33
8/5/2024 15:40,381.7,28.32
8/5/2024 15:50,380.9,28.29
8/5/2024 16:00,380.9,28.26
8/5/2024 16:10,381.7,28.22
8/5/2024 16:20,382.2,28.19
8/5/2024 16:30,380.6,28.17
8/5/2024 16:40,381,28.14
8/5/2024 16:50,381,28.1
8/5/2024 17:00,383.8,28.05
8/5/2024 17:10,382.2,28.02
8/5/2024 17:20,381.8,27.97
8/5/2024 17:30,381.1,27.95
8/5/2024 17:40,382.3,27.9
8/5/2024 17:50,381.9,27.87
8/5/2024 18:00,381.1,27.82
8/5/2024 18:10,379.6,27.78
8/5/2024 18:20,378,27.75
8/5/2024 18:30,377.2,27.7
8/5/2024 18:40,378.8,27.68
8/5/2024 18:50,377.6,27.65
8/5/2024 19:00,375.3,27.61
8/5/2024 19:10,375.7,27.59
8/5/2024 19:20,375.7,27.54
8/5/2024 19:30,374.5,27.52
8/5/2024 19:40,374.5,27.49
8/5/2024 19:50,373.8,27.46
8/5/2024 20:00,373,27.44
8/5/2024 20:10,373,27.42
8/5/2024 20:20,371.4,27.39
8/5/2024 20:30,371,27.37
8/5/2024 20:40,370.2,27.36
8/5/2024 20:50,371.4,27.34
8/5/2024 21:00,371.8,27.32
8/5/2024 21:10,372.6,27.31
8/5/2024 21:20,372.2,27.3
8/5/2024 21:30,372.3,27.28
8/5/2024 21:40,371.9,27.27
8/5/2024 21:50,371.5,27.25
8/5/2024 22:00,372.3,27.24
8/5/2024 22:10,372.7,27.23
8/5/2024 22:20,372.7,27.21
8/5/2024 22:30,373.5,27.21
8/5/2024 22:40,373.5,27.2
8/5/2024 22:50,372.7,27.19
8/5/2024 23:00,372.7,27.17
8/5/2024 23:10,372.7,27.16
8/5/2024 23:20,373.9,27.15
8/5/2024 23:30,373.9,27.14
8/5/2024 23:40,374.3,27.13
8/5/2024 23:50,374.3,27.12
8/6/2024 0:00,374.3,27.1
8/6/2024 0:10,374.7,27.09
8/6/2024 0:20,374.3,27.08
8/6/2024 0:30,374.3,27.07
8/6/2024 0:40,374.7,27.06
8/6/2024 0:50,374.7,27.05
8/6/2024 1:00,375.1,27.04
8/6/2024 1:10,375.9,27.02
8/6/2024 1:20,376.3,27.01
8/6/2024 1:30,376.3,27
8/6/2024 1:40,377.1,26.99
8/6/2024 1:50,375.9,26.97
8/6/2024 2:00,376.3,26.97
8/6/2024 2:10,376.3,26.95
8/6/2024 2:20,375.9,26.94
8/6/2024 2:30,375.9,26.94
8/6/2024 2:40,375.2,26.93
8/6/2024 2:50,374,26.93
8/6/2024 3:00,374.4,26.92
8/6/2024 3:10,375.6,26.91
8/6/2024 3:20,376,26.9
8/6/2024 3:30,377.1,26.89
8/6/2024 3:40,377.2,26.87
8/6/2024 3:50,377.9,26.87
8/6/2024 4:00,376.4,26.86
8/6/2024 4:10,377.2,26.85
8/6/2024 4:20,378.7,26.85
8/6/2024 4:30,378,26.84
8/6/2024 4:40,378,26.83
8/6/2024 4:50,378.4,26.83
8/6/2024 5:00,380.3,26.82
8/6/2024 5:10,382.3,26.8
8/6/2024 5:20,382.3,26.79
8/6/2024 5:30,381.5,26.78
8/6/2024 5:40,381.5,26.78
8/6/2024 5:50,382.3,26.78
8/6/2024 6:00,383.5,26.77
8/6/2024 6:10,384.7,26.76
8/6/2024 6:20,383.5,26.76
8/6/2024 6:30,383.5,26.75
8/6/2024 6:40,384.7,26.75
8/6/2024 6:50,387.1,26.75
8/6/2024 7:00,390.6,26.74
8/6/2024 7:10,390.6,26.74
8/6/2024 7:20,390.2,26.74
8/6/2024 7:30,389.1,26.75
8/6/2024 7:40,388.7,26.76
8/6/2024 7:50,387.9,26.76
8/6/2024 8:00,388.3,26.78
8/6/2024 8:10,386.7,26.78
8/6/2024 8:20,385.5,26.8
8/6/2024 8:30,385.9,26.82
8/6/2024 8:40,386.3,26.83
8/6/2024 8:50,387,26.85
8/6/2024 9:00,388.2,26.87
8/6/2024 9:10,388.6,26.9
8/6/2024 9:20,388.6,26.92
8/6/2024 9:30,389,26.95
8/6/2024 9:40,392.1,26.99
8/6/2024 9:50,391.3,27.02
8/6/2024 10:00,392.1,27.07
8/6/2024 10:10,396.4,27.1
8/6/2024 10:20,398.8,27.15
8/6/2024 10:30,398.7,27.21
8/6/2024 10:40,399.1,27.28
8/6/2024 10:50,399.5,27.32
8/6/2024 11:00,401,27.38
8/6/2024 11:10,402.6,27.42
8/6/2024 11:20,403,27.45
8/6/2024 11:30,405.4,27.46
8/6/2024 11:40,405.4,27.46
8/6/2024 11:50,405,27.49
8/6/2024 12:00,406.1,27.51
8/6/2024 12:10,406.1,27.51
8/6/2024 12:20,407.7,27.52
8/6/2024 12:30,407.7,27.54
8/6/2024 12:40,405.7,27.59
8/6/2024 12:50,404.5,27.64
8/6/2024 13:00,402.9,27.66
8/6/2024 13:10,402.1,27.7
8/6/2024 13:20,401.7,27.77
8/6/2024 13:30,404,27.85
8/6/2024 13:40,403.6,27.89
8/6/2024 13:50,402.8,27.9
8/6/2024 14:00,405.2,27.83
8/6/2024 14:10,405.2,27.81
8/6/2024 14:20,404,27.77
8/6/2024 14:30,401.7,27.73
8/6/2024 14:40,402.1,27.69
8/6/2024 14:50,400.5,27.65
8/6/2024 15:00,399.8,27.6
8/6/2024 15:10,400.6,27.57
8/6/2024 15:20,400.2,27.51
8/6/2024 15:30,401,27.49
8/6/2024 15:40,401.8,27.43
8/6/2024 15:50,401.4,27.39
8/6/2024 16:00,400.7,27.36
8/6/2024 16:10,398.3,27.34
8/6/2024 16:20,394.4,27.3
8/6/2024 16:30,395.6,27.29
8/6/2024 16:40,390.8,27.25
8/6/2024 16:50,387.3,27.24
8/6/2024 17:00,387.7,27.22
8/6/2024 17:10,390.1,27.21
8/6/2024 17:20,388.1,27.2
8/6/2024 17:30,386.1,27.19
8/6/2024 17:40,384.1,27.17
8/6/2024 17:50,384.2,27.15
8/6/2024 18:00,383.4,27.14
8/6/2024 18:10,385,27.12
8/6/2024 18:20,386.9,27.09
8/6/2024 18:30,386.2,27.07
8/6/2024 18:40,384.6,27.05
8/6/2024 18:50,384.6,27.01
8/6/2024 19:00,387,27
8/6/2024 19:10,391.3,26.97
8/6/2024 19:20,388.6,26.94
8/6/2024 19:30,387.4,26.92
8/6/2024 19:40,388.2,26.9
8/6/2024 19:50,388.2,26.89
8/6/2024 20:00,389,26.86
8/6/2024 20:10,389.8,26.85
8/6/2024 20:20,390.2,26.84
8/6/2024 20:30,392.2,26.83
8/6/2024 20:40,393.8,26.8
8/6/2024 20:50,392.6,26.79
8/6/2024 21:00,391,26.78
8/6/2024 21:10,392.2,26.77
8/6/2024 21:20,391,26.76
8/6/2024 21:30,390.2,26.75
8/6/2024 21:40,389.1,26.75
8/6/2024 21:50,390.2,26.74
8/6/2024 22:00,392.2,26.74
8/6/2024 22:10,391.4,26.72
8/6/2024 22:20,391.4,26.72
8/6/2024 22:30,392.2,26.71
8/6/2024 22:40,389.9,26.71
8/6/2024 22:50,390.7,26.7
8/6/2024 23:00,390.7,26.7
8/6/2024 23:10,392.2,26.69
8/6/2024 23:20,392.6,26.69
8/6/2024 23:30,393,26.68
8/6/2024 23:40,393,26.67
8/6/2024 23:50,393,26.67
8/7/2024 0:00,393.8,26.67
8/7/2024 0:10,394.6,26.65
8/7/2024 0:20,395.4,26.64
8/7/2024 0:30,395.4,26.64
8/7/2024 0:40,396.6,26.64
8/7/2024 0:50,397.4,26.63
8/7/2024 1:00,397.8,26.62
8/7/2024 1:10,398.6,26.62
8/7/2024 1:20,396.6,26.61
8/7/2024 1:30,397.8,26.6
8/7/2024 1:40,398.2,26.6
8/7/2024 1:50,397.8,26.59
8/7/2024 2:00,398.6,26.59
8/7/2024 2:10,399.8,26.57
8/7/2024 2:20,399.8,26.57
8/7/2024 2:30,399.4,26.56
8/7/2024 2:40,399.8,26.55
8/7/2024 2:50,400.6,26.54
8/7/2024 3:00,401,26.53
8/7/2024 3:10,401,26.52
8/7/2024 3:20,401.8,26.5
8/7/2024 3:30,403.8,26.5
8/7/2024 3:40,404.6,26.49
8/7/2024 3:50,407,26.47
8/7/2024 4:00,405.8,26.45
8/7/2024 4:10,405.4,26.45
8/7/2024 4:20,405.4,26.44
8/7/2024 4:30,406.6,26.42
8/7/2024 4:40,407.4,26.41
8/7/2024 4:50,408.2,26.4
8/7/2024 5:00,408.6,26.4
8/7/2024 5:10,408.6,26.38
8/7/2024 5:20,407,26.38
8/7/2024 5:30,407.8,26.37
8/7/2024 5:40,408.6,26.35
8/7/2024 5:50,409.4,26.34
8/7/2024 6:00,409.4,26.33
8/7/2024 6:10,409,26.32
8/7/2024 6:20,409.8,26.32
8/7/2024 6:30,411.8,26.31
8/7/2024 6:40,412.2,26.3
8/7/2024 6:50,412.2,26.3
8/7/2024 7:00,412.6,26.29
8/7/2024 7:10,412.2,26.29
8/7/2024 7:20,411.4,26.29
8/7/2024 7:30,411.4,26.29
8/7/2024 7:40,411.8,26.3
8/7/2024 7:50,412.2,26.3
8/7/2024 8:00,412.2,26.32
8/7/2024 8:10,413,26.33
8/7/2024 8:20,414.1,26.34
8/7/2024 8:30,415.3,26.38
8/7/2024 8:40,415.7,26.4
8/7/2024 8:50,415.3,26.44
8/7/2024 9:00,416.1,26.47
8/7/2024 9:10,416.1,26.5
8/7/2024 9:20,416,26.54
8/7/2024 9:30,417.2,26.57
8/7/2024 9:40,420,26.62
8/7/2024 9:50,421.5,26.67
8/7/2024 10:00,422.7,26.72
8/7/2024 10:10,425.8,26.77
8/7/2024 10:20,427.8,26.83
8/7/2024 10:30,429.3,26.87
8/7/2024 10:40,430.1,26.93
8/7/2024 10:50,430.1,27
8/7/2024 11:00,430.4,27.06
8/7/2024 11:10,430.8,27.1
8/7/2024 11:20,431.2,27.17
8/7/2024 11:30,431.5,27.25
8/7/2024 11:40,429.1,27.3
8/7/2024 11:50,429.1,27.36
8/7/2024 12:00,427.1,27.4
8/7/2024 12:10,426.7,27.46
8/7/2024 12:20,426.3,27.52
8/7/2024 12:30,424.7,27.62
8/7/2024 12:40,424.2,27.69
8/7/2024 12:50,423.4,27.76
8/7/2024 13:00,423.4,27.8
8/7/2024 13:10,423,27.87
8/7/2024 13:20,422.1,27.96
8/7/2024 13:30,421.7,28.03
8/7/2024 13:40,422.1,28.07
8/7/2024 13:50,423.6,28.13
8/7/2024 14:00,425.2,28.15
8/7/2024 14:10,423.2,28.19
8/7/2024 14:20,423.2,28.22
8/7/2024 14:30,423.2,28.25
8/7/2024 14:40,421.6,28.27
8/7/2024 14:50,420.4,28.27
8/7/2024 15:00,418.8,28.27
8/7/2024 15:10,418.1,28.25
8/7/2024 15:20,416.1,28.22
8/7/2024 15:30,415.7,28.21
8/7/2024 15:40,414.5,28.18
8/7/2024 15:50,413.4,28.14
8/7/2024 16:00,411.4,28.13
8/7/2024 16:10,410.2,28.08
8/7/2024 16:20,410.2,28.05
8/7/2024 16:30,407.9,28.03
8/7/2024 16:40,409.9,27.97
8/7/2024 16:50,412.7,27.92
8/7/2024 17:00,413.1,27.9
8/7/2024 17:10,413.5,27.84
8/7/2024 17:20,415.9,27.81
8/7/2024 17:30,419.1,27.76
8/7/2024 17:40,420.7,27.72
8/7/2024 17:50,419.9,27.67
8/7/2024 18:00,421.1,27.62
8/7/2024 18:10,422.3,27.57
8/7/2024 18:20,421.9,27.52
8/7/2024 18:30,425.1,27.49
8/7/2024 18:40,424.3,27.44
8/7/2024 18:50,424.4,27.39
8/7/2024 19:00,424.4,27.35
8/7/2024 19:10,425.6,27.3
8/7/2024 19:20,428.8,27.29
8/7/2024 19:30,431.9,27.24
8/7/2024 19:40,431.2,27.2
8/7/2024 19:50,430,27.16
8/7/2024 20:00,425.7,27.13
8/7/2024 20:10,426.1,27.1
8/7/2024 20:20,425.7,27.07
8/7/2024 20:30,425.3,27.05
8/7/2024 20:40,423.7,27.02
8/7/2024 20:50,423,26.99
8/7/2024 21:00,423.8,26.98
8/7/2024 21:10,419.8,26.95
8/7/2024 21:20,417.1,26.93
8/7/2024 21:30,417.1,26.91
8/7/2024 21:40,414.3,26.9
8/7/2024 21:50,410.7,26.87
8/7/2024 22:00,408.4,26.86
8/7/2024 22:10,405.2,26.85
8/7/2024 22:20,405.6,26.83
8/7/2024 22:30,404.8,26.82
8/7/2024 22:40,402.9,26.8
8/7/2024 22:50,403.3,26.8
8/7/2024 23:00,402.1,26.79
8/7/2024 23:10,402.5,26.78
8/7/2024 23:20,402.1,26.77
8/7/2024 23:30,401.7,26.76
8/7/2024 23:40,402.1,26.75
8/7/2024 23:50,404.5,26.75
8/8/2024 0:00,404.5,26.74
8/8/2024 0:10,404.9,26.72
8/8/2024 0:20,404.9,26.72
8/8/2024 0:30,403.7,26.71
8/8/2024 0:40,404.1,26.71
8/8/2024 0:50,404.5,26.7
8/8/2024 1:00,404.5,26.69
8/8/2024 1:10,404.5,26.68
8/8/2024 1:20,404.9,26.68
8/8/2024 1:30,404.5,26.67
8/8/2024 1:40,404.1,26.65
8/8/2024 1:50,404.1,26.64
8/8/2024 2:00,404.9,26.63
8/8/2024 2:10,406.1,26.62
8/8/2024 2:20,406.9,26.61
8/8/2024 2:30,405.3,26.59
8/8/2024 2:40,405.7,26.6
8/8/2024 2:50,407.3,26.56
8/8/2024 3:00,404.6,26.55
8/8/2024 3:10,405,26.54
8/8/2024 3:20,406.5,26.54
8/8/2024 3:30,405.4,26.53
8/8/2024 3:40,404.6,26.52
8/8/2024 3:50,402.2,26.52
8/8/2024 4:00,402.2,26.52
8/8/2024 4:10,403,26.49
8/8/2024 4:20,404.2,26.49
8/8/2024 4:30,403,26.48
8/8/2024 4:40,406.6,26.46
8/8/2024 4:50,408.2,26.45
8/8/2024 5:00,407.8,26.44
8/8/2024 5:10,409,26.41
8/8/2024 5:20,409.8,26.4
8/8/2024 5:30,410.6,26.38
8/8/2024 5:40,411.4,26.37
8/8/2024 5:50,411.8,26.34
8/8/2024 6:00,410.6,26.33
8/8/2024 6:10,410.6,26.33
8/8/2024 6:20,410.6,26.31
8/8/2024 6:30,410.2,26.3
8/8/2024 6:40,410.6,26.29
8/8/2024 6:50,410.6,26.29
8/8/2024 7:00,410.2,26.27
8/8/2024 7:10,410.2,26.29
8/8/2024 7:20,410.2,26.29
8/8/2024 7:30,410.2,26.3
8/8/2024 7:40,411.8,26.31
8/8/2024 7:50,411.8,26.32
8/8/2024 8:00,410.2,26.32
8/8/2024 8:10,409.8,26.34
8/8/2024 8:20,410.2,26.35
8/8/2024 8:30,410.2,26.38
8/8/2024 8:40,411,26.4
8/8/2024 8:50,411.7,26.44
8/8/2024 9:00,412.5,26.46
8/8/2024 9:10,414.5,26.48
8/8/2024 9:20,416,26.53
8/8/2024 9:30,416,26.59
8/8/2024 9:40,416.8,26.61
8/8/2024 9:50,418,26.67
8/8/2024 10:00,423.9,26.71
8/8/2024 10:10,426.2,26.77
8/8/2024 10:20,427.8,26.82
8/8/2024 10:30,428.9,26.87
8/8/2024 10:40,430.5,26.94
8/8/2024 10:50,431.7,27.01
8/8/2024 11:00,431.2,27.08
8/8/2024 11:10,432,27.19
8/8/2024 11:20,431.9,27.25
8/8/2024 11:30,432.3,27.36
8/8/2024 11:40,432.3,27.38
8/8/2024 11:50,433,27.45
8/8/2024 12:00,434.6,27.55
8/8/2024 12:10,435.3,27.64
8/8/2024 12:20,434.1,27.72
8/8/2024 12:30,433.7,27.82
8/8/2024 12:40,430.8,27.91
8/8/2024 12:50,429.2,27.98
8/8/2024 13:00,430.4,28.1
8/8/2024 13:10,430.3,28.18
8/8/2024 13:20,429.5,28.28
8/8/2024 13:30,431.4,28.35
8/8/2024 13:40,433.4,28.45
8/8/2024 13:50,434.1,28.5
8/8/2024 14:00,436.1,28.56
8/8/2024 14:10,437.7,28.59
8/8/2024 14:20,436.4,28.64
8/8/2024 14:30,435.6,28.67
8/8/2024 14:40,435.2,28.7
8/8/2024 14:50,435.6,28.73
8/8/2024 15:00,436.4,28.73
8/8/2024 15:10,434.4,28.72
8/8/2024 15:20,434,28.7
8/8/2024 15:30,433.7,28.67
8/8/2024 15:40,431.7,28.65
8/8/2024 15:50,431.3,28.63
8/8/2024 16:00,432.5,28.6
8/8/2024 16:10,429.4,28.59
8/8/2024 16:20,429.4,28.55
8/8/2024 16:30,427.4,28.51
8/8/2024 16:40,427,28.47
8/8/2024 16:50,428.2,28.42
8/8/2024 17:00,430.6,28.37
8/8/2024 17:10,431.4,28.34
8/8/2024 17:20,431.5,28.29
8/8/2024 17:30,429.9,28.26
8/8/2024 17:40,429.5,28.21
8/8/2024 17:50,431.9,28.17
8/8/2024 18:00,435.1,28.12
8/8/2024 18:10,438.3,28.08
8/8/2024 18:20,441.1,28.04
8/8/2024 18:30,441.5,27.99
8/8/2024 18:40,441.1,27.93
8/8/2024 18:50,441.1,27.9
8/8/2024 19:00,441.2,27.84
8/8/2024 19:10,442,27.78
8/8/2024 19:20,445.2,27.74
8/8/2024 19:30,449.2,27.68
8/8/2024 19:40,452.7,27.66
8/8/2024 19:50,457.9,27.61
8/8/2024 20:00,461.1,27.58
8/8/2024 20:10,461.9,27.53
8/8/2024 20:20,462.3,27.49
8/8/2024 20:30,464.3,27.46
8/8/2024 20:40,463.9,27.38
8/8/2024 20:50,463.6,27.37
8/8/2024 21:00,464,27.34
8/8/2024 21:10,463.2,27.3
8/8/2024 21:20,462.4,27.27
8/8/2024 21:30,461.2,27.24
8/8/2024 21:40,460.1,27.2
8/8/2024 21:50,454.6,27.15
8/8/2024 22:00,452.6,27.14
8/8/2024 22:10,452.6,27.12
8/8/2024 22:20,453,27.09
8/8/2024 22:30,453.4,27.07
8/8/2024 22:40,448.3,27.04
8/8/2024 22:50,441.1,27.02
8/8/2024 23:00,441.2,26.98
8/8/2024 23:10,433.3,26.98
8/8/2024 23:20,432.5,26.94
8/8/2024 23:30,434.5,26.94
8/8/2024 23:40,428.9,26.9
8/8/2024 23:50,424.6,26.87
8/9/2024 0:00,419.9,26.86
8/9/2024 0:10,416.7,26.85
8/9/2024 0:20,415.1,26.84
8/9/2024 0:30,413.9,26.83
8/9/2024 0:40,418.3,26.83
8/9/2024 0:50,417.1,26.82
8/9/2024 1:00,415.9,26.8
8/9/2024 1:10,414.7,26.78
8/9/2024 1:20,413.2,26.78
8/9/2024 1:30,412,26.77
8/9/2024 1:40,412.4,26.76
8/9/2024 1:50,412.8,26.76
8/9/2024 2:00,412.8,26.75
8/9/2024 2:10,412,26.74
8/9/2024 2:20,411.6,26.74
8/9/2024 2:30,411.2,26.72
8/9/2024 2:40,411.6,26.72
8/9/2024 2:50,412.4,26.71
8/9/2024 3:00,412.8,26.7
8/9/2024 3:10,412.8,26.7
8/9/2024 3:20,413.2,26.69
8/9/2024 3:30,414,26.68
8/9/2024 3:40,412.4,26.68
8/9/2024 3:50,412.4,26.67
8/9/2024 4:00,417.6,26.65
8/9/2024 4:10,415.2,26.64
8/9/2024 4:20,416.4,26.64
8/9/2024 4:30,415.6,26.63
8/9/2024 4:40,419.6,26.62
8/9/2024 4:50,418,26.61
8/9/2024 5:00,416,26.61
8/9/2024 5:10,415.6,26.6
8/9/2024 5:20,416,26.6
8/9/2024 5:30,424.7,26.59
8/9/2024 5:40,420,26.59
8/9/2024 5:50,418.4,26.57
8/9/2024 6:00,417.6,26.56
8/9/2024 6:10,416.4,26.55
8/9/2024 6:20,417.2,26.55
8/9/2024 6:30,418,26.54
8/9/2024 6:40,414.1,26.52
8/9/2024 6:50,412.9,26.49
8/9/2024 7:00,412.1,26.49
8/9/2024 7:10,410.5,26.48
8/9/2024 7:20,408.6,26.47
8/9/2024 7:30,407.4,26.47
8/9/2024 7:40,406.2,26.48
8/9/2024 7:50,405.8,26.48
8/9/2024 8:00,405.4,26.5
8/9/2024 8:10,403.8,26.52
8/9/2024 8:20,402.6,26.53
8/9/2024 8:30,403,26.56
8/9/2024 8:40,404.2,26.57
8/9/2024 8:50,404.5,26.61
8/9/2024 9:00,405.3,26.63
8/9/2024 9:10,406.5,26.67
8/9/2024 9:20,407.3,26.7
8/9/2024 9:30,408,26.75
8/9/2024 9:40,408.4,26.78
8/9/2024 9:50,409.2,26.83
8/9/2024 10:00,410,26.86
8/9/2024 10:10,412.7,26.89
8/9/2024 10:20,415.5,26.94
8/9/2024 10:30,419,27
8/9/2024 10:40,425.3,27.06
8/9/2024 10:50,426.5,27.1
8/9/2024 11:00,431.2,27.19
8/9/2024 11:10,430,27.24
8/9/2024 11:20,431.1,27.28
8/9/2024 11:30,429.9,27.29
8/9/2024 11:40,427.2,27.34
8/9/2024 11:50,426.3,27.4
8/9/2024 12:00,426.3,27.46
8/9/2024 12:10,426.7,27.5
8/9/2024 12:20,425.9,27.57
8/9/2024 12:30,426.2,27.65
8/9/2024 12:40,429,27.74
8/9/2024 12:50,429.7,27.8
8/9/2024 13:00,427.7,27.89
8/9/2024 13:10,428.5,27.96
8/9/2024 13:20,428.4,28.02
8/9/2024 13:30,427.6,28.05
8/9/2024 13:40,427.2,28.11
8/9/2024 13:50,427.2,28.18
8/9/2024 14:00,427.6,28.2
8/9/2024 14:10,426.8,28.2
8/9/2024 14:20,427.6,28.19
8/9/2024 14:30,431.5,28.17
8/9/2024 14:40,431.1,28.17
8/9/2024 14:50,426.4,28.17
8/9/2024 15:00,427.6,28.14
8/9/2024 15:10,426.4,28.11
8/9/2024 15:20,429.6,28.08
8/9/2024 15:30,433.9,28.05
8/9/2024 15:40,436.8,27.97
8/9/2024 15:50,436.4,27.95
8/9/2024 16:00,432.4,27.9
8/9/2024 16:10,432.4,27.88
8/9/2024 16:20,436.4,27.8
8/9/2024 16:30,438.4,27.77
8/9/2024 16:40,440,27.73
8/9/2024 16:50,435.3,27.69
8/9/2024 17:00,439.7,27.66
8/9/2024 17:10,447.2,27.62
8/9/2024 17:20,449.2,27.6
8/9/2024 17:30,451.2,27.58
8/9/2024 17:40,450,27.52
8/9/2024 17:50,448.1,27.5
8/9/2024 18:00,448.1,27.46
8/9/2024 18:10,446.9,27.43
8/9/2024 18:20,447.7,27.4
8/9/2024 18:30,447.3,27.37
8/9/2024 18:40,447.3,27.35
8/9/2024 18:50,452.1,27.32
8/9/2024 19:00,451.3,27.29
8/9/2024 19:10,451.7,27.24
8/9/2024 19:20,445.8,27.21
8/9/2024 19:30,442.7,27.17
8/9/2024 19:40,443.1,27.16
8/9/2024 19:50,448.2,27.16
8/9/2024 20:00,446.3,27.1
8/9/2024 20:10,443.1,27.07
8/9/2024 20:20,443.5,27.06
8/9/2024 20:30,443.9,27.05
8/9/2024 20:40,444.3,27.02
8/9/2024 20:50,441.2,27
8/9/2024 21:00,439.6,26.99
8/9/2024 21:10,439.6,26.97
8/9/2024 21:20,436.4,26.95
8/9/2024 21:30,435.2,26.94
8/9/2024 21:40,430.1,26.93
8/9/2024 21:50,429.3,26.92
8/9/2024 22:00,430.5,26.91
8/9/2024 22:10,429.7,26.9
8/9/2024 22:20,425.8,26.87
8/9/2024 22:30,419.1,26.86
8/9/2024 22:40,419.5,26.86
8/9/2024 22:50,419.5,26.86
8/9/2024 23:00,420.3,26.84
8/9/2024 23:10,418.3,26.84
8/9/2024 23:20,417.9,26.83
8/9/2024 23:30,415.9,26.83
8/9/2024 23:40,415.9,26.82
8/9/2024 23:50,417.1,26.8
8/10/2024 0:00,417.1,26.8
8/10/2024 0:10,417.9,26.8
8/10/2024 0:20,416.3,26.79
8/10/2024 0:30,417.1,26.78
8/10/2024 0:40,417.5,26.78
8/10/2024 0:50,414,26.77
8/10/2024 1:00,415.1,26.77
8/10/2024 1:10,417.9,26.76
8/10/2024 1:20,417.9,26.76
8/10/2024 1:30,416.3,26.76
8/10/2024 1:40,416.7,26.75
8/10/2024 1:50,415.2,26.75
8/10/2024 2:00,417.1,26.75
8/10/2024 2:10,417.5,26.75
8/10/2024 2:20,417.5,26.74
8/10/2024 2:30,417.5,26.74
8/10/2024 2:40,417.1,26.74
8/10/2024 2:50,417.9,26.74
8/10/2024 3:00,418.3,26.74
8/10/2024 3:10,418.7,26.72
8/10/2024 3:20,416.4,26.72
8/10/2024 3:30,417.1,26.72
8/10/2024 3:40,416,26.72
8/10/2024 3:50,416,26.72
8/10/2024 4:00,417.1,26.71
8/10/2024 4:10,417.9,26.71
8/10/2024 4:20,422.7,26.71
8/10/2024 4:30,419.1,26.71
8/10/2024 4:40,420.3,26.71
8/10/2024 4:50,422.3,26.7
8/10/2024 5:00,420.7,26.7
8/10/2024 5:10,419.9,26.7
8/10/2024 5:20,420.3,26.69
8/10/2024 5:30,420.3,26.69
8/10/2024 5:40,421.5,26.68
8/10/2024 5:50,421.5,26.68
8/10/2024 6:00,421.5,26.68
8/10/2024 6:10,421.9,26.67
8/10/2024 6:20,424.7,26.67
8/10/2024 6:30,427.5,26.64
8/10/2024 6:40,428.3,26.63
8/10/2024 6:50,426.7,26.62
8/10/2024 7:00,426.7,26.62
8/10/2024 7:10,425.9,26.61
8/10/2024 7:20,426.7,26.62
8/10/2024 7:30,426.3,26.62
8/10/2024 7:40,427.5,26.63
8/10/2024 7:50,427.5,26.64
8/10/2024 8:00,425.9,26.65
8/10/2024 8:10,425.9,26.67
8/10/2024 8:20,425.5,26.68
8/10/2024 8:30,425.9,26.7
8/10/2024 8:40,426.6,26.72
8/10/2024 8:50,427.8,26.76
8/10/2024 9:00,426.6,26.78
8/10/2024 9:10,426.6,26.79
8/10/2024 9:20,427.4,26.76
8/10/2024 9:30,429.8,26.78
8/10/2024 9:40,428.6,26.83
8/10/2024 9:50,428.2,26.87
8/10/2024 10:00,429.7,26.92
8/10/2024 10:10,430.9,26.98
8/10/2024 10:20,432,27.02
8/10/2024 10:30,433.2,27.08
8/10/2024 10:40,432.8,27.15
8/10/2024 10:50,433.9,27.21
8/10/2024 11:00,434.7,27.29
8/10/2024 11:10,435.5,27.36
8/10/2024 11:20,436.6,27.44
8/10/2024 11:30,436.2,27.52
8/10/2024 11:40,436.5,27.58
8/10/2024 11:50,438.5,27.64
8/10/2024 12:00,438.5,27.7
8/10/2024 12:10,436.5,27.75
8/10/2024 12:20,436,27.82
8/10/2024 12:30,436.8,27.89
8/10/2024 12:40,437.2,27.95
8/10/2024 12:50,437.2,27.96
8/10/2024 13:00,437.5,27.97
8/10/2024 13:10,438.3,28.04
8/10/2024 13:20,439.4,28.13
8/10/2024 13:30,441,28.19
8/10/2024 13:40,441,28.25
8/10/2024 13:50,440.9,28.32
8/10/2024 14:00,440.9,28.34
8/10/2024 14:10,438.9,28.37
8/10/2024 14:20,438.1,28.42
8/10/2024 14:30,438.9,28.47
8/10/2024 14:40,439.3,28.5
8/10/2024 14:50,438.5,28.51
8/10/2024 15:00,438.5,28.5
8/10/2024 15:10,437.3,28.47
8/10/2024 15:20,434.9,28.47
8/10/2024 15:30,433.8,28.45
8/10/2024 15:40,431,28.45
8/10/2024 15:50,429.4,28.43
8/10/2024 16:00,429.8,28.4
8/10/2024 16:10,432.6,28.37
8/10/2024 16:20,432.6,28.34
8/10/2024 16:30,433,28.29
8/10/2024 16:40,435,28.26
8/10/2024 16:50,437.4,28.21
8/10/2024 17:00,432.7,28.17
8/10/2024 17:10,433.9,28.12
8/10/2024 17:20,435.1,28.1
8/10/2024 17:30,435.9,28.04
8/10/2024 17:40,437.1,27.99
8/10/2024 17:50,439.5,27.92
8/10/2024 18:00,439.5,27.91
8/10/2024 18:10,439.2,27.88
8/10/2024 18:20,440.8,27.84
8/10/2024 18:30,441.6,27.77
8/10/2024 18:40,441.6,27.75
8/10/2024 18:50,442,27.7
8/10/2024 19:00,442.1,27.62
8/10/2024 19:10,441.7,27.6
8/10/2024 19:20,442.9,27.57
8/10/2024 19:30,449.6,27.54
8/10/2024 19:40,452.8,27.49
8/10/2024 19:50,449.7,27.44
8/10/2024 20:00,449.7,27.4
8/10/2024 20:10,448.5,27.38
8/10/2024 20:20,449.3,27.34
8/10/2024 20:30,446.6,27.29
8/10/2024 20:40,442.2,27.25
8/10/2024 20:50,442.6,27.21
8/10/2024 21:00,441.1,27.19
8/10/2024 21:10,445.4,27.17
8/10/2024 21:20,453.7,27.17
8/10/2024 21:30,463.3,27.17
8/10/2024 21:40,468.8,27.15
8/10/2024 21:50,472.4,27.13
8/10/2024 22:00,473.2,27.09
8/10/2024 22:10,472.8,27.05
8/10/2024 22:20,468.1,27
8/10/2024 22:30,453.1,26.94
8/10/2024 22:40,439.6,26.92
8/10/2024 22:50,434.1,26.92
8/10/2024 23:00,431.3,26.89
8/10/2024 23:10,428.6,26.86
8/10/2024 23:20,428.2,26.84
8/10/2024 23:30,425,26.83
8/10/2024 23:40,425.4,26.79
8/10/2024 23:50,426.2,26.78
8/11/2024 0:00,425,26.77
8/11/2024 0:10,425.4,26.76
8/11/2024 0:20,421.5,26.75
8/11/2024 0:30,422.7,26.72
8/11/2024 0:40,419.5,26.71
8/11/2024 0:50,418.7,26.7
8/11/2024 1:00,419.5,26.69
8/11/2024 1:10,419.9,26.68
8/11/2024 1:20,420.3,26.68
8/11/2024 1:30,421.1,26.67
8/11/2024 1:40,422.3,26.65
8/11/2024 1:50,420.7,26.64
8/11/2024 2:00,419.9,26.64
8/11/2024 2:10,419.6,26.63
8/11/2024 2:20,419.6,26.63
8/11/2024 2:30,420,26.62
8/11/2024 2:40,421.2,26.61
8/11/2024 2:50,421.6,26.6
8/11/2024 3:00,422.3,26.59
8/11/2024 3:10,422.7,26.59
8/11/2024 3:20,423.1,26.59
8/11/2024 3:30,420.8,26.57
8/11/2024 3:40,420,26.57
8/11/2024 3:50,419.6,26.56
8/11/2024 4:00,420.4,26.56
8/11/2024 4:10,422.4,26.55
8/11/2024 4:20,422.4,26.55
8/11/2024 4:30,422.8,26.55
8/11/2024 4:40,423.2,26.54
8/11/2024 4:50,423.2,26.54
8/11/2024 5:00,422.8,26.53
8/11/2024 5:10,423.2,26.53
8/11/2024 5:20,423.2,26.53
8/11/2024 5:30,423.6,26.52
8/11/2024 5:40,425.9,26.52
8/11/2024 5:50,426.3,26.52
8/11/2024 6:00,426.3,26.52
8/11/2024 6:10,425.9,26.52
8/11/2024 6:20,426.3,26.52
8/11/2024 6:30,428.3,26.52
8/11/2024 6:40,435.4,26.53
8/11/2024 6:50,437,26.53
8/11/2024 7:00,435.8,26.53
8/11/2024 7:10,434.3,26.53
8/11/2024 7:20,432.7,26.54
8/11/2024 7:30,431.1,26.55
8/11/2024 7:40,430.3,26.56
8/11/2024 7:50,431.1,26.57
8/11/2024 8:00,432.2,26.6
8/11/2024 8:10,432.2,26.61
8/11/2024 8:20,432.2,26.63
8/11/2024 8:30,431.4,26.65
8/11/2024 8:40,431.4,26.68
8/11/2024 8:50,431.4,26.71
8/11/2024 9:00,431.4,26.74
8/11/2024 9:10,432.2,26.76
8/11/2024 9:20,432.5,26.79
8/11/2024 9:30,432.9,26.83
8/11/2024 9:40,433.7,26.87
8/11/2024 9:50,435.7,26.91
8/11/2024 10:00,437.6,26.94
8/11/2024 10:10,439.2,26.97
8/11/2024 10:20,440.8,27
8/11/2024 10:30,443.1,27.04
8/11/2024 10:40,445.1,27.08
8/11/2024 10:50,446.2,27.16
8/11/2024 11:00,448.2,27.23
8/11/2024 11:10,448.9,27.3
8/11/2024 11:20,450.1,27.38
8/11/2024 11:30,450.5,27.44
8/11/2024 11:40,451.6,27.5
8/11/2024 11:50,452.4,27.54
8/11/2024 12:00,452.4,27.58
8/11/2024 12:10,451.2,27.6
8/11/2024 12:20,448.8,27.64
8/11/2024 12:30,446.8,27.66
8/11/2024 12:40,444.8,27.68
8/11/2024 12:50,444.8,27.72
8/11/2024 13:00,446.3,27.78
8/11/2024 13:10,447.1,27.84
8/11/2024 13:20,447.9,27.89
8/11/2024 13:30,446.7,27.91
8/11/2024 13:40,447.4,27.95
8/11/2024 13:50,447.8,27.97
8/11/2024 14:00,449.8,28.03
8/11/2024 14:10,451.3,28.11
8/11/2024 14:20,449.3,28.18
8/11/2024 14:30,448.5,28.22
8/11/2024 14:40,449.3,28.23
8/11/2024 14:50,451.3,28.23
8/11/2024 15:00,450.9,28.25
8/11/2024 15:10,449.3,28.22
8/11/2024 15:20,447.7,28.18
8/11/2024 15:30,442.6,28.18
8/11/2024 15:40,441.8,28.17
8/11/2024 15:50,443.4,28.15
8/11/2024 16:00,441.4,28.14
8/11/2024 16:10,441,28.14
8/11/2024 16:20,440.6,28.12
8/11/2024 16:30,440.7,28.08
8/11/2024 16:40,440.3,28.07
8/11/2024 16:50,439.1,28.04
8/11/2024 17:00,435.9,28.02
8/11/2024 17:10,435.2,27.99
8/11/2024 17:20,435.6,27.97
8/11/2024 17:30,437.2,27.93
8/11/2024 17:40,436,27.91
8/11/2024 17:50,437.2,27.88
8/11/2024 18:00,439.6,27.84
8/11/2024 18:10,442,27.81
8/11/2024 18:20,442,27.77
8/11/2024 18:30,444.8,27.74
8/11/2024 18:40,448,27.7
8/11/2024 18:50,450,27.66
8/11/2024 19:00,450.8,27.61
8/11/2024 19:10,452.8,27.59
8/11/2024 19:20,451.6,27.55
8/11/2024 19:30,452.4,27.52
8/11/2024 19:40,454.4,27.49
8/11/2024 19:50,459.6,27.45
8/11/2024 20:00,457.6,27.4
8/11/2024 20:10,452.9,27.36
8/11/2024 20:20,451.3,27.3
8/11/2024 20:30,454.5,27.25
8/11/2024 20:40,454.9,27.22
8/11/2024 20:50,455.3,27.19
8/11/2024 21:00,457.7,27.16
8/11/2024 21:10,460.1,27.13
8/11/2024 21:20,461.3,27.08
8/11/2024 21:30,460.5,27.06
8/11/2024 21:40,460.2,27.02
8/11/2024 21:50,459.4,27
8/11/2024 22:00,460.2,27
8/11/2024 22:10,459.8,26.98
8/11/2024 22:20,457.8,26.95
8/11/2024 22:30,458.6,26.95
8/11/2024 22:40,461.8,26.93
8/11/2024 22:50,463.8,26.93
8/11/2024 23:00,462.6,26.92
8/11/2024 23:10,461.8,26.91
8/11/2024 23:20,461.8,26.87
8/11/2024 23:30,452.7,26.86
8/11/2024 23:40,448.4,26.84
8/11/2024 23:50,441.3,26.8
8/12/2024 0:00,438.1,26.8
8/12/2024 0:10,436.5,26.79
8/12/2024 0:20,432.6,26.77
8/12/2024 0:30,426.6,26.76
8/12/2024 0:40,421.5,26.75
8/12/2024 0:50,419.5,26.75
8/12/2024 1:00,418.3,26.74
8/12/2024 1:10,419.1,26.74
8/12/2024 1:20,419.5,26.74
8/12/2024 1:30,419.9,26.74
8/12/2024 1:40,421.1,26.72
8/12/2024 1:50,421.1,26.72
8/12/2024 2:00,421.5,26.71
8/12/2024 2:10,421.5,26.71
8/12/2024 2:20,421.9,26.7
8/12/2024 2:30,422.7,26.69
8/12/2024 2:40,423.1,26.69
8/12/2024 2:50,423.9,26.68
8/12/2024 3:00,423.1,26.65
8/12/2024 3:10,421.9,26.65
8/12/2024 3:20,422.7,26.64
8/12/2024 3:30,423.9,26.64
8/12/2024 3:40,425.9,26.63
8/12/2024 3:50,423.9,26.63
8/12/2024 4:00,423.1,26.62
8/12/2024 4:10,426.7,26.62
8/12/2024 4:20,423.1,26.61
8/12/2024 4:30,422.7,26.61
8/12/2024 4:40,421.5,26.61
8/12/2024 4:50,422.3,26.61
8/12/2024 5:00,421.6,26.6
8/12/2024 5:10,421.2,26.6
8/12/2024 5:20,421.2,26.6
8/12/2024 5:30,421.6,26.59
8/12/2024 5:40,421.6,26.59
8/12/2024 5:50,422,26.59
8/12/2024 6:00,422.8,26.56
8/12/2024 6:10,423.5,26.56
8/12/2024 6:20,424.3,26.56
8/12/2024 6:30,424.3,26.55
8/12/2024 6:40,423.9,26.55
8/12/2024 6:50,425.1,26.55
8/12/2024 7:00,425.9,26.55
8/12/2024 7:10,426.7,26.55
8/12/2024 7:20,426.7,26.55
8/12/2024 7:30,425.5,26.56
8/12/2024 7:40,425.5,26.56
8/12/2024 7:50,425.9,26.57
8/12/2024 8:00,425.9,26.6
8/12/2024 8:10,426.7,26.61
8/12/2024 8:20,427.9,26.62
8/12/2024 8:30,429.4,26.64
8/12/2024 8:40,429.8,26.67
8/12/2024 8:50,430.6,26.7
8/12/2024 9:00,432.2,26.75
8/12/2024 9:10,433.3,26.78
8/12/2024 9:20,434.1,26.83
8/12/2024 9:30,434.5,26.87
8/12/2024 9:40,435.7,26.91
8/12/2024 9:50,436,26.94
8/12/2024 10:00,436.4,27.02
8/12/2024 10:10,437.6,27.07
8/12/2024 10:20,438.3,27.1
8/12/2024 10:30,440.3,27.16
8/12/2024 10:40,441.8,27.25
8/12/2024 10:50,445,27.31
8/12/2024 11:00,447.7,27.37
8/12/2024 11:10,448.5,27.44
8/12/2024 11:20,448,27.55
8/12/2024 11:30,448.4,27.65
8/12/2024 11:40,449.1,27.72
8/12/2024 11:50,451.9,27.8
8/12/2024 12:00,449.9,27.87
8/12/2024 12:10,450.2,27.99
8/12/2024 12:20,452.5,28.1
8/12/2024 12:30,454.1,28.19
8/12/2024 12:40,452.8,28.27
8/12/2024 12:50,452,28.36
8/12/2024 13:00,453.1,28.44
8/12/2024 13:10,453.9,28.52
8/12/2024 13:20,455,28.63
8/12/2024 13:30,458.5,28.72
8/12/2024 13:40,459.3,28.79
8/12/2024 13:50,463.2,28.85
8/12/2024 14:00,462,28.89
8/12/2024 14:10,461.2,28.94
8/12/2024 14:20,460.4,29
8/12/2024 14:30,459.2,29.04
8/12/2024 14:40,459.2,29.05
8/12/2024 14:50,460.7,29.1
8/12/2024 15:00,461.1,29.1
8/12/2024 15:10,459.5,29.1
8/12/2024 15:20,458.8,29.07
8/12/2024 15:30,459.2,29.08
8/12/2024 15:40,458.8,29.04
8/12/2024 15:50,459.2,29
8/12/2024 16:00,456.8,28.98
8/12/2024 16:10,456.9,28.94
8/12/2024 16:20,460,28.94
8/12/2024 16:30,458.8,28.9
8/12/2024 16:40,459.3,28.86
8/12/2024 16:50,460.1,28.82
8/12/2024 17:00,461.3,28.79
8/12/2024 17:10,461.7,28.74
8/12/2024 17:20,461.3,28.71
8/12/2024 17:30,462.1,28.67
8/12/2024 17:40,461.4,28.59
8/12/2024 17:50,458.2,28.57
8/12/2024 18:00,458.6,28.52
8/12/2024 18:10,460.6,28.47
8/12/2024 18:20,462.2,28.42
8/12/2024 18:30,463.9,28.35
8/12/2024 18:40,465.9,28.32
8/12/2024 18:50,466.3,28.28
8/12/2024 19:00,467.5,28.25
8/12/2024 19:10,469.5,28.21
8/12/2024 19:20,471.5,28.15
8/12/2024 19:30,473.1,28.11
8/12/2024 19:40,475.1,28.07
8/12/2024 19:50,474.7,28.03
8/12/2024 20:00,473.2,27.98
8/12/2024 20:10,472.4,27.93
8/12/2024 20:20,466.9,27.9
8/12/2024 20:30,467.3,27.87
8/12/2024 20:40,466.9,27.77
8/12/2024 20:50,464.2,27.69
8/12/2024 21:00,459.8,27.66
8/12/2024 21:10,462.2,27.65
8/12/2024 21:20,464.6,27.6
8/12/2024 21:30,466.6,27.58
8/12/2024 21:40,470.6,27.52
8/12/2024 21:50,471.4,27.49
8/12/2024 22:00,472.2,27.47
8/12/2024 22:10,473,27.44
8/12/2024 22:20,473.8,27.42
8/12/2024 22:30,475,27.38
8/12/2024 22:40,476.2,27.37
8/12/2024 22:50,476.2,27.34
8/12/2024 23:00,477,27.32
8/12/2024 23:10,477.5,27.3
8/12/2024 23:20,477.5,27.28
8/12/2024 23:30,480.2,27.28
8/12/2024 23:40,482.2,27.25
8/12/2024 23:50,484.6,27.24
8/13/2024 0:00,485.8,27.23
8/13/2024 0:10,486.6,27.22
8/13/2024 0:20,483.8,27.2
8/13/2024 0:30,484.3,27.19
8/13/2024 0:40,485,27.19
8/13/2024 0:50,485.8,27.16
8/13/2024 1:00,486.3,27.15
8/13/2024 1:10,484.7,27.13
8/13/2024 1:20,477.6,27.1
8/13/2024 1:30,474.4,27.08
8/13/2024 1:40,474.4,27.1
8/13/2024 1:50,476.4,27.09
8/13/2024 2:00,477.2,27.06
8/13/2024 2:10,468.9,27.01
8/13/2024 2:20,454.6,26.98
8/13/2024 2:30,446.7,26.95
8/13/2024 2:40,441.2,26.95
8/13/2024 2:50,439.6,26.95
8/13/2024 3:00,440.8,26.94
8/13/2024 3:10,439.6,26.92
8/13/2024 3:20,437.6,26.91
8/13/2024 3:30,435.7,26.9
8/13/2024 3:40,435.3,26.9
8/13/2024 3:50,435.3,26.86
8/13/2024 4:00,433.7,26.85
8/13/2024 4:10,434.1,26.85
8/13/2024 4:20,435.3,26.83
8/13/2024 4:30,434.1,26.8
8/13/2024 4:40,432.2,26.79
8/13/2024 4:50,431,26.79
8/13/2024 5:00,431.4,26.78
8/13/2024 5:10,431,26.76
8/13/2024 5:20,430.2,26.76
8/13/2024 5:30,429,26.74
8/13/2024 5:40,429.4,26.74
8/13/2024 5:50,429.8,26.72
8/13/2024 6:00,429,26.72
8/13/2024 6:10,428.6,26.72
8/13/2024 6:20,432.2,26.72
8/13/2024 6:30,433.4,26.7
8/13/2024 6:40,434.2,26.7
8/13/2024 6:50,433.8,26.7
8/13/2024 7:00,433,26.7
8/13/2024 7:10,432.6,26.7
8/13/2024 7:20,431.8,26.7
8/13/2024 7:30,431,26.7
8/13/2024 7:40,430.2,26.7
8/13/2024 7:50,429,26.71
8/13/2024 8:00,428.6,26.71
8/13/2024 8:10,428.6,26.72
8/13/2024 8:20,428.6,26.74
8/13/2024 8:30,425.4,26.74
8/13/2024 8:40,425,26.75
8/13/2024 8:50,424.6,26.76
8/13/2024 9:00,424.6,26.77
8/13/2024 9:10,424.6,26.8
8/13/2024 9:20,423.8,26.83
8/13/2024 9:30,423.4,26.85
8/13/2024 9:40,423.4,26.89
8/13/2024 9:50,425.4,26.93
8/13/2024 10:00,426.1,26.97
8/13/2024 10:10,427.7,27.04
8/13/2024 10:20,429.3,27.06
8/13/2024 10:30,431.2,27.08
8/13/2024 10:40,431.2,27.14
8/13/2024 10:50,432,27.16
8/13/2024 11:00,433.1,27.22
8/13/2024 11:10,435.9,27.27
8/13/2024 11:20,437.4,27.36
8/13/2024 11:30,438.2,27.39
8/13/2024 11:40,438.6,27.44
8/13/2024 11:50,438.9,27.51
8/13/2024 12:00,440.9,27.57
8/13/2024 12:10,442.1,27.62
8/13/2024 12:20,441.6,27.66
8/13/2024 12:30,442,27.76
8/13/2024 12:40,443.1,27.84
8/13/2024 12:50,443.5,27.93
8/13/2024 13:00,444.3,27.99
8/13/2024 13:10,444.6,28.07
8/13/2024 13:20,446.6,28.15
8/13/2024 13:30,446.5,28.19
8/13/2024 13:40,444.9,28.21
8/13/2024 13:50,445.7,28.25
8/13/2024 14:00,446.1,28.27
8/13/2024 14:10,446.9,28.28
8/13/2024 14:20,447.7,28.33
8/13/2024 14:30,448.5,28.32
8/13/2024 14:40,448.5,28.26
8/13/2024 14:50,448.9,28.25
8/13/2024 15:00,445.7,28.23
8/13/2024 15:10,444.9,28.25
8/13/2024 15:20,442.6,28.26
8/13/2024 15:30,441.8,28.26
8/13/2024 15:40,441.4,28.23
8/13/2024 15:50,441,28.2
8/13/2024 16:00,441.8,28.18
8/13/2024 16:10,442.6,28.15
8/13/2024 16:20,441.8,28.12
8/13/2024 16:30,442.6,28.1
8/13/2024 16:40,444.2,28.08
8/13/2024 16:50,445.8,28.04
8/13/2024 17:00,451.8,28
8/13/2024 17:10,453,27.99
8/13/2024 17:20,453.4,27.97
8/13/2024 17:30,456.1,27.95
8/13/2024 17:40,458.9,27.92
8/13/2024 17:50,460.9,27.89
8/13/2024 18:00,464.1,27.85
8/13/2024 18:10,466.5,27.81
8/13/2024 18:20,467.7,27.77
8/13/2024 18:30,468.5,27.73
8/13/2024 18:40,469.3,27.67
8/13/2024 18:50,471.7,27.65
8/13/2024 19:00,472.9,27.6
8/13/2024 19:10,473,27.55
8/13/2024 19:20,473,27.51
8/13/2024 19:30,470.6,27.47
8/13/2024 19:40,468.7,27.43
8/13/2024 19:50,468.3,27.39
8/13/2024 20:00,468.7,27.35
8/13/2024 20:10,469.5,27.32
8/13/2024 20:20,467.6,27.25
8/13/2024 20:30,464.8,27.23
8/13/2024 20:40,463.2,27.21
8/13/2024 20:50,464.4,27.19
8/13/2024 21:00,465.6,27.15
8/13/2024 21:10,466.5,27.12
8/13/2024 21:20,466.9,27.09
8/13/2024 21:30,467.3,27.08
8/13/2024 21:40,470,27.06
8/13/2024 21:50,472,27.05
8/13/2024 22:00,475.2,27.02
8/13/2024 22:10,477.6,27.01
8/13/2024 22:20,480.4,26.99
8/13/2024 22:30,482,26.97
8/13/2024 22:40,482.8,26.94
8/13/2024 22:50,482.8,26.94
8/13/2024 23:00,484.4,26.92
8/13/2024 23:10,488,26.91
8/13/2024 23:20,480.5,26.86
8/13/2024 23:30,474.9,26.84
8/13/2024 23:40,468.2,26.82
8/13/2024 23:50,469,26.8
8/14/2024 0:00,463.9,26.75
8/14/2024 0:10,455.9,26.74
8/14/2024 0:20,451.2,26.7
8/14/2024 0:30,446.1,26.68
8/14/2024 0:40,442.9,26.65
8/14/2024 0:50,438.6,26.64
8/14/2024 1:00,436.6,26.63
8/14/2024 1:10,435.8,26.62
8/14/2024 1:20,434.2,26.6
8/14/2024 1:30,433.4,26.57
8/14/2024 1:40,432.7,26.55
8/14/2024 1:50,431.9,26.44
8/14/2024 2:00,421.7,26.32
8/14/2024 2:10,409,26.27
8/14/2024 2:20,393.2,26.18
8/14/2024 2:30,381.4,26.1
8/14/2024 2:40,374.3,26.09
8/14/2024 2:50,389,26.04
8/14/2024 3:00,384.6,26.02
8/14/2024 3:10,378.7,26
8/14/2024 3:20,373.6,25.99
8/14/2024 3:30,372,26
8/14/2024 3:40,415.8,26.08
8/14/2024 3:50,467.7,26.19
8/14/2024 4:00,478.8,26.24
8/14/2024 4:10,478.4,26.23
8/14/2024 4:20,473.3,26.19
8/14/2024 4:30,465.3,26.18
8/14/2024 4:40,448.3,26.14
8/14/2024 4:50,436.1,26.04
8/14/2024 5:00,413.5,25.96
8/14/2024 5:10,396.5,25.86
8/14/2024 5:20,386.3,25.85
8/14/2024 5:30,387.4,25.92
8/14/2024 5:40,392.5,25.97
8/14/2024 5:50,391.7,25.97
8/14/2024 6:00,392.9,25.96
8/14/2024 6:10,393.3,25.96
8/14/2024 6:20,391.8,25.95
8/14/2024 6:30,388.6,25.96
8/14/2024 6:40,379.9,25.93
8/14/2024 6:50,378.7,25.93
8/14/2024 7:00,378.7,25.92
8/14/2024 7:10,381.1,25.92
8/14/2024 7:20,383.5,25.9
8/14/2024 7:30,383.9,25.89
8/14/2024 7:40,384.3,25.89
8/14/2024 7:50,383.1,25.87
8/14/2024 8:00,382.7,25.86
8/14/2024 8:10,382.7,25.86
8/14/2024 8:20,381.5,25.86
8/14/2024 8:30,382.7,25.84
8/14/2024 8:40,383.5,25.84
8/14/2024 8:50,383.9,25.82
8/14/2024 9:00,383.5,25.81
8/14/2024 9:10,383.9,25.81
8/14/2024 9:20,385.1,25.81
8/14/2024 9:30,386.3,25.81
8/14/2024 9:40,384.3,25.81
8/14/2024 9:50,384.3,25.8
8/14/2024 10:00,383.9,25.8
8/14/2024 10:10,383.9,25.8
8/14/2024 10:20,383.1,25.8
8/14/2024 10:30,381.5,25.8
8/14/2024 10:40,380.7,25.81
8/14/2024 10:50,379.2,25.81
8/14/2024 11:00,377.6,25.81
8/14/2024 11:10,374.8,25.82
8/14/2024 11:20,372.4,25.81
8/14/2024 11:30,369.3,25.82
8/14/2024 11:40,366.9,25.82
8/14/2024 11:50,363.7,25.82
8/14/2024 12:00,361.4,25.82
8/14/2024 12:10,357.8,25.84
8/14/2024 12:20,357,25.84
8/14/2024 12:30,353.8,25.85
8/14/2024 12:40,352.7,25.85
8/14/2024 12:50,352.7,25.85
8/14/2024 13:00,351.5,25.85
8/14/2024 13:10,347.5,25.86
8/14/2024 13:20,346.3,25.86
8/14/2024 13:30,344,25.86
8/14/2024 13:40,342.8,25.86
8/14/2024 13:50,340,25.86
8/14/2024 14:00,337.6,25.87
8/14/2024 14:10,335.7,25.87
8/14/2024 14:20,336.5,25.87
8/14/2024 14:30,333.3,25.88
8/14/2024 14:40,331.3,25.88
8/14/2024 14:50,329.7,25.88
8/14/2024 15:00,328.6,25.88
8/14/2024 15:10,328.2,25.88
8/14/2024 15:20,327.4,25.89
8/14/2024 15:30,328.9,25.9
8/14/2024 15:40,328.9,25.9
8/14/2024 15:50,328.2,25.9
8/14/2024 16:00,327.8,25.92
8/14/2024 16:10,327.8,25.92
8/14/2024 16:20,324.2,25.92
8/14/2024 16:30,322.2,25.92
8/14/2024 16:40,321.8,25.93
8/14/2024 16:50,320.6,25.93
8/14/2024 17:00,319.9,25.93
8/14/2024 17:10,319.1,25.93
8/14/2024 17:20,317.5,25.94
8/14/2024 17:30,315.5,25.95
8/14/2024 17:40,316.7,25.94
8/14/2024 17:50,316.7,25.95
8/14/2024 18:00,315.9,25.94
8/14/2024 18:10,315.9,25.95
8/14/2024 18:20,315.1,25.95
8/14/2024 18:30,312.7,25.95
8/14/2024 18:40,310.4,25.96
8/14/2024 18:50,309.6,25.95
8/14/2024 19:00,309.6,25.96
8/14/2024 19:10,305.3,25.96
8/14/2024 19:20,303.7,25.96
8/14/2024 19:30,303.7,25.96
8/14/2024 19:40,303.7,25.96
8/14/2024 19:50,303.7,25.96
8/14/2024 20:00,303.3,25.96
8/14/2024 20:10,303.7,25.96
8/14/2024 20:20,305.2,25.97
8/14/2024 20:30,302.1,25.97
8/14/2024 20:40,300.5,25.97
8/14/2024 20:50,301.7,25.97
8/14/2024 21:00,302.1,25.99
8/14/2024 21:10,295.8,25.99
8/14/2024 21:20,294.6,26
8/14/2024 21:30,293,26
8/14/2024 21:40,290.6,26
8/14/2024 21:50,290.3,26.01
8/14/2024 22:00,280.4,26.01
8/14/2024 22:10,282,26.01
8/14/2024 22:20,281.2,26
8/14/2024 22:30,284.3,26.01
8/14/2024 22:40,281.6,26.02
8/14/2024 22:50,277.2,26.01
8/14/2024 23:00,272.9,26.02
8/14/2024 23:10,274.9,26.03
8/14/2024 23:20,271.3,26.02
8/14/2024 23:30,266.6,26.03
8/14/2024 23:40,261.1,26.03
8/14/2024 23:50,262.7,26.04
8/15/2024 0:00,255.2,26.04
8/15/2024 0:10,260.3,26.04
8/15/2024 0:20,256.4,26.05
8/15/2024 0:30,253.2,26.05
8/15/2024 0:40,249.7,26.05
8/15/2024 0:50,247.7,26.05
8/15/2024 1:00,249.3,26.05
8/15/2024 1:10,245.7,26.07
8/15/2024 1:20,243.4,26.07
8/15/2024 1:30,243,26.07
8/15/2024 1:40,243.8,26.07
8/15/2024 1:50,243,26.08
8/15/2024 2:00,241.8,26.08
8/15/2024 2:10,240.6,26.08
8/15/2024 2:20,239.8,26.08
8/15/2024 2:30,241.8,26.08
8/15/2024 2:40,239,26.07
8/15/2024 2:50,239,26.07
8/15/2024 3:00,240.6,26.08
8/15/2024 3:10,240.6,26.08
8/15/2024 3:20,241.4,26.07
8/15/2024 3:30,239.8,26.07
8/15/2024 3:40,237.9,26.07
8/15/2024 3:50,237.9,26.07
8/15/2024 4:00,236.7,26.07
8/15/2024 4:10,237.5,26.07
8/15/2024 4:20,236.3,26.07
8/15/2024 4:30,235.5,26.05
8/15/2024 4:40,235.5,26.05
8/15/2024 4:50,233.9,26.05
8/15/2024 5:00,234.3,26.05
8/15/2024 5:10,234.7,26.05
8/15/2024 5:20,233.9,26.05
8/15/2024 5:30,233.9,26.05
8/15/2024 5:40,234.7,26.05
8/15/2024 5:50,234.7,26.05
8/15/2024 6:00,235.1,26.05
8/15/2024 6:10,235.1,26.05
8/15/2024 6:20,236.3,26.05
8/15/2024 6:30,235.5,26.04
8/15/2024 6:40,233.1,26.04
8/15/2024 6:50,233.1,26.04
8/15/2024 7:00,233.9,26.04
8/15/2024 7:10,231.6,26.04
8/15/2024 7:20,232.7,26.04
8/15/2024 7:30,232.3,26.04
8/15/2024 7:40,232,26.04
8/15/2024 7:50,231.6,26.04
8/15/2024 8:00,230.4,26.04
8/15/2024 8:10,230,26.04
8/15/2024 8:20,229.2,26.05
8/15/2024 8:30,230,26.05
8/15/2024 8:40,230.8,26.07
8/15/2024 8:50,231.9,26.08
8/15/2024 9:00,231.9,26.08
8/15/2024 9:10,230.8,26.09
8/15/2024 9:20,230.8,26.1
8/15/2024 9:30,230.8,26.1
8/15/2024 9:40,231.5,26.11
8/15/2024 9:50,233.1,26.12
8/15/2024 10:00,232.7,26.14
8/15/2024 10:10,231.5,26.15
8/15/2024 10:20,231.9,26.15
8/15/2024 10:30,230.4,26.15
8/15/2024 10:40,230.3,26.18
8/15/2024 10:50,230.7,26.18
8/15/2024 11:00,230.7,26.19
8/15/2024 11:10,230.7,26.2
8/15/2024 11:20,230.7,26.2
8/15/2024 11:30,231.5,26.24
8/15/2024 11:40,232.3,26.25
8/15/2024 11:50,231.9,26.26
8/15/2024 12:00,231.9,26.27
8/15/2024 12:10,231.5,26.3
8/15/2024 12:20,230.7,26.31
8/15/2024 12:30,233.1,26.33
8/15/2024 12:40,237.4,26.34
8/15/2024 12:50,237.8,26.38
8/15/2024 13:00,237.4,26.39
8/15/2024 13:10,240.9,26.4
8/15/2024 13:20,242.5,26.4
8/15/2024 13:30,242.5,26.42
8/15/2024 13:40,242.5,26.45
8/15/2024 13:50,240.5,26.45
8/15/2024 14:00,240.1,26.48
8/15/2024 14:10,239.7,26.47
8/15/2024 14:20,238.9,26.48
8/15/2024 14:30,239.7,26.5
8/15/2024 14:40,238.5,26.52
8/15/2024 14:50,237.3,26.52
8/15/2024 15:00,238.1,26.53
8/15/2024 15:10,235.8,26.56
8/15/2024 15:20,233,26.56
8/15/2024 15:30,231.8,26.57
8/15/2024 15:40,230.6,26.6
8/15/2024 15:50,229.1,26.59
8/15/2024 16:00,228.7,26.61
8/15/2024 16:10,228.3,26.63
8/15/2024 16:20,228.3,26.6
8/15/2024 16:30,229.5,26.61
8/15/2024 16:40,233,26.62
8/15/2024 16:50,240.5,26.67
8/15/2024 17:00,246,26.68
8/15/2024 17:10,247.5,26.69
8/15/2024 17:20,247.1,26.7
8/15/2024 17:30,247.1,26.72
8/15/2024 17:40,247.5,26.77
8/15/2024 17:50,247.9,26.78
8/15/2024 18:00,249.5,26.8
8/15/2024 18:10,247.5,26.83
8/15/2024 18:20,249.8,26.84
8/15/2024 18:30,248.3,26.87
8/15/2024 18:40,245.1,26.89
8/15/2024 18:50,243.9,26.89
8/15/2024 19:00,245.5,26.89
8/15/2024 19:10,240,26.9
8/15/2024 19:20,233.3,26.89
8/15/2024 19:30,230.6,26.89
8/15/2024 19:40,228.2,26.9
8/15/2024 19:50,226.6,26.9
8/15/2024 20:00,226.6,26.89
8/15/2024 20:10,225.9,26.89
8/15/2024 20:20,223.9,26.87
8/15/2024 20:30,220.4,26.87
8/15/2024 20:40,218.8,26.87
8/15/2024 20:50,218,26.86
8/15/2024 21:00,218,26.86
8/15/2024 21:10,217.2,26.86
8/15/2024 21:20,216.8,26.86
8/15/2024 21:30,217.6,26.85
8/15/2024 21:40,218,26.85
8/15/2024 21:50,221.5,26.9
8/15/2024 22:00,218.8,26.85
8/15/2024 22:10,218.8,26.85
8/15/2024 22:20,218.8,26.84
8/15/2024 22:30,217.2,26.83
8/15/2024 22:40,216.8,26.83
8/15/2024 22:50,216.8,26.83
8/15/2024 23:00,218,26.83
8/15/2024 23:10,218.8,26.82
8/15/2024 23:20,218.4,26.82
8/15/2024 23:30,218,26.8
8/15/2024 23:40,219.6,26.82
8/15/2024 23:50,221.2,26.79
8/16/2024 0:00,218,26.78
8/16/2024 0:10,219.2,26.8
8/16/2024 0:20,217.2,26.78
8/16/2024 0:30,216.4,26.77
8/16/2024 0:40,216.1,26.77
8/16/2024 0:50,217.6,26.77
8/16/2024 1:00,218,26.76
8/16/2024 1:10,220.8,26.77
8/16/2024 1:20,221.2,26.75
8/16/2024 1:30,218.4,26.75
8/16/2024 1:40,221.2,26.75
8/16/2024 1:50,220.4,26.72
8/16/2024 2:00,218.8,26.72
8/16/2024 2:10,220,26.72
8/16/2024 2:20,220.8,26.72
8/16/2024 2:30,221.2,26.71
8/16/2024 2:40,222.4,26.7
8/16/2024 2:50,221.2,26.7
8/16/2024 3:00,222.7,26.7
8/16/2024 3:10,223.5,26.69
8/16/2024 3:20,222.8,26.67
8/16/2024 3:30,222.4,26.65
8/16/2024 3:40,223.2,26.65
8/16/2024 3:50,223.9,26.65
8/16/2024 4:00,227.9,26.65
8/16/2024 4:10,228.3,26.64
8/16/2024 4:20,227.1,26.63
8/16/2024 4:30,226.3,26.63
8/16/2024 4:40,229.8,26.62
8/16/2024 4:50,230.6,26.63
8/16/2024 5:00,231.8,26.61
8/16/2024 5:10,229.5,26.6
8/16/2024 5:20,229.9,26.6
8/16/2024 5:30,229.5,26.59
8/16/2024 5:40,231.8,26.59
8/16/2024 5:50,233,26.57
8/16/2024 6:00,234.2,26.57
8/16/2024 6:10,233.8,26.55
8/16/2024 6:20,233,26.55
8/16/2024 6:30,233.8,26.53
8/16/2024 6:40,237.7,26.55
8/16/2024 6:50,241.3,26.53
8/16/2024 7:00,238.5,26.53
8/16/2024 7:10,239.7,26.54
8/16/2024 7:20,242.8,26.55
8/16/2024 7:30,246.4,26.55
8/16/2024 7:40,251.1,26.57
8/16/2024 7:50,264.1,26.59
8/16/2024 8:00,267.6,26.6
8/16/2024 8:10,268.8,26.61
8/16/2024 8:20,266.8,26.6
8/16/2024 8:30,264.1,26.62
8/16/2024 8:40,264.1,26.62
8/16/2024 8:50,264.1,26.62
8/16/2024 9:00,262.9,26.65
8/16/2024 9:10,264.1,26.65
8/16/2024 9:20,262.5,26.68
8/16/2024 9:30,263.3,26.68
8/16/2024 9:40,262.5,26.71
8/16/2024 9:50,262.1,26.72
8/16/2024 10:00,260.5,26.72
8/16/2024 10:10,259.3,26.76
8/16/2024 10:20,259.7,26.79
8/16/2024 10:30,259.7,26.8
8/16/2024 10:40,266.8,26.89
8/16/2024 10:50,263.2,26.87
8/16/2024 11:00,262,26.9
8/16/2024 11:10,258.9,26.92
8/16/2024 11:20,259.7,26.93
8/16/2024 11:30,260.8,26.99
8/16/2024 11:40,264,27.01
8/16/2024 11:50,263.6,27.05
8/16/2024 12:00,263.9,27.08
8/16/2024 12:10,266.3,27.13
8/16/2024 12:20,267.1,27.16
8/16/2024 12:30,266.3,27.17
8/16/2024 12:40,266.3,27.22
8/16/2024 12:50,266.7,27.25
8/16/2024 13:00,268.6,27.28
8/16/2024 13:10,268.6,27.31
8/16/2024 13:20,269,27.32
8/16/2024 13:30,269,27.36
8/16/2024 13:40,271.7,27.38
8/16/2024 13:50,272.5,27.43
8/16/2024 14:00,271.7,27.42
8/16/2024 14:10,273.3,27.49
8/16/2024 14:20,273.7,27.46
8/16/2024 14:30,270.5,27.51
8/16/2024 14:40,270.1,27.54
8/16/2024 14:50,270.5,27.55
8/16/2024 15:00,268.9,27.54
8/16/2024 15:10,268.5,27.55
8/16/2024 15:20,267,27.58
8/16/2024 15:30,267.3,27.59
8/16/2024 15:40,268.5,27.59
8/16/2024 15:50,266.6,27.6
8/16/2024 16:00,266.2,27.61
8/16/2024 16:10,268.1,27.62
8/16/2024 16:20,267.7,27.65
8/16/2024 16:30,266.5,27.64
8/16/2024 16:40,265.4,27.65
8/16/2024 16:50,266.1,27.66
8/16/2024 17:00,266.1,27.66
8/16/2024 17:10,265.4,27.67
8/16/2024 17:20,263.8,27.67
8/16/2024 17:30,262.6,27.68
8/16/2024 17:40,264.9,27.72
8/16/2024 17:50,263.4,27.7
8/16/2024 18:00,262.2,27.7
8/16/2024 18:10,262.2,27.7
8/16/2024 18:20,263.8,27.69
8/16/2024 18:30,264.6,27.7
8/16/2024 18:40,265.3,27.72
8/16/2024 18:50,265,27.69
8/16/2024 19:00,263.8,27.68
8/16/2024 19:10,265.4,27.67
8/16/2024 19:20,263.8,27.66
8/16/2024 19:30,264.2,27.64
8/16/2024 19:40,266.9,27.64
8/16/2024 19:50,266.6,27.61
8/16/2024 20:00,267.3,27.61
8/16/2024 20:10,269.7,27.59
8/16/2024 20:20,270.5,27.57
8/16/2024 20:30,272.5,27.55
8/16/2024 20:40,274,27.54
8/16/2024 20:50,278.8,27.54
8/16/2024 21:00,278.8,27.53
8/16/2024 21:10,278,27.52
8/16/2024 21:20,278.8,27.52
8/16/2024 21:30,279.2,27.49
8/16/2024 21:40,278.8,27.49
8/16/2024 21:50,278,27.46
8/16/2024 22:00,276.4,27.45
8/16/2024 22:10,276.8,27.44
8/16/2024 22:20,275.3,27.43
8/16/2024 22:30,281.5,27.44
8/16/2024 22:40,278.8,27.4
8/16/2024 22:50,277.6,27.39
8/16/2024 23:00,279.6,27.39
8/16/2024 23:10,278.8,27.38
8/16/2024 23:20,279.6,27.37
8/16/2024 23:30,281.2,27.37
8/16/2024 23:40,279.2,27.39
8/16/2024 23:50,300.5,27.38
8/17/2024 0:00,300.1,27.37
8/17/2024 0:10,291.4,27.35
8/17/2024 0:20,292.2,27.34
8/17/2024 0:30,300.9,27.32
8/17/2024 0:40,299.7,27.32
8/17/2024 0:50,300.9,27.31
8/17/2024 1:00,306.8,27.31
8/17/2024 1:10,306.4,27.29
8/17/2024 1:20,308,27.27
8/17/2024 1:30,302.9,27.25
8/17/2024 1:40,301.3,27.22
8/17/2024 1:50,294.6,27.22
8/17/2024 2:00,297,27.21
8/17/2024 2:10,300.9,27.19
8/17/2024 2:20,302.5,27.17
8/17/2024 2:30,301.3,27.16
8/17/2024 2:40,297.4,27.14
8/17/2024 2:50,300.5,27.13
8/17/2024 3:00,305.3,27.13
8/17/2024 3:10,301.7,27.1
8/17/2024 3:20,305.3,27.1
8/17/2024 3:30,302.1,27.08
8/17/2024 3:40,306.5,27.07
8/17/2024 3:50,306.5,27.05
8/17/2024 4:00,302.2,27.02
8/17/2024 4:10,304.9,27.02
8/17/2024 4:20,302.9,27
8/17/2024 4:30,296.3,26.97
8/17/2024 4:40,290.7,26.95
8/17/2024 4:50,297.4,26.95
8/17/2024 5:00,303.8,26.94
8/17/2024 5:10,297.8,26.93
8/17/2024 5:20,301.8,26.92
8/17/2024 5:30,298.3,26.9
8/17/2024 5:40,297.5,26.89
8/17/2024 5:50,298.7,26.87
8/17/2024 6:00,300.2,26.86
8/17/2024 6:10,301.4,26.85
8/17/2024 6:20,301.8,26.85
8/17/2024 6:30,307.3,26.85
8/17/2024 6:40,308.1,26.84
8/17/2024 6:50,308.5,26.82
8/17/2024 7:00,307.3,26.8
8/17/2024 7:10,307.7,26.8
8/17/2024 7:20,309.3,26.79
8/17/2024 7:30,311.7,26.8
8/17/2024 7:40,312.9,26.8
8/17/2024 7:50,314.4,26.8
8/17/2024 8:00,310.5,26.79
8/17/2024 8:10,310.1,26.8
8/17/2024 8:20,307.7,26.79
8/17/2024 8:30,310.1,26.82
8/17/2024 8:40,306.6,26.82
8/17/2024 8:50,303,26.82
8/17/2024 9:00,299.1,26.83
8/17/2024 9:10,297.9,26.83
8/17/2024 9:20,297.9,26.84
8/17/2024 9:30,299.8,26.86
8/17/2024 9:40,303,26.89
8/17/2024 9:50,304.9,26.94
8/17/2024 10:00,306.9,26.97
8/17/2024 10:10,303,26.97
8/17/2024 10:20,302.9,27.01
8/17/2024 10:30,301.4,27.05
8/17/2024 10:40,297.4,27.07
8/17/2024 10:50,298.2,27.1
8/17/2024 11:00,301.7,27.12
8/17/2024 11:10,302.9,27.14
8/17/2024 11:20,307.2,27.17
8/17/2024 11:30,307.6,27.23
8/17/2024 11:40,309.9,27.29
8/17/2024 11:50,308,27.31
8/17/2024 12:00,308.3,27.36
8/17/2024 12:10,311.1,27.42
8/17/2024 12:20,315,27.45
8/17/2024 12:30,317,27.45
8/17/2024 12:40,318.9,27.49
8/17/2024 12:50,320.1,27.49
8/17/2024 13:00,320.1,27.49
8/17/2024 13:10,319.3,27.5
8/17/2024 13:20,317,27.49
8/17/2024 13:30,313.8,27.45
8/17/2024 13:40,310.3,27.44
8/17/2024 13:50,310.7,27.44
8/17/2024 14:00,309.9,27.43
8/17/2024 14:10,307.5,27.43
8/17/2024 14:20,308.3,27.45
