"Date Time, GMT-04:00","Full Range, μS/cm (LGR S/N: 20059129, SEN S/N: 20059129)","Temp, °C (LGR S/N: 20059129, SEN S/N: 20059129)"
7/21/2024 12:10,1343.9,28.51
7/21/2024 12:20,1337.1,28.26
7/21/2024 12:30,1337.1,28.25
7/21/2024 12:40,1339.1,28.34
7/21/2024 12:50,1340.7,28.37
7/21/2024 13:00,1344.3,28.47
7/21/2024 13:10,1345.6,28.49
7/21/2024 13:20,1347.2,28.54
7/21/2024 13:30,1348.8,28.59
7/21/2024 13:40,1348.8,28.58
7/21/2024 13:50,1347.7,28.51
7/21/2024 14:00,1350,28.6
7/21/2024 14:10,1351.7,28.63
7/21/2024 14:20,1352.5,28.67
7/21/2024 14:30,1352.4,28.69
7/21/2024 14:40,1354.1,28.72
7/21/2024 14:50,1354.4,28.75
7/21/2024 15:00,1356.5,28.8
7/21/2024 15:10,1356,28.8
7/21/2024 15:20,1356.4,28.83
7/21/2024 15:30,1354.8,28.77
7/21/2024 15:40,1356.5,28.78
7/21/2024 15:50,1356.1,28.77
7/21/2024 16:00,1355.3,28.77
7/21/2024 16:10,1356.1,28.78
7/21/2024 16:20,1355.3,28.76
7/21/2024 16:30,1354.4,28.75
7/21/2024 16:40,1353.7,28.7
7/21/2024 16:50,1353.3,28.69
7/21/2024 17:00,1352.5,28.67
7/21/2024 17:10,1352.1,28.63
7/21/2024 17:20,1351.3,28.61
7/21/2024 17:30,1351.3,28.59
7/21/2024 17:40,1351.3,28.59
7/21/2024 17:50,1350.9,28.56
7/21/2024 18:00,1350.1,28.53
7/21/2024 18:10,1349.8,28.51
7/21/2024 18:20,1349.8,28.5
7/21/2024 18:30,1349,28.47
7/21/2024 18:40,1348.2,28.44
7/21/2024 18:50,1347,28.37
7/21/2024 19:00,1346.2,28.35
7/21/2024 19:10,1345,28.3
7/21/2024 19:20,1345.4,28.29
7/21/2024 19:30,1344.2,28.27
7/21/2024 19:40,1343.4,28.24
7/21/2024 19:50,1343.8,28.24
7/21/2024 20:00,1343.1,28.2
7/21/2024 20:10,1337.6,28.19
7/21/2024 20:20,1336.8,28.17
7/21/2024 20:30,1338.1,28.12
7/21/2024 20:40,1338.2,28.1
7/21/2024 20:50,1337.8,28.04
7/21/2024 21:00,1337.4,28.01
7/21/2024 21:10,1337.4,28.01
7/21/2024 21:20,1337.1,27.95
7/21/2024 21:30,1336.7,27.94
7/21/2024 21:40,1335.9,27.92
7/21/2024 21:50,1336,27.87
7/21/2024 22:00,1336,27.86
7/21/2024 22:10,1335.2,27.83
7/21/2024 22:20,1336.4,27.84
7/21/2024 22:30,1336.1,27.78
7/21/2024 22:40,1336.9,27.79
7/21/2024 22:50,1334.4,27.76
7/21/2024 23:00,1335.7,27.75
7/21/2024 23:10,1337.4,27.75
7/21/2024 23:20,1337.5,27.71
7/21/2024 23:30,1336.6,27.69
7/21/2024 23:40,1337.1,27.69
7/21/2024 23:50,1337.1,27.67
7/22/2024 0:00,1337.9,27.67
7/22/2024 0:10,1318.3,27.59
7/22/2024 0:20,1327.1,27.61
7/22/2024 0:30,1327.2,27.56
7/22/2024 0:40,1326.8,27.53
7/22/2024 0:50,1326,27.46
7/22/2024 1:00,1328.5,27.5
7/22/2024 1:10,1327.3,27.44
7/22/2024 1:20,1328.6,27.45
7/22/2024 1:30,1329,27.44
7/22/2024 1:40,1328.6,27.43
7/22/2024 1:50,1329.5,27.41
7/22/2024 2:00,1327.1,27.34
7/22/2024 2:10,1327.5,27.33
7/22/2024 2:20,1328.4,27.32
7/22/2024 2:30,1325.9,27.26
7/22/2024 2:40,1326.8,27.25
7/22/2024 2:50,1324.8,27.16
7/22/2024 3:00,1325.2,27.16
7/22/2024 3:10,1327.3,27.19
7/22/2024 3:20,1326,27.17
7/22/2024 3:30,1322.7,27.14
7/22/2024 3:40,1319.8,27.11
7/22/2024 3:50,1317.3,27.09
7/22/2024 4:00,1318.6,27.09
7/22/2024 4:10,1318.6,27.08
7/22/2024 4:20,1318.6,27.07
7/22/2024 4:30,1317.4,27.02
7/22/2024 4:40,1317.5,27
7/22/2024 4:50,1316.7,26.95
7/22/2024 5:00,1316.3,26.94
7/22/2024 5:10,1316.3,26.93
7/22/2024 5:20,1316.3,26.91
7/22/2024 5:30,1312.6,26.89
7/22/2024 5:40,1297.1,26.86
7/22/2024 5:50,1285.3,26.83
7/22/2024 6:00,1286.2,26.83
7/22/2024 6:10,1293,26.8
7/22/2024 6:20,1302.5,26.85
7/22/2024 6:30,1303.8,26.85
7/22/2024 6:40,1303.4,26.83
7/22/2024 6:50,1303,26.82
7/22/2024 7:00,1303,26.82
7/22/2024 7:10,1302.6,26.8
7/22/2024 7:20,1297.6,26.8
7/22/2024 7:30,1295,26.82
7/22/2024 7:40,1293.8,26.81
7/22/2024 7:50,1295,26.83
7/22/2024 8:00,1296.3,26.83
7/22/2024 8:10,1296.7,26.84
7/22/2024 8:20,1298.3,26.9
7/22/2024 8:30,1303.3,26.94
7/22/2024 8:40,1300,26.9
7/22/2024 8:50,1301.1,26.98
7/22/2024 9:00,1303.2,27
7/22/2024 9:10,1304,27.03
7/22/2024 9:20,1304.7,27.12
7/22/2024 9:30,1304.7,27.11
7/22/2024 9:40,1307.9,27.24
7/22/2024 9:50,1305.8,27.23
7/22/2024 10:00,1307.4,27.25
7/22/2024 10:10,1308.2,27.27
7/22/2024 10:20,1312.3,27.41
7/22/2024 10:30,1313.8,27.53
7/22/2024 10:40,1312.7,27.42
7/22/2024 10:50,1314.9,27.59
7/22/2024 11:00,1315.7,27.62
7/22/2024 11:10,1316.2,27.6
7/22/2024 11:20,1314.6,27.54
7/22/2024 11:30,1076.1,27.15
7/22/2024 11:40,1234,26.99
7/22/2024 11:50,1231.4,27.01
7/22/2024 12:00,1222.3,26.97
7/22/2024 12:10,1212.3,26.94
7/22/2024 12:20,1214.8,26.94
7/22/2024 12:30,1210.6,26.93
7/22/2024 12:40,1210.2,26.97
7/22/2024 12:50,1209.3,26.95
7/22/2024 13:00,1206,26.97
7/22/2024 13:10,1203.5,26.97
7/22/2024 13:20,1203.8,26.99
7/22/2024 13:30,1227.7,27.01
7/22/2024 13:40,1230.6,27.01
7/22/2024 13:50,1212.6,26.99
7/22/2024 14:00,1188.5,26.91
7/22/2024 14:10,1141,26.83
7/22/2024 14:20,1114.4,26.75
7/22/2024 14:30,1102.8,26.72
7/22/2024 14:40,1095.4,26.68
7/22/2024 14:50,1083.8,26.64
7/22/2024 15:00,1080.5,26.64
7/22/2024 15:10,1090.9,26.63
7/22/2024 15:20,1091.7,26.65
7/22/2024 15:30,1104.6,26.67
7/22/2024 15:40,1124.9,26.72
7/22/2024 15:50,1120.7,26.73
7/22/2024 16:00,1116.1,26.75
7/22/2024 16:10,1118.2,26.76
7/22/2024 16:20,1118.6,26.76
7/22/2024 16:30,1122.8,26.76
7/22/2024 16:40,1115.3,26.77
7/22/2024 16:50,1114.9,26.76
7/22/2024 17:00,1118.6,26.76
7/22/2024 17:10,1116.5,26.77
7/22/2024 17:20,1103.2,26.73
7/22/2024 17:30,1096.2,26.73
7/22/2024 17:40,1097.8,26.73
7/22/2024 17:50,1101.2,26.73
7/22/2024 18:00,1097,26.72
7/22/2024 18:10,1092.9,26.71
7/22/2024 18:20,1096.6,26.71
7/22/2024 18:30,1104.5,26.71
7/22/2024 18:40,1105.8,26.71
7/22/2024 18:50,1104.5,26.69
7/22/2024 19:00,1099.1,26.68
7/22/2024 19:10,1099.1,26.67
7/22/2024 19:20,1097.5,26.65
7/22/2024 19:30,1096.3,26.64
7/22/2024 19:40,1091.7,26.63
7/22/2024 19:50,1089.7,26.59
7/22/2024 20:00,1089.3,26.58
7/22/2024 20:10,1088.5,26.57
7/22/2024 20:20,1088,26.56
7/22/2024 20:30,1086,26.52
7/22/2024 20:40,1084.4,26.51
7/22/2024 20:50,1082.7,26.48
7/22/2024 21:00,1079.4,26.47
7/22/2024 21:10,1078.6,26.44
7/22/2024 21:20,1079.5,26.43
7/22/2024 21:30,1082.4,26.42
7/22/2024 21:40,1082.8,26.41
7/22/2024 21:50,1083.6,26.41
7/22/2024 22:00,1083.6,26.41
7/22/2024 22:10,1082.8,26.4
7/22/2024 22:20,1082,26.39
7/22/2024 22:30,1082,26.38
7/22/2024 22:40,1082.5,26.35
7/22/2024 22:50,1082.9,26.35
7/22/2024 23:00,1080.4,26.33
7/22/2024 23:10,1079.6,26.33
7/22/2024 23:20,1079.2,26.32
7/22/2024 23:30,1078.4,26.31
7/22/2024 23:40,1078,26.3
7/22/2024 23:50,1077.1,26.3
7/23/2024 0:00,1078,26.27
7/23/2024 0:10,1078.8,26.27
7/23/2024 0:20,1084.2,26.26
7/23/2024 0:30,1081.8,26.24
7/23/2024 0:40,1077.2,26.22
7/23/2024 0:50,1077.2,26.21
7/23/2024 1:00,1076,26.2
7/23/2024 1:10,1075.2,26.18
7/23/2024 1:20,1074.8,26.17
7/23/2024 1:30,1075.6,26.16
7/23/2024 1:40,1075.6,26.15
7/23/2024 1:50,1074.8,26.13
7/23/2024 2:00,1074.4,26.13
7/23/2024 2:10,1074.9,26.1
7/23/2024 2:20,1074,26.09
7/23/2024 2:30,1074.5,26.09
7/23/2024 2:40,1073.7,26.07
7/23/2024 2:50,1071.2,26.06
7/23/2024 3:00,1071.2,26.05
7/23/2024 3:10,1070.4,26.04
7/23/2024 3:20,1070,26.01
7/23/2024 3:30,1070,25.99
7/23/2024 3:40,1068.8,25.98
7/23/2024 3:50,1067.5,25.97
7/23/2024 4:00,1063.8,25.97
7/23/2024 4:10,1063.8,25.95
7/23/2024 4:20,1063.4,25.93
7/23/2024 4:30,1063.4,25.93
7/23/2024 4:40,1061.8,25.91
7/23/2024 4:50,1062.6,25.9
7/23/2024 5:00,1061.4,25.89
7/23/2024 5:10,1062.2,25.89
7/23/2024 5:20,1063.5,25.88
7/23/2024 5:30,1062.7,25.86
7/23/2024 5:40,1062.7,25.84
7/23/2024 5:50,1061.4,25.84
7/23/2024 6:00,1061.5,25.82
7/23/2024 6:10,1060.2,25.81
7/23/2024 6:20,1059,25.8
7/23/2024 6:30,1059.4,25.8
7/23/2024 6:40,1058.2,25.8
7/23/2024 6:50,1058.2,25.8
7/23/2024 7:00,1059,25.8
7/23/2024 7:10,1059.4,25.8
7/23/2024 7:20,1060.2,25.81
7/23/2024 7:30,1061,25.83
7/23/2024 7:40,1061.9,25.83
7/23/2024 7:50,1062.7,25.87
7/23/2024 8:00,1063.5,25.88
7/23/2024 8:10,1063.9,25.89
7/23/2024 8:20,1063.5,25.9
7/23/2024 8:30,1064.7,25.95
7/23/2024 8:40,1063.8,25.95
7/23/2024 8:50,1059.7,25.93
7/23/2024 9:00,1058.8,25.98
7/23/2024 9:10,1063.3,26
7/23/2024 9:20,1063.3,26.06
7/23/2024 9:30,1067.7,26.15
7/23/2024 9:40,1058.6,26.14
7/23/2024 9:50,1060.7,26.14
7/23/2024 10:00,1064,26.16
7/23/2024 10:10,1058.6,26.2
7/23/2024 10:20,1070,26.38
7/23/2024 10:30,1066.1,26.51
7/23/2024 10:40,1056.7,26.33
7/23/2024 10:50,1069,26.5
7/23/2024 11:00,1071.4,26.58
7/23/2024 11:10,1066.1,26.47
7/23/2024 11:20,1066.5,26.55
7/23/2024 11:30,1067.2,26.63
7/23/2024 11:40,1068.8,26.68
7/23/2024 11:50,1066.8,26.61
7/23/2024 12:00,1050.7,26.57
7/23/2024 12:10,1048.6,26.58
7/23/2024 12:20,1047.7,26.58
7/23/2024 12:30,1033.2,26.58
7/23/2024 12:40,1034.5,26.57
7/23/2024 12:50,1035.3,26.61
7/23/2024 13:00,1034,26.61
7/23/2024 13:10,1036.1,26.6
7/23/2024 13:20,1034.3,26.68
7/23/2024 13:30,1026.8,26.73
7/23/2024 13:40,1030.1,26.74
7/23/2024 13:50,1031,26.74
7/23/2024 14:00,1032.6,26.81
7/23/2024 14:10,1029.2,26.82
7/23/2024 14:20,1025.9,26.84
7/23/2024 14:30,1025.4,26.86
7/23/2024 14:40,1025.9,26.86
7/23/2024 14:50,1021.7,26.89
7/23/2024 15:00,1019.2,26.89
7/23/2024 15:10,1020,26.9
7/23/2024 15:20,1021.3,26.91
7/23/2024 15:30,1020.4,26.89
7/23/2024 15:40,1020.4,26.9
7/23/2024 15:50,1023.3,26.9
7/23/2024 16:00,1023.7,26.9
7/23/2024 16:10,1027.5,26.9
7/23/2024 16:20,1020.9,26.9
7/23/2024 16:30,1020.9,26.9
7/23/2024 16:40,1020.8,26.91
7/23/2024 16:50,1020.4,26.91
7/23/2024 17:00,1018.4,26.9
7/23/2024 17:10,1017.9,26.91
7/23/2024 17:20,1020,26.9
7/23/2024 17:30,1020.9,26.89
7/23/2024 17:40,1021.3,26.9
7/23/2024 17:50,1022.1,26.9
7/23/2024 18:00,1023.7,26.9
7/23/2024 18:10,1024.2,26.89
7/23/2024 18:20,1023.4,26.88
7/23/2024 18:30,1023.8,26.86
7/23/2024 18:40,1023.4,26.86
7/23/2024 18:50,1026.3,26.85
7/23/2024 19:00,1024.6,26.84
7/23/2024 19:10,1025.9,26.83
7/23/2024 19:20,1025.1,26.83
7/23/2024 19:30,1023.9,26.81
7/23/2024 19:40,1023.9,26.8
7/23/2024 19:50,1025.1,26.8
7/23/2024 20:00,1023.5,26.77
7/23/2024 20:10,1024.7,26.77
7/23/2024 20:20,1024.7,26.76
7/23/2024 20:30,1024.7,26.75
7/23/2024 20:40,1024.8,26.74
7/23/2024 20:50,1024.8,26.74
7/23/2024 21:00,1024.8,26.73
7/23/2024 21:10,1024.8,26.73
7/23/2024 21:20,1026.4,26.72
7/23/2024 21:30,1025.2,26.71
7/23/2024 21:40,1024.4,26.69
7/23/2024 21:50,1024,26.68
7/23/2024 22:00,1023.6,26.66
7/23/2024 22:10,1023.2,26.65
7/23/2024 22:20,1023.2,26.64
7/23/2024 22:30,1023.2,26.63
7/23/2024 22:40,1022.8,26.61
7/23/2024 22:50,1020.4,26.59
7/23/2024 23:00,1017.9,26.58
7/23/2024 23:10,1014.6,26.55
7/23/2024 23:20,1014.6,26.54
7/23/2024 23:30,1013.4,26.52
7/23/2024 23:40,1013.4,26.51
7/23/2024 23:50,1012.6,26.5
7/24/2024 0:00,1012.2,26.48
7/24/2024 0:10,1010.2,26.44
7/24/2024 0:20,1010.2,26.43
7/24/2024 0:30,1009.8,26.42
7/24/2024 0:40,1008.2,26.39
7/24/2024 0:50,1008.6,26.39
7/24/2024 1:00,1007.3,26.38
7/24/2024 1:10,1008.2,26.34
7/24/2024 1:20,1007.8,26.33
7/24/2024 1:30,1009.1,26.31
7/24/2024 1:40,1007,26.31
7/24/2024 1:50,1006.2,26.3
7/24/2024 2:00,1007.9,26.27
7/24/2024 2:10,1006.2,26.26
7/24/2024 2:20,1003.8,26.24
7/24/2024 2:30,1004.6,26.24
7/24/2024 2:40,1003,26.22
7/24/2024 2:50,1003.4,26.21
7/24/2024 3:00,1003.4,26.2
7/24/2024 3:10,1003.4,26.18
7/24/2024 3:20,1006.3,26.17
7/24/2024 3:30,1004.3,26.16
7/24/2024 3:40,1003,26.15
7/24/2024 3:50,1005.5,26.14
7/24/2024 4:00,1005.1,26.13
7/24/2024 4:10,1006.4,26.13
7/24/2024 4:20,1009.3,26.1
7/24/2024 4:30,1011.4,26.1
7/24/2024 4:40,1012.6,26.08
7/24/2024 4:50,1013.5,26.07
7/24/2024 5:00,1014.3,26.06
7/24/2024 5:10,1015.2,26.05
7/24/2024 5:20,1015.2,26.04
7/24/2024 5:30,1015.6,26.03
7/24/2024 5:40,1016,26.01
7/24/2024 5:50,1016.4,26
7/24/2024 6:00,1016.5,25.99
7/24/2024 6:10,1016.5,25.98
7/24/2024 6:20,1015.2,25.98
7/24/2024 6:30,1015.7,25.97
7/24/2024 6:40,1018.6,25.96
7/24/2024 6:50,1021.9,25.96
7/24/2024 7:00,1021.9,25.96
7/24/2024 7:10,1021.9,25.96
7/24/2024 7:20,1021,25.97
7/24/2024 7:30,1021.9,25.98
7/24/2024 7:40,1021,25.98
7/24/2024 7:50,1021.8,25.99
7/24/2024 8:00,1023.1,26.01
7/24/2024 8:10,1026.4,26
7/24/2024 8:20,1025.5,26.03
7/24/2024 8:30,1027.2,26.07
7/24/2024 8:40,1026.3,26.06
7/24/2024 8:50,1024.3,26.06
7/24/2024 9:00,1023,26.08
7/24/2024 9:10,1020.1,26.09
7/24/2024 9:20,1018.4,26.1
7/24/2024 9:30,1018.2,26.25
7/24/2024 9:40,1018.3,26.16
7/24/2024 9:50,1019.1,26.22
7/24/2024 10:00,1017.9,26.22
7/24/2024 10:10,1021.2,26.24
7/24/2024 10:20,1028.2,26.63
7/24/2024 10:30,1021.4,26.37
7/24/2024 10:40,1028.8,26.44
7/24/2024 10:50,1027.1,26.47
7/24/2024 11:00,1027.8,26.61
7/24/2024 11:10,1027.1,26.46
7/24/2024 11:20,1028.3,26.51
7/24/2024 11:30,1028.3,26.54
7/24/2024 11:40,1030.7,26.63
7/24/2024 11:50,1032.7,26.69
7/24/2024 12:00,1034.9,26.91
7/24/2024 12:10,1035.4,26.85
7/24/2024 12:20,1035.4,26.83
7/24/2024 12:30,1035.4,26.86
7/24/2024 12:40,1037,26.89
7/24/2024 12:50,1038.2,26.94
7/24/2024 13:00,1039.4,26.99
7/24/2024 13:10,1040.2,27.05
7/24/2024 13:20,1042.6,27.12
7/24/2024 13:30,1042.6,27.11
7/24/2024 13:40,1044.2,27.18
7/24/2024 13:50,1048.1,27.35
7/24/2024 14:00,1045.7,27.28
7/24/2024 14:10,1046.9,27.33
7/24/2024 14:20,1049.3,27.39
7/24/2024 14:30,1049.3,27.43
7/24/2024 14:40,1049.6,27.45
7/24/2024 14:50,1050,27.48
7/24/2024 15:00,1048.1,27.37
7/24/2024 15:10,1050.4,27.54
7/24/2024 15:20,1050,27.54
7/24/2024 15:30,1049.1,27.53
7/24/2024 15:40,1045.8,27.54
7/24/2024 15:50,1045.4,27.56
7/24/2024 16:00,1048.7,27.57
7/24/2024 16:10,1048.3,27.57
7/24/2024 16:20,1049.9,27.56
7/24/2024 16:30,1049.1,27.57
7/24/2024 16:40,1049.1,27.56
7/24/2024 16:50,1050.4,27.53
7/24/2024 17:00,1050.4,27.54
7/24/2024 17:10,1050,27.51
7/24/2024 17:20,1050.4,27.5
7/24/2024 17:30,1050.9,27.49
7/24/2024 17:40,1050.9,27.49
7/24/2024 17:50,1050,27.49
7/24/2024 18:00,1049.6,27.5
7/24/2024 18:10,1049.2,27.48
7/24/2024 18:20,1048.8,27.45
7/24/2024 18:30,1048,27.45
7/24/2024 18:40,1049.3,27.43
7/24/2024 18:50,1050.1,27.41
7/24/2024 19:00,1050.9,27.42
7/24/2024 19:10,1050.1,27.39
7/24/2024 19:20,1050.6,27.39
7/24/2024 19:30,1050.2,27.37
7/24/2024 19:40,1049.3,27.36
7/24/2024 19:50,1048.1,27.35
7/24/2024 20:00,1048.5,27.33
7/24/2024 20:10,1048.1,27.32
7/24/2024 20:20,1048.2,27.31
7/24/2024 20:30,1048.2,27.29
7/24/2024 20:40,1047.4,27.28
7/24/2024 20:50,1048.2,27.27
7/24/2024 21:00,1048.6,27.25
7/24/2024 21:10,1049.5,27.24
7/24/2024 21:20,1048.3,27.22
7/24/2024 21:30,1047.4,27.2
7/24/2024 21:40,1047,27.19
7/24/2024 21:50,1047.5,27.18
7/24/2024 22:00,1047.1,27.16
7/24/2024 22:10,1047.1,27.15
7/24/2024 22:20,1047.5,27.12
7/24/2024 22:30,1047.1,27.11
7/24/2024 22:40,1045.9,27.09
7/24/2024 22:50,1046.3,27.08
7/24/2024 23:00,1047.2,27.07
7/24/2024 23:10,1047.6,27.05
7/24/2024 23:20,1047.2,27.03
7/24/2024 23:30,1046.8,27.01
7/24/2024 23:40,1046,26.99
7/24/2024 23:50,1046.5,26.98
7/25/2024 0:00,1046.5,26.95
7/25/2024 0:10,1046.1,26.94
7/25/2024 0:20,1046.1,26.92
7/25/2024 0:30,1046.9,26.91
7/25/2024 0:40,1047,26.89
7/25/2024 0:50,1047.4,26.88
7/25/2024 1:00,1047,26.86
7/25/2024 1:10,1047,26.85
7/25/2024 1:20,1047.4,26.84
7/25/2024 1:30,1047.5,26.83
7/25/2024 1:40,1045.4,26.82
7/25/2024 1:50,1041.7,26.8
7/25/2024 2:00,1041.7,26.78
7/25/2024 2:10,1041.7,26.77
7/25/2024 2:20,1040.5,26.76
7/25/2024 2:30,1039.7,26.75
7/25/2024 2:40,1038.4,26.74
7/25/2024 2:50,1039.7,26.73
7/25/2024 3:00,1039.7,26.71
7/25/2024 3:10,1039.7,26.71
7/25/2024 3:20,1038.5,26.69
7/25/2024 3:30,1038.9,26.68
7/25/2024 3:40,1038.5,26.67
7/25/2024 3:50,1038.9,26.66
7/25/2024 4:00,1039.8,26.65
7/25/2024 4:10,1039.4,26.64
7/25/2024 4:20,1039.8,26.63
7/25/2024 4:30,1043.5,26.61
7/25/2024 4:40,1044.4,26.61
7/25/2024 4:50,1046.9,26.6
7/25/2024 5:00,1047.3,26.59
7/25/2024 5:10,1048.6,26.58
7/25/2024 5:20,1048.6,26.58
7/25/2024 5:30,1045.3,26.57
7/25/2024 5:40,1045.7,26.56
7/25/2024 5:50,1044.5,26.55
7/25/2024 6:00,1044.5,26.54
7/25/2024 6:10,1042.8,26.52
7/25/2024 6:20,1044.5,26.52
7/25/2024 6:30,1043.2,26.51
7/25/2024 6:40,1041.2,26.5
7/25/2024 6:50,1043.3,26.49
7/25/2024 7:00,1042,26.48
7/25/2024 7:10,1042.4,26.49
7/25/2024 7:20,1044.5,26.49
7/25/2024 7:30,1047.8,26.5
7/25/2024 7:40,1049.1,26.5
7/25/2024 7:50,1049.9,26.51
7/25/2024 8:00,1049.1,26.51
7/25/2024 8:10,1049,26.54
7/25/2024 8:20,1048.6,26.55
7/25/2024 8:30,1050.2,26.57
7/25/2024 8:40,1053.1,26.58
7/25/2024 8:50,1052.3,26.58
7/25/2024 9:00,1050.6,26.61
7/25/2024 9:10,1051.4,26.63
7/25/2024 9:20,1050.6,26.65
7/25/2024 9:30,1051.2,26.78
7/25/2024 9:40,1050.1,26.68
7/25/2024 9:50,1051.7,26.72
7/25/2024 10:00,1050.9,26.75
7/25/2024 10:10,1051.3,26.75
7/25/2024 10:20,1055.9,27.1
7/25/2024 10:30,1053.2,26.92
7/25/2024 10:40,1053.2,26.88
7/25/2024 10:50,1054.4,26.94
7/25/2024 11:00,1055.6,26.99
7/25/2024 11:10,1055.6,26.99
7/25/2024 11:20,1056.4,27.01
7/25/2024 11:30,1057.2,27.05
7/25/2024 11:40,1060,27.14
7/25/2024 11:50,1059.9,27.18
7/25/2024 12:00,1061.1,27.27
7/25/2024 12:10,1062.2,27.33
7/25/2024 12:20,1061,27.29
7/25/2024 12:30,1062.2,27.33
7/25/2024 12:40,1063.9,27.36
7/25/2024 12:50,1063.8,27.41
7/25/2024 13:00,1065,27.49
7/25/2024 13:10,1066.5,27.54
7/25/2024 13:20,1067,27.56
7/25/2024 13:30,1067.7,27.6
7/25/2024 13:40,1068.1,27.62
7/25/2024 13:50,1068.9,27.68
7/25/2024 14:00,1070,27.75
7/25/2024 14:10,1070.4,27.77
7/25/2024 14:20,1071.6,27.8
7/25/2024 14:30,1072.8,27.84
7/25/2024 14:40,1072.8,27.86
7/25/2024 14:50,1075.2,27.93
7/25/2024 15:00,1074.8,27.95
7/25/2024 15:10,1074.8,27.96
7/25/2024 15:20,1074.3,27.97
7/25/2024 15:30,1074.8,27.99
7/25/2024 15:40,1075.9,28.03
7/25/2024 15:50,1075.1,28.03
7/25/2024 16:00,1074.3,28.04
7/25/2024 16:10,1073.9,28.04
7/25/2024 16:20,1074.7,28.05
7/25/2024 16:30,1075.1,28.07
7/25/2024 16:40,1075.5,28.07
7/25/2024 16:50,1075.9,28.08
7/25/2024 17:00,1075.9,28.08
7/25/2024 17:10,1075.9,28.08
7/25/2024 17:20,1077.1,28.09
7/25/2024 17:30,1077.5,28.09
7/25/2024 17:40,1077.6,28.07
7/25/2024 17:50,1077.5,28.09
7/25/2024 18:00,1077.5,28.08
7/25/2024 18:10,1077.2,28.05
7/25/2024 18:20,1077.2,28.04
7/25/2024 18:30,1077.2,28.04
7/25/2024 18:40,1077.2,28.03
7/25/2024 18:50,1076.8,28.02
7/25/2024 19:00,1076.4,27.99
7/25/2024 19:10,1077.3,27.97
7/25/2024 19:20,1077.3,27.96
7/25/2024 19:30,1078.1,27.93
7/25/2024 19:40,1078.5,27.94
7/25/2024 19:50,1078.6,27.93
7/25/2024 20:00,1078.6,27.92
7/25/2024 20:10,1078.2,27.91
7/25/2024 20:20,1078.6,27.88
7/25/2024 20:30,1078.6,27.85
7/25/2024 20:40,1079.9,27.85
7/25/2024 20:50,1079.9,27.85
7/25/2024 21:00,1079.1,27.84
7/25/2024 21:10,1077.8,27.83
7/25/2024 21:20,1078.3,27.82
7/25/2024 21:30,1078.3,27.8
7/25/2024 21:40,1077.9,27.79
7/25/2024 21:50,1077.1,27.78
7/25/2024 22:00,1077.5,27.77
7/25/2024 22:10,1077.5,27.76
7/25/2024 22:20,1076.3,27.75
7/25/2024 22:30,1076.7,27.74
7/25/2024 22:40,1077.5,27.73
7/25/2024 22:50,1077.1,27.71
7/25/2024 23:00,1075.1,27.7
7/25/2024 23:10,1076.8,27.69
7/25/2024 23:20,1075.5,27.68
7/25/2024 23:30,1075.1,27.67
7/25/2024 23:40,1074.3,27.66
7/25/2024 23:50,1074.3,27.66
7/26/2024 0:00,1075.2,27.63
7/26/2024 0:10,1074.7,27.63
7/26/2024 0:20,1075.2,27.62
7/26/2024 0:30,1076,27.61
7/26/2024 0:40,1076.4,27.61
7/26/2024 0:50,1076.9,27.6
7/26/2024 1:00,1076.9,27.6
7/26/2024 1:10,1076.9,27.59
7/26/2024 1:20,1076.9,27.58
7/26/2024 1:30,1078.1,27.57
7/26/2024 1:40,1078.2,27.56
7/26/2024 1:50,1078.2,27.54
7/26/2024 2:00,1078.2,27.53
7/26/2024 2:10,1076.9,27.53
7/26/2024 2:20,1078.2,27.52
7/26/2024 2:30,1079.9,27.51
7/26/2024 2:40,1080.3,27.5
7/26/2024 2:50,1080.3,27.49
7/26/2024 3:00,1081.6,27.48
7/26/2024 3:10,1081.6,27.46
7/26/2024 3:20,1078.7,27.44
7/26/2024 3:30,1077.9,27.43
7/26/2024 3:40,1078.7,27.41
7/26/2024 3:50,1078.8,27.4
7/26/2024 4:00,1078.8,27.39
7/26/2024 4:10,1078,27.36
7/26/2024 4:20,1078,27.35
7/26/2024 4:30,1073,27.33
7/26/2024 4:40,1069.3,27.32
7/26/2024 4:50,1071.4,27.31
7/26/2024 5:00,1069.3,27.31
7/26/2024 5:10,1069.7,27.29
7/26/2024 5:20,1068.9,27.28
7/26/2024 5:30,1068.5,27.26
7/26/2024 5:40,1067.7,27.25
7/26/2024 5:50,1066.9,27.24
7/26/2024 6:00,1066.9,27.23
7/26/2024 6:10,1068.6,27.22
7/26/2024 6:20,1067.8,27.19
7/26/2024 6:30,1067,27.18
7/26/2024 6:40,1067,27.18
7/26/2024 6:50,1067.4,27.17
7/26/2024 7:00,1068.7,27.16
7/26/2024 7:10,1067.8,27.15
7/26/2024 7:20,1068.3,27.14
7/26/2024 7:30,1068.7,27.15
7/26/2024 7:40,1068.3,27.15
7/26/2024 7:50,1066.2,27.15
7/26/2024 8:00,1066.2,27.15
7/26/2024 8:10,1067,27.16
7/26/2024 8:20,1067.4,27.16
7/26/2024 8:30,1065.7,27.18
7/26/2024 8:40,1065.7,27.18
7/26/2024 8:50,1064.5,27.2
7/26/2024 9:00,1064.5,27.2
7/26/2024 9:10,1064.4,27.23
7/26/2024 9:20,1064.4,27.24
7/26/2024 9:30,1064.4,27.28
7/26/2024 9:40,1064.4,27.28
7/26/2024 9:50,1063.9,27.28
7/26/2024 10:00,1063.5,27.32
7/26/2024 10:10,1063.1,27.31
7/26/2024 10:20,1064.3,27.34
7/26/2024 10:30,1064.7,27.36
7/26/2024 10:40,1070,27.42
7/26/2024 10:50,1069.6,27.45
7/26/2024 11:00,1069,27.56
7/26/2024 11:10,1073.2,27.53
7/26/2024 11:20,1076.1,27.58
7/26/2024 11:30,1073.6,27.58
7/26/2024 11:40,1075.2,27.63
7/26/2024 11:50,1074.3,27.67
7/26/2024 12:00,1077,27.79
7/26/2024 12:10,1079.9,27.83
7/26/2024 12:20,1084.4,27.86
7/26/2024 12:30,1083.2,27.87
7/26/2024 12:40,1084.8,27.94
7/26/2024 12:50,1084.7,27.96
7/26/2024 13:00,1085.5,28.02
7/26/2024 13:10,1087.9,28.1
7/26/2024 13:20,1088.7,28.1
7/26/2024 13:30,1090,28.1
7/26/2024 13:40,1091.1,28.17
7/26/2024 13:50,1091.9,28.24
7/26/2024 14:00,1092.3,28.28
7/26/2024 14:10,1094.3,28.3
7/26/2024 14:20,1097.2,28.35
7/26/2024 14:30,1096.7,28.38
7/26/2024 14:40,1097.1,28.41
7/26/2024 14:50,1097.9,28.45
7/26/2024 15:00,1097.8,28.49
7/26/2024 15:10,1097.4,28.5
7/26/2024 15:20,1098.6,28.52
7/26/2024 15:30,1099,28.55
7/26/2024 15:40,1098.2,28.5
7/26/2024 15:50,1097.8,28.53
7/26/2024 16:00,1096.5,28.58
7/26/2024 16:10,1098.5,28.58
7/26/2024 16:20,1100.1,28.66
7/26/2024 16:30,1098.9,28.62
7/26/2024 16:40,1101,28.64
7/26/2024 16:50,1100.2,28.61
7/26/2024 17:00,1101.4,28.64
7/26/2024 17:10,1101,28.64
7/26/2024 17:20,1099.8,28.59
7/26/2024 17:30,1100.2,28.61
7/26/2024 17:40,1101,28.62
7/26/2024 17:50,1100.2,28.59
7/26/2024 18:00,1099.8,28.58
7/26/2024 18:10,1099.8,28.55
7/26/2024 18:20,1099.8,28.54
7/26/2024 18:30,1099.9,28.52
7/26/2024 18:40,1099.5,28.5
7/26/2024 18:50,1099.5,28.46
7/26/2024 19:00,1099.1,28.45
7/26/2024 19:10,1099.1,28.42
7/26/2024 19:20,1099.1,28.42
7/26/2024 19:30,1098.3,28.39
7/26/2024 19:40,1098.4,28.38
7/26/2024 19:50,1100,28.37
7/26/2024 20:00,1101.3,28.36
7/26/2024 20:10,1102.1,28.34
7/26/2024 20:20,1103,28.33
7/26/2024 20:30,1098,28.3
7/26/2024 20:40,1098.5,28.3
7/26/2024 20:50,1099.3,28.28
7/26/2024 21:00,1099.3,28.27
7/26/2024 21:10,1099.3,28.26
7/26/2024 21:20,1098.9,28.25
7/26/2024 21:30,1099.4,28.22
7/26/2024 21:40,1099.4,28.22
7/26/2024 21:50,1100.6,28.21
7/26/2024 22:00,1099.8,28.2
7/26/2024 22:10,1101.1,28.19
7/26/2024 22:20,1099.4,28.17
7/26/2024 22:30,1099,28.16
7/26/2024 22:40,1099.9,28.14
7/26/2024 22:50,1099.9,28.13
7/26/2024 23:00,1099.5,28.12
7/26/2024 23:10,1095.8,28.1
7/26/2024 23:20,1094.6,28.09
7/26/2024 23:30,1095,28.08
7/26/2024 23:40,1093.8,28.05
7/26/2024 23:50,1093.8,28.05
7/27/2024 0:00,1094.2,28.03
7/27/2024 0:10,1094.6,28.02
7/27/2024 0:20,1094.6,28.02
7/27/2024 0:30,1097.1,28.01
7/27/2024 0:40,1098.4,28
7/27/2024 0:50,1098.4,27.97
7/27/2024 1:00,1096.8,27.96
7/27/2024 1:10,1096.4,27.95
7/27/2024 1:20,1096,27.94
7/27/2024 1:30,1096.4,27.93
7/27/2024 1:40,1096.4,27.92
7/27/2024 1:50,1096.8,27.91
7/27/2024 2:00,1097.7,27.88
7/27/2024 2:10,1096.1,27.86
7/27/2024 2:20,1094,27.84
7/27/2024 2:30,1094,27.83
7/27/2024 2:40,1095.7,27.8
7/27/2024 2:50,1096.6,27.8
7/27/2024 3:00,1095.8,27.77
7/27/2024 3:10,1094.1,27.76
7/27/2024 3:20,1095,27.74
7/27/2024 3:30,1094.2,27.71
7/27/2024 3:40,1093.3,27.7
7/27/2024 3:50,1092.9,27.69
7/27/2024 4:00,1093,27.66
7/27/2024 4:10,1091.8,27.65
7/27/2024 4:20,1091.4,27.62
7/27/2024 4:30,1091,27.6
7/27/2024 4:40,1091.4,27.6
7/27/2024 4:50,1091.8,27.58
7/27/2024 5:00,1091,27.57
7/27/2024 5:10,1090.6,27.54
7/27/2024 5:20,1090.6,27.53
7/27/2024 5:30,1089.4,27.52
7/27/2024 5:40,1089.4,27.49
7/27/2024 5:50,1089.4,27.49
7/27/2024 6:00,1089.1,27.46
7/27/2024 6:10,1089.9,27.43
7/27/2024 6:20,1089.9,27.42
7/27/2024 6:30,1088.7,27.42
7/27/2024 6:40,1088.7,27.41
7/27/2024 6:50,1087.9,27.4
7/27/2024 7:00,1087.9,27.39
7/27/2024 7:10,1087.1,27.37
7/27/2024 7:20,1085,27.36
7/27/2024 7:30,1088.4,27.35
7/27/2024 7:40,1090.4,27.36
7/27/2024 7:50,1089.6,27.37
7/27/2024 8:00,1091.7,27.37
7/27/2024 8:10,1095,27.4
7/27/2024 8:20,1096.6,27.41
7/27/2024 8:30,1094.5,27.44
7/27/2024 8:40,1096.6,27.45
7/27/2024 8:50,1100.7,27.45
7/27/2024 9:00,1100.2,27.51
7/27/2024 9:10,1095.7,27.49
7/27/2024 9:20,1094,27.51
7/27/2024 9:30,1093.5,27.54
7/27/2024 9:40,1093.9,27.58
7/27/2024 9:50,1091.4,27.58
7/27/2024 10:00,1091.8,27.58
7/27/2024 10:10,1094.3,27.6
7/27/2024 10:20,1094.2,27.65
7/27/2024 10:30,1091.7,27.66
7/27/2024 10:40,1091.7,27.71
7/27/2024 10:50,1093.7,27.75
7/27/2024 11:00,1093.7,27.76
7/27/2024 11:10,1098.2,27.79
7/27/2024 11:20,1099,27.86
7/27/2024 11:30,1096.5,27.86
7/27/2024 11:40,1099.7,27.93
7/27/2024 11:50,1102.2,27.96
7/27/2024 12:00,1102.5,28.02
7/27/2024 12:10,1102.9,28.02
7/27/2024 12:20,1104.1,28.08
7/27/2024 12:30,1105.3,28.1
7/27/2024 12:40,1107.4,28.14
7/27/2024 12:50,1107.3,28.19
7/27/2024 13:00,1107.7,28.25
7/27/2024 13:10,1110.1,28.29
7/27/2024 13:20,1109.7,28.32
7/27/2024 13:30,1112.1,28.35
7/27/2024 13:40,1117.5,28.37
7/27/2024 13:50,1118.7,28.43
7/27/2024 14:00,1119.8,28.5
7/27/2024 14:10,1121,28.52
7/27/2024 14:20,1119.8,28.55
7/27/2024 14:30,1120.9,28.6
7/27/2024 14:40,1122.2,28.61
7/27/2024 14:50,1125.5,28.62
7/27/2024 15:00,1125.5,28.64
7/27/2024 15:10,1125.8,28.69
7/27/2024 15:20,1125.9,28.67
7/27/2024 15:30,1126.3,28.68
7/27/2024 15:40,1125.4,28.7
7/27/2024 15:50,1127.9,28.71
7/27/2024 16:00,1128.3,28.73
7/27/2024 16:10,1128.7,28.72
7/27/2024 16:20,1129.1,28.75
7/27/2024 16:30,1129.1,28.75
7/27/2024 16:40,1128.7,28.75
7/27/2024 16:50,1128.7,28.73
7/27/2024 17:00,1127.9,28.72
7/27/2024 17:10,1127,28.71
7/27/2024 17:20,1126.2,28.7
7/27/2024 17:30,1125.4,28.67
7/27/2024 17:40,1125.5,28.66
7/27/2024 17:50,1125,28.64
7/27/2024 18:00,1124.2,28.62
7/27/2024 18:10,1125.1,28.6
7/27/2024 18:20,1125.1,28.59
7/27/2024 18:30,1124.3,28.55
7/27/2024 18:40,1124.4,28.53
7/27/2024 18:50,1124.4,28.51
7/27/2024 19:00,1124.4,28.5
7/27/2024 19:10,1124.8,28.47
7/27/2024 19:20,1124.5,28.44
7/27/2024 19:30,1124.1,28.41
7/27/2024 19:40,1122.9,28.38
7/27/2024 19:50,1122.5,28.35
7/27/2024 20:00,1122.1,28.34
7/27/2024 20:10,1122.5,28.32
7/27/2024 20:20,1121.3,28.29
7/27/2024 20:30,1121.3,28.27
7/27/2024 20:40,1120.5,28.26
7/27/2024 20:50,1120.6,28.24
7/27/2024 21:00,1121.8,28.21
7/27/2024 21:10,1120.2,28.19
7/27/2024 21:20,1119.8,28.17
7/27/2024 21:30,1119.4,28.14
7/27/2024 21:40,1119.4,28.13
7/27/2024 21:50,1121.1,28.12
7/27/2024 22:00,1120.7,28.1
7/27/2024 22:10,1121.2,28.07
7/27/2024 22:20,1120.8,28.05
7/27/2024 22:30,1119.1,28.04
7/27/2024 22:40,1119.1,28.03
7/27/2024 22:50,1117.9,28.01
7/27/2024 23:00,1117.5,28
7/27/2024 23:10,1118,27.97
7/27/2024 23:20,1114.7,27.95
7/27/2024 23:30,1114.7,27.93
7/27/2024 23:40,1114.7,27.93
7/27/2024 23:50,1114.7,27.91
7/28/2024 0:00,1113.1,27.88
7/28/2024 0:10,1110.2,27.86
7/28/2024 0:20,1109,27.84
7/28/2024 0:30,1109,27.82
7/28/2024 0:40,1107.8,27.79
7/28/2024 0:50,1105.7,27.76
7/28/2024 1:00,1104.5,27.75
7/28/2024 1:10,1103.7,27.73
7/28/2024 1:20,1103.7,27.7
7/28/2024 1:30,1103.8,27.68
7/28/2024 1:40,1104.6,27.67
7/28/2024 1:50,1105.9,27.66
7/28/2024 2:00,1107.6,27.63
7/28/2024 2:10,1108,27.62
7/28/2024 2:20,1107.2,27.6
7/28/2024 2:30,1107.6,27.58
7/28/2024 2:40,1107.7,27.56
7/28/2024 2:50,1108.5,27.53
7/28/2024 3:00,1110.2,27.52
7/28/2024 3:10,1112.3,27.52
7/28/2024 3:20,1113.1,27.5
7/28/2024 3:30,1111.9,27.5
7/28/2024 3:40,1087.9,27.39
7/28/2024 3:50,1086.3,27.37
7/28/2024 4:00,1085.9,27.35
7/28/2024 4:10,1089.6,27.35
7/28/2024 4:20,1091.7,27.35
7/28/2024 4:30,1095,27.34
7/28/2024 4:40,1095.9,27.32
7/28/2024 4:50,1095.1,27.28
7/28/2024 5:00,1093.9,27.27
7/28/2024 5:10,1093.9,27.25
7/28/2024 5:20,1092.7,27.23
7/28/2024 5:30,1092.3,27.2
7/28/2024 5:40,1090.6,27.18
7/28/2024 5:50,1088.2,27.15
7/28/2024 6:00,1086.2,27.11
7/28/2024 6:10,1079.1,27.07
7/28/2024 6:20,1079.1,27.07
7/28/2024 6:30,1076.3,27.05
7/28/2024 6:40,1077.5,27.03
7/28/2024 6:50,1077.5,27.02
7/28/2024 7:00,1078.8,27.02
7/28/2024 7:10,1079.2,27.02
7/28/2024 7:20,1081.3,27.02
7/28/2024 7:30,1079.6,27.01
7/28/2024 7:40,1081.3,27.02
7/28/2024 7:50,1081.3,27.02
7/28/2024 8:00,1082.1,27.03
7/28/2024 8:10,1082.9,27.02
7/28/2024 8:20,1082.5,27.05
7/28/2024 8:30,1083.3,27.05
7/28/2024 8:40,1080.8,27.06
7/28/2024 8:50,1080.4,27.05
7/28/2024 9:00,1080.7,27.16
7/28/2024 9:10,1072.1,27.09
7/28/2024 9:20,1075.4,27.1
7/28/2024 9:30,1077.4,27.12
7/28/2024 9:40,1075.8,27.11
7/28/2024 9:50,1071.6,27.11
7/28/2024 10:00,1078.6,27.14
7/28/2024 10:10,1076.6,27.12
7/28/2024 10:20,1079.9,27.14
7/28/2024 10:30,1080.6,27.25
7/28/2024 10:40,1078.9,27.26
7/28/2024 10:50,1075.9,27.37
7/28/2024 11:00,1076.4,27.32
7/28/2024 11:10,1076.4,27.31
7/28/2024 11:20,1078.8,27.36
7/28/2024 11:30,1077.5,27.37
7/28/2024 11:40,1077.4,27.45
7/28/2024 11:50,1078.2,27.49
7/28/2024 12:00,1078.7,27.49
7/28/2024 12:10,1078.6,27.54
7/28/2024 12:20,1078.6,27.57
7/28/2024 12:30,1078.9,27.59
7/28/2024 12:40,1081,27.63
7/28/2024 12:50,1081.3,27.67
7/28/2024 13:00,1084.2,27.74
7/28/2024 13:10,1085.4,27.77
7/28/2024 13:20,1085,27.76
7/28/2024 13:30,1086.2,27.79
7/28/2024 13:40,1087.8,27.84
7/28/2024 13:50,1089,27.88
7/28/2024 14:00,1089,27.91
7/28/2024 14:10,1090.2,27.92
7/28/2024 14:20,1090.9,27.99
7/28/2024 14:30,1091.7,28.02
7/28/2024 14:40,1092.5,28.05
7/28/2024 14:50,1092.9,28.08
7/28/2024 15:00,1093.7,28.11
7/28/2024 15:10,1093.7,28.11
7/28/2024 15:20,1094.5,28.12
7/28/2024 15:30,1094.1,28.14
7/28/2024 15:40,1094.1,28.13
7/28/2024 15:50,1093.2,28.14
7/28/2024 16:00,1093.7,28.14
7/28/2024 16:10,1093.6,28.16
7/28/2024 16:20,1093.3,28.13
7/28/2024 16:30,1092.4,28.12
7/28/2024 16:40,1094.5,28.12
7/28/2024 16:50,1094.5,28.12
7/28/2024 17:00,1093.7,28.09
7/28/2024 17:10,1093.8,28.05
7/28/2024 17:20,1093,28.01
7/28/2024 17:30,1092.6,27.99
7/28/2024 17:40,1091.8,27.97
7/28/2024 17:50,1091.8,27.95
7/28/2024 18:00,1091,27.93
7/28/2024 18:10,1090.2,27.91
7/28/2024 18:20,1091,27.91
7/28/2024 18:30,1090.7,27.87
7/28/2024 18:40,1089.9,27.85
7/28/2024 18:50,1089.5,27.83
7/28/2024 19:00,1089.9,27.82
7/28/2024 19:10,1089.9,27.79
7/28/2024 19:20,1091.2,27.77
7/28/2024 19:30,1090.8,27.75
7/28/2024 19:40,1090.8,27.73
7/28/2024 19:50,1090.4,27.7
7/28/2024 20:00,1090,27.69
7/28/2024 20:10,1088.4,27.67
7/28/2024 20:20,1088.4,27.65
7/28/2024 20:30,1086.8,27.61
7/28/2024 20:40,1086,27.58
7/28/2024 20:50,1085.2,27.57
7/28/2024 21:00,1084.8,27.54
7/28/2024 21:10,1084.4,27.52
7/28/2024 21:20,1083.6,27.5
7/28/2024 21:30,1083.2,27.48
7/28/2024 21:40,1083.7,27.45
7/28/2024 21:50,1082,27.43
7/28/2024 22:00,1083.7,27.42
7/28/2024 22:10,1083.3,27.41
7/28/2024 22:20,1082.9,27.4
7/28/2024 22:30,1083.8,27.37
7/28/2024 22:40,1083,27.35
7/28/2024 22:50,1083.8,27.34
7/28/2024 23:00,1083,27.33
7/28/2024 23:10,1084.3,27.31
7/28/2024 23:20,1084.3,27.29
7/28/2024 23:30,1085.1,27.28
7/28/2024 23:40,1086.4,27.28
7/28/2024 23:50,1086,27.26
7/29/2024 0:00,1086.4,27.24
7/29/2024 0:10,1086.4,27.23
7/29/2024 0:20,1085.6,27.2
7/29/2024 0:30,1086.5,27.19
7/29/2024 0:40,1086.1,27.17
7/29/2024 0:50,1085.3,27.16
7/29/2024 1:00,1085.3,27.14
7/29/2024 1:10,1085.7,27.12
7/29/2024 1:20,1086.2,27.11
7/29/2024 1:30,1086.6,27.09
7/29/2024 1:40,1086.6,27.07
7/29/2024 1:50,1086.6,27.06
7/29/2024 2:00,1086.2,27.06
7/29/2024 2:10,1086.2,27.05
7/29/2024 2:20,1086.2,27.03
7/29/2024 2:30,1086.7,27.02
7/29/2024 2:40,1085.5,27
7/29/2024 2:50,1085.1,26.98
7/29/2024 3:00,1084.7,26.97
7/29/2024 3:10,1084.3,26.94
7/29/2024 3:20,1084.3,26.92
7/29/2024 3:30,1083.5,26.91
7/29/2024 3:40,1083.9,26.9
7/29/2024 3:50,1083.5,26.88
7/29/2024 4:00,1083.5,26.85
7/29/2024 4:10,1083.2,26.83
7/29/2024 4:20,1083.2,26.82
7/29/2024 4:30,1082.3,26.82
7/29/2024 4:40,1082.4,26.81
7/29/2024 4:50,1082.4,26.78
7/29/2024 5:00,1082.4,26.76
7/29/2024 5:10,1081.6,26.74
7/29/2024 5:20,1081.2,26.73
7/29/2024 5:30,1080.8,26.71
7/29/2024 5:40,1081.3,26.68
7/29/2024 5:50,1080.4,26.67
7/29/2024 6:00,1079.2,26.63
7/29/2024 6:10,1079.3,26.61
7/29/2024 6:20,1078.9,26.59
7/29/2024 6:30,1078.9,26.57
7/29/2024 6:40,1080.1,26.57
7/29/2024 6:50,1081,26.57
7/29/2024 7:00,1082.6,26.58
7/29/2024 7:10,1082.6,26.58
7/29/2024 7:20,1083,26.58
7/29/2024 7:30,1083.9,26.58
7/29/2024 7:40,1084.3,26.59
7/29/2024 7:50,1084.7,26.6
7/29/2024 8:00,1084.6,26.63
7/29/2024 8:10,1083.8,26.61
7/29/2024 8:20,1084.6,26.64
7/29/2024 8:30,1085.9,26.66
7/29/2024 8:40,1086.2,26.68
7/29/2024 8:50,1086.6,26.69
7/29/2024 9:00,1088.9,26.86
7/29/2024 9:10,1087,26.75
7/29/2024 9:20,1084.9,26.75
7/29/2024 9:30,1086.1,26.81
7/29/2024 9:40,1086.9,26.8
7/29/2024 9:50,1086.9,26.81
7/29/2024 10:00,1088.9,26.86
7/29/2024 10:10,1086.9,26.82
7/29/2024 10:20,1087.3,26.81
7/29/2024 10:30,1088.6,26.83
7/29/2024 10:40,1089.7,26.89
7/29/2024 10:50,1086.9,26.86
7/29/2024 11:00,1086.8,26.91
7/29/2024 11:10,1086.8,26.91
7/29/2024 11:20,1088,26.95
7/29/2024 11:30,1087.9,27
7/29/2024 11:40,1087.9,27
7/29/2024 11:50,1087.9,27.02
7/29/2024 12:00,1087.9,27.03
7/29/2024 12:10,1089.1,27.05
7/29/2024 12:20,1089.9,27.07
7/29/2024 12:30,1089.1,27.09
7/29/2024 12:40,1089.1,27.09
7/29/2024 12:50,1089.5,27.12
7/29/2024 13:00,1091.1,27.14
7/29/2024 13:10,1090.3,27.15
7/29/2024 13:20,1090.3,27.16
7/29/2024 13:30,1091,27.19
7/29/2024 13:40,1091,27.19
7/29/2024 13:50,1091.5,27.18
7/29/2024 14:00,1092.3,27.23
7/29/2024 14:10,1092.2,27.24
7/29/2024 14:20,1092.2,27.25
7/29/2024 14:30,1093.5,27.23
7/29/2024 14:40,1094.3,27.28
7/29/2024 14:50,1095.9,27.29
7/29/2024 15:00,1095.9,27.31
7/29/2024 15:10,1095.9,27.32
7/29/2024 15:20,1095.9,27.32
7/29/2024 15:30,1095.9,27.32
7/29/2024 15:40,1096.7,27.33
7/29/2024 15:50,1096.7,27.32
7/29/2024 16:00,1096.7,27.33
7/29/2024 16:10,1096.7,27.32
7/29/2024 16:20,1096.7,27.32
7/29/2024 16:30,1096.3,27.29
7/29/2024 16:40,1096.7,27.31
7/29/2024 16:50,1096.8,27.28
7/29/2024 17:00,1096.7,27.29
7/29/2024 17:10,1096.8,27.28
7/29/2024 17:20,1096.7,27.29
7/29/2024 17:30,1096.7,27.29
7/29/2024 17:40,1097.2,27.29
7/29/2024 17:50,1096.8,27.28
7/29/2024 18:00,1096.4,27.26
7/29/2024 18:10,1095.2,27.23
7/29/2024 18:20,1094.7,27.23
7/29/2024 18:30,1093.5,27.2
7/29/2024 18:40,1093.6,27.18
7/29/2024 18:50,1092.7,27.16
7/29/2024 19:00,1092.4,27.14
7/29/2024 19:10,1092.4,27.11
7/29/2024 19:20,1091.6,27.09
7/29/2024 19:30,1091.2,27.07
7/29/2024 19:40,1091.2,27.06
7/29/2024 19:50,1091.2,27.03
7/29/2024 20:00,1090.8,27.01
7/29/2024 20:10,1090.4,27.01
7/29/2024 20:20,1090.5,26.98
7/29/2024 20:30,1090.5,26.97
7/29/2024 20:40,1090.1,26.93
7/29/2024 20:50,1089.7,26.92
7/29/2024 21:00,1089.3,26.91
7/29/2024 21:10,1089.3,26.89
7/29/2024 21:20,1089.4,26.86
7/29/2024 21:30,1090.6,26.85
7/29/2024 21:40,1091,26.85
7/29/2024 21:50,1091.5,26.83
7/29/2024 22:00,1091.9,26.82
7/29/2024 22:10,1091.9,26.82
7/29/2024 22:20,1091.9,26.8
7/29/2024 22:30,1092.8,26.78
7/29/2024 22:40,1092.4,26.76
7/29/2024 22:50,1092.4,26.76
7/29/2024 23:00,1091.6,26.73
7/29/2024 23:10,1091.2,26.73
7/29/2024 23:20,1090.8,26.71
7/29/2024 23:30,1090.8,26.71
7/29/2024 23:40,1090.8,26.69
7/29/2024 23:50,1090.8,26.67
7/30/2024 0:00,1090.4,26.65
7/30/2024 0:10,1090,26.64
7/30/2024 0:20,1090.9,26.63
7/30/2024 0:30,1090.5,26.61
7/30/2024 0:40,1090.9,26.6
7/30/2024 0:50,1091.3,26.59
7/30/2024 1:00,1090.9,26.58
7/30/2024 1:10,1090.1,26.57
7/30/2024 1:20,1090.6,26.55
7/30/2024 1:30,1091,26.54
7/30/2024 1:40,1090.2,26.52
7/30/2024 1:50,1089.8,26.51
7/30/2024 2:00,1089.4,26.5
7/30/2024 2:10,1088.6,26.48
7/30/2024 2:20,1088.2,26.47
7/30/2024 2:30,1087.8,26.44
7/30/2024 2:40,1088.2,26.43
7/30/2024 2:50,1087,26.42
7/30/2024 3:00,1087.4,26.41
7/30/2024 3:10,1086.6,26.39
7/30/2024 3:20,1085.8,26.38
7/30/2024 3:30,1086.2,26.37
7/30/2024 3:40,1085.8,26.34
7/30/2024 3:50,1085,26.33
7/30/2024 4:00,1084.2,26.31
7/30/2024 4:10,1085.4,26.3
7/30/2024 4:20,1084.6,26.29
7/30/2024 4:30,1085.5,26.29
7/30/2024 4:40,1084.2,26.26
7/30/2024 4:50,1084.3,26.25
7/30/2024 5:00,1084.3,26.24
7/30/2024 5:10,1084.3,26.23
7/30/2024 5:20,1084.3,26.21
7/30/2024 5:30,1083.9,26.2
7/30/2024 5:40,1083.5,26.17
7/30/2024 5:50,1083.5,26.16
7/30/2024 6:00,1083.5,26.15
7/30/2024 6:10,1083.6,26.14
7/30/2024 6:20,1083.6,26.13
7/30/2024 6:30,1083.2,26.12
7/30/2024 6:40,1083.2,26.12
7/30/2024 6:50,1083.6,26.13
7/30/2024 7:00,1083.6,26.13
7/30/2024 7:10,1083.1,26.14
7/30/2024 7:20,1084,26.14
7/30/2024 7:30,1084.4,26.15
7/30/2024 7:40,1083.5,26.16
7/30/2024 7:50,1083.9,26.17
7/30/2024 8:00,1084.3,26.2
7/30/2024 8:10,1084.7,26.21
7/30/2024 8:20,1084.7,26.23
7/30/2024 8:30,1084.7,26.24
7/30/2024 8:40,1085.5,26.25
7/30/2024 8:50,1085.5,26.29
7/30/2024 9:00,1086.2,26.35
7/30/2024 9:10,1086.3,26.32
7/30/2024 9:20,1086.7,26.33
7/30/2024 9:30,1087.8,26.46
7/30/2024 9:40,1086.5,26.44
7/30/2024 9:50,1086.2,26.4
7/30/2024 10:00,1087.3,26.46
7/30/2024 10:10,1086.5,26.44
7/30/2024 10:20,1086.5,26.46
7/30/2024 10:30,1087.3,26.5
7/30/2024 10:40,1091.7,26.67
7/30/2024 10:50,1090.9,26.59
7/30/2024 11:00,1090.1,26.58
7/30/2024 11:10,1090.5,26.59
7/30/2024 11:20,1090.5,26.64
7/30/2024 11:30,1091.6,26.68
7/30/2024 11:40,1095.2,26.83
7/30/2024 11:50,1095.7,26.78
7/30/2024 12:00,1095.7,26.81
7/30/2024 12:10,1097.3,26.85
7/30/2024 12:20,1098.4,26.91
7/30/2024 12:30,1098.8,26.93
7/30/2024 12:40,1098.8,26.97
7/30/2024 12:50,1099.9,27.05
7/30/2024 13:00,1101.9,27.12
7/30/2024 13:10,1102.7,27.16
7/30/2024 13:20,1104.7,27.24
7/30/2024 13:30,1104.7,27.24
7/30/2024 13:40,1106.3,27.26
7/30/2024 13:50,1107.5,27.31
7/30/2024 14:00,1106.7,27.32
7/30/2024 14:10,1107.5,27.35
7/30/2024 14:20,1108.3,27.39
7/30/2024 14:30,1108.3,27.4
7/30/2024 14:40,1109.1,27.4
7/30/2024 14:50,1109.5,27.41
7/30/2024 15:00,1110.7,27.41
7/30/2024 15:10,1111.5,27.45
7/30/2024 15:20,1111.5,27.45
7/30/2024 15:30,1111.9,27.45
7/30/2024 15:40,1113.2,27.45
7/30/2024 15:50,1112.4,27.44
7/30/2024 16:00,1113.3,27.39
7/30/2024 16:10,1113.6,27.42
7/30/2024 16:20,1113.7,27.4
7/30/2024 16:30,1114.1,27.41
7/30/2024 16:40,1113.6,27.43
7/30/2024 16:50,1113.2,27.43
7/30/2024 17:00,1113.2,27.43
7/30/2024 17:10,1114.1,27.4
7/30/2024 17:20,1113.7,27.4
7/30/2024 17:30,1113.3,27.4
7/30/2024 17:40,1114.1,27.39
7/30/2024 17:50,1112.1,27.35
7/30/2024 18:00,1112.5,27.35
7/30/2024 18:10,1112.5,27.33
7/30/2024 18:20,1111.3,27.32
7/30/2024 18:30,1110.9,27.29
7/30/2024 18:40,1110.9,27.28
7/30/2024 18:50,1110.5,27.27
7/30/2024 19:00,1110.9,27.26
7/30/2024 19:10,1111.8,27.25
7/30/2024 19:20,1111,27.23
7/30/2024 19:30,1111,27.22
7/30/2024 19:40,1110.6,27.2
7/30/2024 19:50,1109.8,27.19
7/30/2024 20:00,1110.2,27.18
7/30/2024 20:10,1110.6,27.17
7/30/2024 20:20,1111,27.16
7/30/2024 20:30,1109.8,27.12
7/30/2024 20:40,1109.4,27.11
7/30/2024 20:50,1110.7,27.1
7/30/2024 21:00,1109.9,27.08
7/30/2024 21:10,1109.9,27.08
7/30/2024 21:20,1109.9,27.07
7/30/2024 21:30,1109.1,27.05
7/30/2024 21:40,1108.7,27.03
7/30/2024 21:50,1106.6,27.01
7/30/2024 22:00,1106.6,27.01
7/30/2024 22:10,1106.7,27
7/30/2024 22:20,1106.7,26.99
7/30/2024 22:30,1107.1,26.99
7/30/2024 22:40,1106.7,26.95
7/30/2024 22:50,1105.9,26.94
7/30/2024 23:00,1107.6,26.93
7/30/2024 23:10,1108,26.92
7/30/2024 23:20,1106.8,26.91
7/30/2024 23:30,1106.8,26.9
7/30/2024 23:40,1106,26.89
7/30/2024 23:50,1106.8,26.86
7/31/2024 0:00,1106,26.84
7/31/2024 0:10,1105.6,26.83
7/31/2024 0:20,1105.6,26.82
7/31/2024 0:30,1104.8,26.81
7/31/2024 0:40,1105.7,26.78
7/31/2024 0:50,1102.4,26.76
7/31/2024 1:00,1102.4,26.75
7/31/2024 1:10,1103.2,26.74
7/31/2024 1:20,1103.3,26.72
7/31/2024 1:30,1103.3,26.71
7/31/2024 1:40,1103.3,26.68
7/31/2024 1:50,1102.9,26.67
7/31/2024 2:00,1103.7,26.66
7/31/2024 2:10,1104.6,26.66
7/31/2024 2:20,1104.6,26.64
7/31/2024 2:30,1104.6,26.63
7/31/2024 2:40,1104.6,26.63
7/31/2024 2:50,1105.9,26.61
7/31/2024 3:00,1105.9,26.61
7/31/2024 3:10,1106.7,26.6
7/31/2024 3:20,1106.7,26.59
7/31/2024 3:30,1105.9,26.58
7/31/2024 3:40,1106.3,26.57
7/31/2024 3:50,1107.2,26.55
7/31/2024 4:00,1106,26.54
7/31/2024 4:10,1106,26.52
7/31/2024 4:20,1105.6,26.51
7/31/2024 4:30,1106,26.5
7/31/2024 4:40,1105.6,26.5
7/31/2024 4:50,1106.4,26.5
7/31/2024 5:00,1106.4,26.49
7/31/2024 5:10,1106.9,26.49
7/31/2024 5:20,1106.5,26.47
7/31/2024 5:30,1104.8,26.46
7/31/2024 5:40,1104.8,26.44
7/31/2024 5:50,1104.9,26.42
7/31/2024 6:00,1104.5,26.4
7/31/2024 6:10,1104.5,26.38
7/31/2024 6:20,1103.2,26.38
7/31/2024 6:30,1103.3,26.37
7/31/2024 6:40,1102.8,26.37
7/31/2024 6:50,1103.7,26.35
7/31/2024 7:00,1103.3,26.34
7/31/2024 7:10,1102.9,26.35
7/31/2024 7:20,1102.8,26.37
7/31/2024 7:30,1103.7,26.38
7/31/2024 7:40,1104.5,26.4
7/31/2024 7:50,1104.9,26.41
7/31/2024 8:00,1104.8,26.43
7/31/2024 8:10,1106.1,26.46
7/31/2024 8:20,1105.7,26.44
7/31/2024 8:30,1106.1,26.44
7/31/2024 8:40,1106.1,26.44
7/31/2024 8:50,1106.1,26.44
7/31/2024 9:00,1106.1,26.43
7/31/2024 9:10,1105.3,26.43
7/31/2024 9:20,1106.1,26.43
7/31/2024 9:30,1106.1,26.43
7/31/2024 9:40,1106.5,26.43
7/31/2024 9:50,1106.5,26.46
7/31/2024 10:00,1106,26.47
7/31/2024 10:10,1106.4,26.51
7/31/2024 10:20,1106,26.55
7/31/2024 10:30,1106.3,26.58
7/31/2024 10:40,1107.9,26.67
7/31/2024 10:50,1109.5,26.73
7/31/2024 11:00,1108.3,26.66
7/31/2024 11:10,1109.1,26.67
7/31/2024 11:20,1107.9,26.69
7/31/2024 11:30,1108.3,26.69
7/31/2024 11:40,1108.7,26.72
7/31/2024 11:50,1109.4,26.76
7/31/2024 12:00,1110.6,26.82
7/31/2024 12:10,1112.7,26.85
7/31/2024 12:20,1112.6,26.91
7/31/2024 12:30,1113.8,26.94
7/31/2024 12:40,1112.5,26.97
7/31/2024 12:50,1115,27.01
7/31/2024 13:00,1115.7,27.08
7/31/2024 13:10,1116.5,27.1
7/31/2024 13:20,1119,27.15
7/31/2024 13:30,1118.5,27.2
7/31/2024 13:40,1120.5,27.23
7/31/2024 13:50,1121.3,27.31
7/31/2024 14:00,1122.9,27.35
7/31/2024 14:10,1123.6,27.42
7/31/2024 14:20,1124.8,27.48
7/31/2024 14:30,1124.8,27.5
7/31/2024 14:40,1126,27.54
7/31/2024 14:50,1127.6,27.57
7/31/2024 15:00,1127.6,27.6
7/31/2024 15:10,1128.8,27.61
7/31/2024 15:20,1129.2,27.62
7/31/2024 15:30,1128.8,27.61
7/31/2024 15:40,1129.2,27.63
7/31/2024 15:50,1128.4,27.62
7/31/2024 16:00,1129.2,27.63
7/31/2024 16:10,1128.8,27.62
7/31/2024 16:20,1129.2,27.62
7/31/2024 16:30,1128.8,27.59
7/31/2024 16:40,1127.6,27.57
7/31/2024 16:50,1127.6,27.56
7/31/2024 17:00,1126,27.52
7/31/2024 17:10,1126,27.49
7/31/2024 17:20,1126.5,27.49
7/31/2024 17:30,1126.5,27.49
7/31/2024 17:40,1126.5,27.46
7/31/2024 17:50,1126.1,27.44
7/31/2024 18:00,1126.1,27.41
7/31/2024 18:10,1126.2,27.39
7/31/2024 18:20,1126.2,27.37
7/31/2024 18:30,1125.8,27.35
7/31/2024 18:40,1125.4,27.34
7/31/2024 18:50,1125.4,27.33
7/31/2024 19:00,1125,27.31
7/31/2024 19:10,1125,27.28
7/31/2024 19:20,1125.1,27.26
7/31/2024 19:30,1125.1,27.25
7/31/2024 19:40,1125.1,27.23
7/31/2024 19:50,1124.7,27.2
7/31/2024 20:00,1124.8,27.18
7/31/2024 20:10,1125.2,27.17
7/31/2024 20:20,1125.6,27.16
7/31/2024 20:30,1125.2,27.14
7/31/2024 20:40,1124.8,27.11
7/31/2024 20:50,1124.4,27.09
7/31/2024 21:00,1124.9,27.08
7/31/2024 21:10,1124.9,27.07
7/31/2024 21:20,1124.9,27.06
7/31/2024 21:30,1126.6,27.05
7/31/2024 21:40,1126.2,27.03
7/31/2024 21:50,1121.2,27.01
7/31/2024 22:00,1122,27.01
7/31/2024 22:10,1120.8,26.99
7/31/2024 22:20,1120.8,26.98
7/31/2024 22:30,1121.3,26.94
7/31/2024 22:40,1121.7,26.93
7/31/2024 22:50,1121.3,26.92
7/31/2024 23:00,1121.3,26.91
7/31/2024 23:10,1121.8,26.9
7/31/2024 23:20,1121.4,26.88
7/31/2024 23:30,1121,26.86
7/31/2024 23:40,1121,26.85
7/31/2024 23:50,1121,26.84
8/1/2024 0:00,1121.8,26.84
8/1/2024 0:10,1122.3,26.82
8/1/2024 0:20,1121,26.81
8/1/2024 0:30,1118.6,26.8
8/1/2024 0:40,1117.3,26.78
8/1/2024 0:50,1117.8,26.77
8/1/2024 1:00,1118.2,26.77
8/1/2024 1:10,1117.3,26.76
8/1/2024 1:20,1116.9,26.76
8/1/2024 1:30,1115.3,26.74
8/1/2024 1:40,1113.3,26.71
8/1/2024 1:50,1108.7,26.68
8/1/2024 2:00,1103.3,26.66
8/1/2024 2:10,1101.3,26.61
8/1/2024 2:20,1097.2,26.57
8/1/2024 2:30,1085.2,26.52
8/1/2024 2:40,1086,26.52
8/1/2024 2:50,1089.3,26.52
8/1/2024 3:00,1091.4,26.52
8/1/2024 3:10,1093.5,26.51
8/1/2024 3:20,1094.4,26.5
8/1/2024 3:30,1094.8,26.48
8/1/2024 3:40,1094.4,26.46
8/1/2024 3:50,1093.2,26.43
8/1/2024 4:00,1092,26.41
8/1/2024 4:10,1092,26.4
8/1/2024 4:20,1092,26.39
8/1/2024 4:30,1092.4,26.39
8/1/2024 4:40,1092,26.38
8/1/2024 4:50,1092,26.35
8/1/2024 5:00,1091.2,26.35
8/1/2024 5:10,1090.8,26.33
8/1/2024 5:20,1090.8,26.33
8/1/2024 5:30,1091.3,26.3
8/1/2024 5:40,1090.4,26.29
8/1/2024 5:50,1090,26.27
8/1/2024 6:00,1089.2,26.25
8/1/2024 6:10,1088.4,26.24
8/1/2024 6:20,1088,26.22
8/1/2024 6:30,1087.6,26.21
8/1/2024 6:40,1087.6,26.21
8/1/2024 6:50,1088.4,26.22
8/1/2024 7:00,1088.9,26.21
8/1/2024 7:10,1088.9,26.2
8/1/2024 7:20,1087.6,26.2
8/1/2024 7:30,1087.2,26.2
8/1/2024 7:40,1087.6,26.2
8/1/2024 7:50,1088.5,26.21
8/1/2024 8:00,1088.9,26.22
8/1/2024 8:10,1089.7,26.23
8/1/2024 8:20,1090.1,26.26
8/1/2024 8:30,1089.6,26.26
8/1/2024 8:40,1090,26.27
8/1/2024 8:50,1090,26.32
8/1/2024 9:00,1090.7,26.41
8/1/2024 9:10,1090.4,26.37
8/1/2024 9:20,1089.1,26.34
8/1/2024 9:30,1090,26.34
8/1/2024 9:40,1090.8,26.35
8/1/2024 9:50,1090.7,26.39
8/1/2024 10:00,1090.3,26.41
8/1/2024 10:10,1091.5,26.42
8/1/2024 10:20,1091.9,26.46
8/1/2024 10:30,1091.4,26.5
8/1/2024 10:40,1092.7,26.52
8/1/2024 10:50,1093.8,26.65
8/1/2024 11:00,1091.3,26.59
8/1/2024 11:10,1090.9,26.58
8/1/2024 11:20,1090.9,26.64
8/1/2024 11:30,1092.5,26.69
8/1/2024 11:40,1092.9,26.71
8/1/2024 11:50,1094.1,26.75
8/1/2024 12:00,1094.4,26.77
8/1/2024 12:10,1094,26.81
8/1/2024 12:20,1096,26.84
8/1/2024 12:30,1095.6,26.84
8/1/2024 12:40,1098,26.92
8/1/2024 12:50,1098.4,26.97
8/1/2024 13:00,1099.1,27.03
8/1/2024 13:10,1100.8,27.06
8/1/2024 13:20,1100.3,27.08
8/1/2024 13:30,1099.5,27.09
8/1/2024 13:40,1100.3,27.12
8/1/2024 13:50,1101.5,27.17
8/1/2024 14:00,1102.7,27.2
8/1/2024 14:10,1103.9,27.25
8/1/2024 14:20,1103.4,27.27
8/1/2024 14:30,1105,27.32
8/1/2024 14:40,1106.2,27.35
8/1/2024 14:50,1106.2,27.36
8/1/2024 15:00,1107,27.39
8/1/2024 15:10,1107.4,27.4
8/1/2024 15:20,1107,27.4
8/1/2024 15:30,1074.8,27.26
8/1/2024 15:40,1060.2,27.26
8/1/2024 15:50,1057.3,27.26
8/1/2024 16:00,1060.7,27.24
8/1/2024 16:10,1065.7,27.23
8/1/2024 16:20,1067.8,27.22
8/1/2024 16:30,1064.5,27.19
8/1/2024 16:40,1064.5,27.19
8/1/2024 16:50,1064.5,27.18
8/1/2024 17:00,1065.7,27.16
8/1/2024 17:10,1064.9,27.14
8/1/2024 17:20,1065.4,27.14
8/1/2024 17:30,1065.8,27.11
8/1/2024 17:40,1067.9,27.09
8/1/2024 17:50,1068.7,27.09
8/1/2024 18:00,1069.1,27.09
8/1/2024 18:10,1067.9,27.07
8/1/2024 18:20,1070,27.06
8/1/2024 18:30,1069.6,27.05
8/1/2024 18:40,1070.5,27.03
8/1/2024 18:50,1068.9,26.99
8/1/2024 19:00,1068.9,26.98
8/1/2024 19:10,1068.4,26.98
8/1/2024 19:20,1068.5,26.97
8/1/2024 19:30,1068.9,26.95
8/1/2024 19:40,1068.1,26.93
8/1/2024 19:50,1068.5,26.92
8/1/2024 20:00,1068.5,26.92
8/1/2024 20:10,1068.1,26.9
8/1/2024 20:20,1068.1,26.89
8/1/2024 20:30,1067.3,26.88
8/1/2024 20:40,1067.7,26.86
8/1/2024 20:50,1066.5,26.84
8/1/2024 21:00,1065.7,26.83
8/1/2024 21:10,1065.7,26.82
8/1/2024 21:20,1065.8,26.8
8/1/2024 21:30,1065.3,26.78
8/1/2024 21:40,1065.8,26.76
8/1/2024 21:50,1064.6,26.75
8/1/2024 22:00,1063.7,26.74
8/1/2024 22:10,1065.4,26.73
8/1/2024 22:20,1063.8,26.71
8/1/2024 22:30,1063.8,26.69
8/1/2024 22:40,1063.4,26.69
8/1/2024 22:50,1062.6,26.68
8/1/2024 23:00,1063,26.67
8/1/2024 23:10,1063,26.66
8/1/2024 23:20,1062.6,26.65
8/1/2024 23:30,1063,26.63
8/1/2024 23:40,1063.5,26.61
8/1/2024 23:50,1063.9,26.6
8/2/2024 0:00,1064.3,26.59
8/2/2024 0:10,1064.8,26.57
8/2/2024 0:20,1066.4,26.57
8/2/2024 0:30,1066.5,26.55
8/2/2024 0:40,1067.7,26.55
8/2/2024 0:50,1069,26.54
8/2/2024 1:00,1069.8,26.54
8/2/2024 1:10,1069.8,26.52
8/2/2024 1:20,1069.8,26.51
8/2/2024 1:30,1070.2,26.5
8/2/2024 1:40,1069.8,26.49
8/2/2024 1:50,1069.9,26.48
8/2/2024 2:00,1069.9,26.48
8/2/2024 2:10,1070.7,26.47
8/2/2024 2:20,1071.5,26.47
8/2/2024 2:30,1071.5,26.46
8/2/2024 2:40,1072,26.44
8/2/2024 2:50,1072.4,26.44
8/2/2024 3:00,1073.6,26.43
8/2/2024 3:10,1074.1,26.42
8/2/2024 3:20,1074.9,26.41
8/2/2024 3:30,1075.8,26.4
8/2/2024 3:40,1075.8,26.4
8/2/2024 3:50,1075.8,26.38
8/2/2024 4:00,1074.6,26.35
8/2/2024 4:10,1074.6,26.34
8/2/2024 4:20,1074.2,26.34
8/2/2024 4:30,1073.8,26.33
8/2/2024 4:40,1071.3,26.33
8/2/2024 4:50,1072.1,26.32
8/2/2024 5:00,1072.5,26.31
8/2/2024 5:10,1072.1,26.3
8/2/2024 5:20,1072.6,26.29
8/2/2024 5:30,1072.2,26.27
8/2/2024 5:40,1072.6,26.27
8/2/2024 5:50,1071.4,26.26
8/2/2024 6:00,1072.6,26.26
8/2/2024 6:10,1072.6,26.25
8/2/2024 6:20,1073.9,26.25
8/2/2024 6:30,1071.8,26.23
8/2/2024 6:40,1072.2,26.23
8/2/2024 6:50,1070.6,26.22
8/2/2024 7:00,1070.2,26.21
8/2/2024 7:10,1070.2,26.2
8/2/2024 7:20,1070.2,26.2
8/2/2024 7:30,1071.4,26.21
8/2/2024 7:40,1071.4,26.21
8/2/2024 7:50,1071.8,26.21
8/2/2024 8:00,1072.2,26.23
8/2/2024 8:10,1071,26.23
8/2/2024 8:20,1071.4,26.25
8/2/2024 8:30,1071.4,26.25
8/2/2024 8:40,1072.2,26.29
8/2/2024 8:50,1072.5,26.31
8/2/2024 9:00,1072.5,26.32
8/2/2024 9:10,1072.9,26.33
8/2/2024 9:20,1072.9,26.37
8/2/2024 9:30,1074.1,26.42
8/2/2024 9:40,1072.4,26.4
8/2/2024 9:50,1074.5,26.44
8/2/2024 10:00,1073.7,26.42
8/2/2024 10:10,1074.5,26.41
8/2/2024 10:20,1074,26.46
8/2/2024 10:30,1073.6,26.48
8/2/2024 10:40,1075.6,26.54
8/2/2024 10:50,1074.7,26.6
8/2/2024 11:00,1076.7,26.69
8/2/2024 11:10,1074.7,26.61
8/2/2024 11:20,1077.5,26.66
8/2/2024 11:30,1077.5,26.67
8/2/2024 11:40,1078.7,26.72
8/2/2024 11:50,1079.1,26.75
8/2/2024 12:00,1079,26.8
8/2/2024 12:10,1080.2,26.83
8/2/2024 12:20,1082.3,26.89
8/2/2024 12:30,1083.5,26.92
8/2/2024 12:40,1083.4,26.98
8/2/2024 12:50,1083.4,26.99
8/2/2024 13:00,1084.6,27.03
8/2/2024 13:10,1085.8,27.05
8/2/2024 13:20,1086.6,27.08
8/2/2024 13:30,1086.6,27.1
8/2/2024 13:40,1087.3,27.16
8/2/2024 13:50,1088.6,27.19
8/2/2024 14:00,1089,27.2
8/2/2024 14:10,1091,27.26
8/2/2024 14:20,1090.9,27.28
8/2/2024 14:30,1092.1,27.35
8/2/2024 14:40,1092.9,27.37
8/2/2024 14:50,1094.1,27.42
8/2/2024 15:00,1095.3,27.46
8/2/2024 15:10,1096.5,27.51
8/2/2024 15:20,1095.7,27.5
8/2/2024 15:30,1096.5,27.52
8/2/2024 15:40,1096.9,27.54
8/2/2024 15:50,1097.7,27.57
8/2/2024 16:00,1098.1,27.57
8/2/2024 16:10,1098.1,27.58
8/2/2024 16:20,1098.1,27.58
8/2/2024 16:30,1097.7,27.57
8/2/2024 16:40,1098.5,27.58
8/2/2024 16:50,1096.8,27.57
8/2/2024 17:00,1096.8,27.56
8/2/2024 17:10,1097.3,27.56
8/2/2024 17:20,1097.7,27.54
8/2/2024 17:30,1097.7,27.53
8/2/2024 17:40,1097.3,27.53
8/2/2024 17:50,1097.7,27.52
8/2/2024 18:00,1096.9,27.51
8/2/2024 18:10,1096.5,27.49
8/2/2024 18:20,1096.5,27.48
8/2/2024 18:30,1096.5,27.48
8/2/2024 18:40,1097,27.46
8/2/2024 18:50,1096.6,27.44
8/2/2024 19:00,1096.2,27.43
8/2/2024 19:10,1096.2,27.42
8/2/2024 19:20,1097,27.41
8/2/2024 19:30,1095.8,27.4
8/2/2024 19:40,1096.6,27.39
8/2/2024 19:50,1096.6,27.37
8/2/2024 20:00,1097.1,27.36
8/2/2024 20:10,1096.7,27.33
8/2/2024 20:20,1094.2,27.32
8/2/2024 20:30,1094.2,27.31
8/2/2024 20:40,1094.7,27.28
8/2/2024 20:50,1094.7,27.27
8/2/2024 21:00,1094.7,27.26
8/2/2024 21:10,1094.3,27.25
8/2/2024 21:20,1095.1,27.24
8/2/2024 21:30,1095.6,27.23
8/2/2024 21:40,1095.6,27.22
8/2/2024 21:50,1096.8,27.2
8/2/2024 22:00,1096,27.19
8/2/2024 22:10,1097.3,27.18
8/2/2024 22:20,1098.6,27.17
8/2/2024 22:30,1099.4,27.16
8/2/2024 22:40,1098.2,27.16
8/2/2024 22:50,1098.6,27.14
8/2/2024 23:00,1101.1,27.12
8/2/2024 23:10,1102,27.1
8/2/2024 23:20,1098.2,27.09
8/2/2024 23:30,1097,27.08
8/2/2024 23:40,1097,27.06
8/2/2024 23:50,1096.2,27.05
8/3/2024 0:00,1096.2,27.03
8/3/2024 0:10,1093.8,27.01
8/3/2024 0:20,1093.3,27.01
8/3/2024 0:30,1092.5,26.99
8/3/2024 0:40,1091.3,26.98
8/3/2024 0:50,1093.4,26.95
8/3/2024 1:00,1093.8,26.93
8/3/2024 1:10,1093,26.92
8/3/2024 1:20,1091.8,26.91
8/3/2024 1:30,1093.1,26.89
8/3/2024 1:40,1091.4,26.88
8/3/2024 1:50,1091.8,26.86
8/3/2024 2:00,1096.5,26.83
8/3/2024 2:10,1094,26.82
8/3/2024 2:20,1090.7,26.8
8/3/2024 2:30,1091.1,26.76
8/3/2024 2:40,1091.6,26.74
8/3/2024 2:50,1091.6,26.74
8/3/2024 3:00,1092.8,26.73
8/3/2024 3:10,1092.9,26.71
8/3/2024 3:20,1092.9,26.69
8/3/2024 3:30,1092.5,26.68
8/3/2024 3:40,1092.9,26.66
8/3/2024 3:50,1093.3,26.65
8/3/2024 4:00,1092.9,26.64
8/3/2024 4:10,1093,26.63
8/3/2024 4:20,1092.6,26.6
8/3/2024 4:30,1091.8,26.59
8/3/2024 4:40,1092.6,26.57
8/3/2024 4:50,1092.2,26.55
8/3/2024 5:00,1092.2,26.54
8/3/2024 5:10,1092.3,26.51
8/3/2024 5:20,1091,26.5
8/3/2024 5:30,1089.8,26.48
8/3/2024 5:40,1091.1,26.48
8/3/2024 5:50,1091.1,26.46
8/3/2024 6:00,1091.1,26.42
8/3/2024 6:10,1090.3,26.41
8/3/2024 6:20,1090.3,26.4
8/3/2024 6:30,1089.9,26.4
8/3/2024 6:40,1089.9,26.4
8/3/2024 6:50,1090.3,26.4
8/3/2024 7:00,1090.3,26.4
8/3/2024 7:10,1091.2,26.39
8/3/2024 7:20,1089.9,26.39
8/3/2024 7:30,1089.9,26.39
8/3/2024 7:40,1090.7,26.41
8/3/2024 7:50,1090.3,26.41
8/3/2024 8:00,1091.1,26.43
8/3/2024 8:10,1091.1,26.46
8/3/2024 8:20,1091.9,26.49
8/3/2024 8:30,1091.9,26.5
8/3/2024 8:40,1091.8,26.54
8/3/2024 8:50,1093,26.63
8/3/2024 9:00,1092.6,26.58
8/3/2024 9:10,1090.9,26.58
8/3/2024 9:20,1092.5,26.65
8/3/2024 9:30,1093.9,26.85
8/3/2024 9:40,1092.5,26.67
8/3/2024 9:50,1092.9,26.68
8/3/2024 10:00,1091.6,26.71
8/3/2024 10:10,1091.6,26.71
8/3/2024 10:20,1092,26.71
8/3/2024 10:30,1094,26.8
8/3/2024 10:40,1095.2,26.85
8/3/2024 10:50,1095.6,26.85
8/3/2024 11:00,1096.8,26.93
8/3/2024 11:10,1096.4,26.92
8/3/2024 11:20,1097.2,26.91
8/3/2024 11:30,1098,26.94
8/3/2024 11:40,1100,27.03
8/3/2024 11:50,1101.2,27.08
8/3/2024 12:00,1101.6,27.08
8/3/2024 12:10,1101.9,27.14
8/3/2024 12:20,1102.7,27.18
8/3/2024 12:30,1103.9,27.2
8/3/2024 12:40,1105.1,27.25
8/3/2024 12:50,1105.9,27.28
8/3/2024 13:00,1108.3,27.33
8/3/2024 13:10,1109.5,27.39
8/3/2024 13:20,1110.7,27.43
8/3/2024 13:30,1110.7,27.43
8/3/2024 13:40,1106.2,27.42
8/3/2024 13:50,1100.3,27.45
8/3/2024 14:00,1100.3,27.48
8/3/2024 14:10,1101.5,27.5
8/3/2024 14:20,1101.5,27.51
8/3/2024 14:30,1102.3,27.54
8/3/2024 14:40,1103.1,27.57
8/3/2024 14:50,1104.7,27.59
8/3/2024 15:00,1105.9,27.63
8/3/2024 15:10,1107.1,27.66
8/3/2024 15:20,1107.9,27.67
8/3/2024 15:30,1108.3,27.68
8/3/2024 15:40,1108.3,27.69
8/3/2024 15:50,1107.9,27.68
8/3/2024 16:00,1107.9,27.68
8/3/2024 16:10,1109.2,27.68
8/3/2024 16:20,1110.8,27.68
8/3/2024 16:30,1109.6,27.66
8/3/2024 16:40,1110,27.67
8/3/2024 16:50,1110.8,27.68
8/3/2024 17:00,1110.4,27.66
8/3/2024 17:10,1109.3,27.61
8/3/2024 17:20,1110.6,27.57
8/3/2024 17:30,1109.7,27.6
8/3/2024 17:40,1110.5,27.6
8/3/2024 17:50,1110.5,27.6
8/3/2024 18:00,1110.5,27.59
8/3/2024 18:10,1110.2,27.56
8/3/2024 18:20,1110.6,27.54
8/3/2024 18:30,1109.8,27.52
8/3/2024 18:40,1109.4,27.51
8/3/2024 18:50,1108.6,27.49
8/3/2024 19:00,1108.2,27.46
8/3/2024 19:10,1107.4,27.45
8/3/2024 19:20,1107.8,27.43
8/3/2024 19:30,1107.8,27.42
8/3/2024 19:40,1108.2,27.41
8/3/2024 19:50,1108.3,27.4
8/3/2024 20:00,1108.7,27.39
8/3/2024 20:10,1108.7,27.36
8/3/2024 20:20,1108.3,27.36
8/3/2024 20:30,1109.2,27.33
8/3/2024 20:40,1109.6,27.32
8/3/2024 20:50,1108.8,27.29
8/3/2024 21:00,1109.2,27.27
8/3/2024 21:10,1108.4,27.26
8/3/2024 21:20,1106.4,27.25
8/3/2024 21:30,1106.4,27.23
8/3/2024 21:40,1106.4,27.2
8/3/2024 21:50,1105.6,27.2
8/3/2024 22:00,1105.2,27.17
8/3/2024 22:10,1105.2,27.16
8/3/2024 22:20,1105.2,27.15
8/3/2024 22:30,1105.3,27.12
8/3/2024 22:40,1105.3,27.1
8/3/2024 22:50,1104.5,27.07
8/3/2024 23:00,1102.8,27.06
8/3/2024 23:10,1102.5,27.03
8/3/2024 23:20,1102.9,27.01
8/3/2024 23:30,1100.8,27.01
8/3/2024 23:40,1100.9,26.98
8/3/2024 23:50,1100.9,26.94
8/4/2024 0:00,1100.1,26.93
8/4/2024 0:10,1100.5,26.91
8/4/2024 0:20,1101.8,26.89
8/4/2024 0:30,1102.6,26.88
8/4/2024 0:40,1103.1,26.86
8/4/2024 0:50,1103.5,26.85
8/4/2024 1:00,1103.1,26.84
8/4/2024 1:10,1103.9,26.83
8/4/2024 1:20,1106.5,26.81
8/4/2024 1:30,1105.2,26.81
8/4/2024 1:40,1105.2,26.81
8/4/2024 1:50,1105.7,26.8
8/4/2024 2:00,1105.7,26.77
8/4/2024 2:10,1106.5,26.76
8/4/2024 2:20,1107,26.74
8/4/2024 2:30,1107,26.72
8/4/2024 2:40,1107,26.71
8/4/2024 2:50,1107.5,26.68
8/4/2024 3:00,1107.1,26.67
8/4/2024 3:10,1106.6,26.66
8/4/2024 3:20,1105.8,26.64
8/4/2024 3:30,1104.6,26.63
8/4/2024 3:40,1105.9,26.61
8/4/2024 3:50,1106.7,26.6
8/4/2024 4:00,1105.1,26.59
8/4/2024 4:10,1104.7,26.58
8/4/2024 4:20,1104.7,26.57
8/4/2024 4:30,1105.9,26.56
8/4/2024 4:40,1106,26.55
8/4/2024 4:50,1105.1,26.52
8/4/2024 5:00,1105.2,26.51
8/4/2024 5:10,1105.2,26.49
8/4/2024 5:20,1103.9,26.49
8/4/2024 5:30,1103.5,26.48
8/4/2024 5:40,1102.7,26.47
8/4/2024 5:50,1102.7,26.47
8/4/2024 6:00,1102.7,26.44
8/4/2024 6:10,1102.8,26.42
8/4/2024 6:20,1101.5,26.41
8/4/2024 6:30,1101.5,26.4
8/4/2024 6:40,1102.4,26.39
8/4/2024 6:50,1102.4,26.4
8/4/2024 7:00,1102,26.41
8/4/2024 7:10,1102.8,26.41
8/4/2024 7:20,1102.8,26.41
8/4/2024 7:30,1102.4,26.42
8/4/2024 7:40,1102.3,26.43
8/4/2024 7:50,1102.3,26.43
8/4/2024 8:00,1102.3,26.44
8/4/2024 8:10,1103.1,26.47
8/4/2024 8:20,1103.5,26.5
8/4/2024 8:30,1102.7,26.5
8/4/2024 8:40,1103,26.55
8/4/2024 8:50,1104.6,26.65
8/4/2024 9:00,1102.6,26.56
8/4/2024 9:10,1103.8,26.59
8/4/2024 9:20,1104.6,26.66
8/4/2024 9:30,1104.5,26.73
8/4/2024 9:40,1103.7,26.66
8/4/2024 9:50,1104.1,26.71
8/4/2024 10:00,1104.9,26.74
8/4/2024 10:10,1104.9,26.74
8/4/2024 10:20,1104.9,26.75
8/4/2024 10:30,1106.8,26.92
8/4/2024 10:40,1109.1,27.07
8/4/2024 10:50,1107.2,26.9
8/4/2024 11:00,1110.3,27.05
8/4/2024 11:10,1110.4,26.97
8/4/2024 11:20,1111.2,27.02
8/4/2024 11:30,1112.4,27.08
8/4/2024 11:40,1112,27.09
8/4/2024 11:50,1113.5,27.17
8/4/2024 12:00,1116,27.23
8/4/2024 12:10,1115.9,27.26
8/4/2024 12:20,1117.5,27.32
8/4/2024 12:30,1117.1,27.29
8/4/2024 12:40,1119.9,27.43
8/4/2024 12:50,1120.2,27.48
8/4/2024 13:00,1121.5,27.49
8/4/2024 13:10,1123.9,27.58
8/4/2024 13:20,1124.2,27.6
8/4/2024 13:30,1124.6,27.68
8/4/2024 13:40,1127.5,27.69
8/4/2024 13:50,1127,27.69
8/4/2024 14:00,1127.1,27.68
8/4/2024 14:10,1127.1,27.66
8/4/2024 14:20,1127.5,27.68
8/4/2024 14:30,1128.2,27.73
8/4/2024 14:40,1127.4,27.71
8/4/2024 14:50,1128.7,27.73
8/4/2024 15:00,1128.6,27.75
8/4/2024 15:10,1129.1,27.75
8/4/2024 15:20,1128.7,27.73
8/4/2024 15:30,1128.2,27.74
8/4/2024 15:40,1128.6,27.76
8/4/2024 15:50,1129.8,27.8
8/4/2024 16:00,1129.4,27.78
8/4/2024 16:10,1131.1,27.8
8/4/2024 16:20,1131.1,27.8
8/4/2024 16:30,1131.5,27.82
8/4/2024 16:40,1130.6,27.82
8/4/2024 16:50,1131.1,27.8
8/4/2024 17:00,1130.7,27.78
8/4/2024 17:10,1131.1,27.77
8/4/2024 17:20,1130.7,27.76
8/4/2024 17:30,1130.3,27.75
8/4/2024 17:40,1130.3,27.74
8/4/2024 17:50,1130.7,27.74
8/4/2024 18:00,1130.7,27.73
8/4/2024 18:10,1130.4,27.7
8/4/2024 18:20,1130,27.69
8/4/2024 18:30,1129.6,27.68
8/4/2024 18:40,1129.2,27.66
8/4/2024 18:50,1129.2,27.63
8/4/2024 19:00,1128.8,27.62
8/4/2024 19:10,1129.2,27.61
8/4/2024 19:20,1129.2,27.59
8/4/2024 19:30,1128.9,27.57
8/4/2024 19:40,1128.5,27.56
8/4/2024 19:50,1128.5,27.54
8/4/2024 20:00,1128.5,27.53
8/4/2024 20:10,1128.1,27.52
8/4/2024 20:20,1128.5,27.5
8/4/2024 20:30,1128.1,27.5
8/4/2024 20:40,1129.4,27.5
8/4/2024 20:50,1131.5,27.49
8/4/2024 21:00,1132.7,27.48
8/4/2024 21:10,1133.1,27.46
8/4/2024 21:20,1131.9,27.45
8/4/2024 21:30,1131.9,27.44
8/4/2024 21:40,1131.1,27.43
8/4/2024 21:50,1131.1,27.42
8/4/2024 22:00,1132,27.41
8/4/2024 22:10,1132,27.41
8/4/2024 22:20,1131.6,27.39
8/4/2024 22:30,1130.8,27.37
8/4/2024 22:40,1130.8,27.36
8/4/2024 22:50,1130.4,27.36
8/4/2024 23:00,1130.4,27.35
8/4/2024 23:10,1130,27.34
8/4/2024 23:20,1130,27.33
8/4/2024 23:30,1130,27.32
8/4/2024 23:40,1129.6,27.31
8/4/2024 23:50,1130.9,27.29
8/5/2024 0:00,1128.8,27.27
8/5/2024 0:10,1126.7,27.27
8/5/2024 0:20,1128.8,27.25
8/5/2024 0:30,1129.7,27.24
8/5/2024 0:40,1129.7,27.23
8/5/2024 0:50,1129.7,27.22
8/5/2024 1:00,1130.1,27.19
8/5/2024 1:10,1128.9,27.19
8/5/2024 1:20,1128.9,27.17
8/5/2024 1:30,1129,27.15
8/5/2024 1:40,1128.5,27.15
8/5/2024 1:50,1129,27.14
8/5/2024 2:00,1129.8,27.12
8/5/2024 2:10,1130.2,27.11
8/5/2024 2:20,1131.1,27.09
8/5/2024 2:30,1131.5,27.08
8/5/2024 2:40,1129.9,27.07
8/5/2024 2:50,1130.3,27.05
8/5/2024 3:00,1129.9,27.03
8/5/2024 3:10,1128.7,27.03
8/5/2024 3:20,1129.1,27.01
8/5/2024 3:30,1129.1,27.01
8/5/2024 3:40,1129.1,27.01
8/5/2024 3:50,1128.7,27.01
8/5/2024 4:00,1128.7,27.01
8/5/2024 4:10,1127.9,27
8/5/2024 4:20,1128.7,27
8/5/2024 4:30,1130,26.99
8/5/2024 4:40,1128.7,26.98
8/5/2024 4:50,1127.9,26.98
8/5/2024 5:00,1128.8,26.97
8/5/2024 5:10,1129.2,26.95
8/5/2024 5:20,1130.5,26.94
8/5/2024 5:30,1129.2,26.94
8/5/2024 5:40,1128,26.92
8/5/2024 5:50,1125.5,26.92
8/5/2024 6:00,1125.5,26.91
8/5/2024 6:10,1126.8,26.9
8/5/2024 6:20,1127.6,26.89
8/5/2024 6:30,1126.4,26.89
8/5/2024 6:40,1126.4,26.89
8/5/2024 6:50,1126.4,26.89
8/5/2024 7:00,1126.3,26.9
8/5/2024 7:10,1127.2,26.9
8/5/2024 7:20,1127.6,26.92
8/5/2024 7:30,1128,26.92
8/5/2024 7:40,1128,26.93
8/5/2024 7:50,1127.5,26.94
8/5/2024 8:00,1127.1,26.95
8/5/2024 8:10,1127.9,26.98
8/5/2024 8:20,1127.9,27
8/5/2024 8:30,1128.3,27.02
8/5/2024 8:40,1128.3,27.01
8/5/2024 8:50,1128.2,27.1
8/5/2024 9:00,1128.6,27.11
8/5/2024 9:10,1129,27.12
8/5/2024 9:20,1129.3,27.2
8/5/2024 9:30,1130,27.29
8/5/2024 9:40,1129.3,27.22
8/5/2024 9:50,1129.6,27.33
8/5/2024 10:00,1130.1,27.27
8/5/2024 10:10,1131.7,27.28
8/5/2024 10:20,1132.1,27.32
8/5/2024 10:30,1136.3,27.62
8/5/2024 10:40,1137.5,27.65
8/5/2024 10:50,1135.7,27.45
8/5/2024 11:00,1136.8,27.53
8/5/2024 11:10,1136.8,27.56
8/5/2024 11:20,1137.2,27.58
8/5/2024 11:30,1139.6,27.61
8/5/2024 11:40,1140,27.65
8/5/2024 11:50,1141.2,27.71
8/5/2024 12:00,1141.5,27.75
8/5/2024 12:10,1143.6,27.79
8/5/2024 12:20,1145.6,27.83
8/5/2024 12:30,1146.8,27.86
8/5/2024 12:40,1149.2,27.96
8/5/2024 12:50,1148.3,27.97
8/5/2024 13:00,1149.9,28.03
8/5/2024 13:10,1151.1,28.12
8/5/2024 13:20,1153.1,28.13
8/5/2024 13:30,1153.9,28.17
8/5/2024 13:40,1155.1,28.2
8/5/2024 13:50,1156.3,28.25
8/5/2024 14:00,1157.9,28.32
8/5/2024 14:10,1159.6,28.34
8/5/2024 14:20,1160.3,28.39
8/5/2024 14:30,1160.3,28.41
8/5/2024 14:40,1161.5,28.43
8/5/2024 14:50,1161.9,28.47
8/5/2024 15:00,1161.9,28.5
8/5/2024 15:10,1164.3,28.55
8/5/2024 15:20,1163.9,28.54
8/5/2024 15:30,1164.7,28.58
8/5/2024 15:40,1165.5,28.56
8/5/2024 15:50,1166.4,28.55
8/5/2024 16:00,1165.1,28.53
8/5/2024 16:10,1165.9,28.56
8/5/2024 16:20,1165.9,28.58
8/5/2024 16:30,1165.5,28.55
8/5/2024 16:40,1165.1,28.58
8/5/2024 16:50,1165.1,28.55
8/5/2024 17:00,1164.7,28.54
8/5/2024 17:10,1164.7,28.53
8/5/2024 17:20,1164.4,28.5
8/5/2024 17:30,1163.9,28.5
8/5/2024 17:40,1164,28.47
8/5/2024 17:50,1163.6,28.45
8/5/2024 18:00,1163.6,28.44
8/5/2024 18:10,1163.2,28.43
8/5/2024 18:20,1163.2,28.41
8/5/2024 18:30,1163.2,28.38
8/5/2024 18:40,1162.8,28.37
8/5/2024 18:50,1162.9,28.34
8/5/2024 19:00,1162.9,28.32
8/5/2024 19:10,1161.7,28.3
8/5/2024 19:20,1161.7,28.28
8/5/2024 19:30,1161.7,28.26
8/5/2024 19:40,1161.8,28.24
8/5/2024 19:50,1161.4,28.2
8/5/2024 20:00,1161,28.19
8/5/2024 20:10,1159.8,28.17
8/5/2024 20:20,1159,28.14
8/5/2024 20:30,1159.8,28.13
8/5/2024 20:40,1159.4,28.11
8/5/2024 20:50,1159.4,28.11
8/5/2024 21:00,1160.7,28.1
8/5/2024 21:10,1162,28.08
8/5/2024 21:20,1161.1,28.07
8/5/2024 21:30,1160.7,28.05
8/5/2024 21:40,1161.2,28.04
8/5/2024 21:50,1159.5,28.02
8/5/2024 22:00,1160,28
8/5/2024 22:10,1158.7,28
8/5/2024 22:20,1160.8,27.97
8/5/2024 22:30,1162.1,27.96
8/5/2024 22:40,1162.5,27.95
8/5/2024 22:50,1162.1,27.93
8/5/2024 23:00,1163,27.92
8/5/2024 23:10,1161.8,27.91
8/5/2024 23:20,1161,27.88
8/5/2024 23:30,1161.8,27.87
8/5/2024 23:40,1161.8,27.86
8/5/2024 23:50,1161,27.84
8/6/2024 0:00,1162.3,27.83
8/6/2024 0:10,1161.9,27.83
8/6/2024 0:20,1161.5,27.8
8/6/2024 0:30,1160.3,27.78
8/6/2024 0:40,1159.8,27.77
8/6/2024 0:50,1160.7,27.76
8/6/2024 1:00,1162,27.75
8/6/2024 1:10,1162,27.73
8/6/2024 1:20,1162.4,27.71
8/6/2024 1:30,1162.4,27.69
8/6/2024 1:40,1161.6,27.67
8/6/2024 1:50,1161.2,27.66
8/6/2024 2:00,1160,27.63
8/6/2024 2:10,1159.2,27.63
8/6/2024 2:20,1158.8,27.62
8/6/2024 2:30,1158.8,27.61
8/6/2024 2:40,1158,27.59
8/6/2024 2:50,1157.2,27.58
8/6/2024 3:00,1156.8,27.56
8/6/2024 3:10,1156.8,27.54
8/6/2024 3:20,1156.8,27.54
8/6/2024 3:30,1157.2,27.53
8/6/2024 3:40,1156,27.5
8/6/2024 3:50,1155.6,27.5
8/6/2024 4:00,1155.6,27.49
8/6/2024 4:10,1155.6,27.46
8/6/2024 4:20,1154.8,27.44
8/6/2024 4:30,1154.9,27.42
8/6/2024 4:40,1155.3,27.42
8/6/2024 4:50,1154.9,27.4
8/6/2024 5:00,1154.1,27.37
8/6/2024 5:10,1154.1,27.37
8/6/2024 5:20,1153.7,27.35
8/6/2024 5:30,1154.5,27.35
8/6/2024 5:40,1154.6,27.34
8/6/2024 5:50,1155,27.33
8/6/2024 6:00,1155.8,27.32
8/6/2024 6:10,1155.9,27.28
8/6/2024 6:20,1153.4,27.27
8/6/2024 6:30,1153.4,27.26
8/6/2024 6:40,1153.4,27.25
8/6/2024 6:50,1153,27.24
8/6/2024 7:00,1152.6,27.24
8/6/2024 7:10,1153,27.23
8/6/2024 7:20,1153.8,27.24
8/6/2024 7:30,1154.7,27.25
8/6/2024 7:40,1155.1,27.27
8/6/2024 7:50,1155.5,27.28
8/6/2024 8:00,1156.3,27.29
8/6/2024 8:10,1157.1,27.34
8/6/2024 8:20,1157.1,27.33
8/6/2024 8:30,1157.5,27.35
8/6/2024 8:40,1158.3,27.34
8/6/2024 8:50,1158.2,27.41
8/6/2024 9:00,1157,27.37
8/6/2024 9:10,1157,27.4
8/6/2024 9:20,1159,27.48
8/6/2024 9:30,1160,27.67
8/6/2024 9:40,1158.9,27.53
8/6/2024 9:50,1158.8,27.62
8/6/2024 10:00,1158.8,27.58
8/6/2024 10:10,1159.6,27.61
8/6/2024 10:20,1160,27.66
8/6/2024 10:30,1163.4,27.96
8/6/2024 10:40,1163.4,27.9
8/6/2024 10:50,1163.2,27.79
8/6/2024 11:00,1163.8,27.91
8/6/2024 11:10,1164.8,27.85
8/6/2024 11:20,1166.3,27.93
8/6/2024 11:30,1168.4,27.94
8/6/2024 11:40,1170.8,28.02
8/6/2024 11:50,1174.1,28.05
8/6/2024 12:00,1176.1,28.11
8/6/2024 12:10,1176.4,28.17
8/6/2024 12:20,1178.4,28.25
8/6/2024 12:30,1179.7,28.26
8/6/2024 12:40,1181.7,28.32
8/6/2024 12:50,1182,28.35
8/6/2024 13:00,1184.5,28.42
8/6/2024 13:10,1188.1,28.53
8/6/2024 13:20,1186.9,28.45
8/6/2024 13:30,1186.5,28.47
8/6/2024 13:40,1188.5,28.55
8/6/2024 13:50,1187.2,28.56
8/6/2024 14:00,1189.6,28.63
8/6/2024 14:10,1190,28.64
8/6/2024 14:20,1190.8,28.68
8/6/2024 14:30,1191.6,28.71
8/6/2024 14:40,1192.8,28.75
8/6/2024 14:50,1193.6,28.79
8/6/2024 15:00,1194.8,28.8
8/6/2024 15:10,1194,28.8
8/6/2024 15:20,1191.9,28.77
8/6/2024 15:30,1191.5,28.75
8/6/2024 15:40,1190.4,28.69
8/6/2024 15:50,1189.5,28.68
8/6/2024 16:00,1188.7,28.67
8/6/2024 16:10,1188.8,28.63
8/6/2024 16:20,1188.4,28.6
8/6/2024 16:30,1187.6,28.56
8/6/2024 16:40,1187.2,28.54
8/6/2024 16:50,1187.7,28.52
8/6/2024 17:00,1188.9,28.52
8/6/2024 17:10,1188.9,28.52
8/6/2024 17:20,1188.5,28.51
8/6/2024 17:30,1188.9,28.5
8/6/2024 17:40,1187.7,28.49
8/6/2024 17:50,1187.7,28.47
8/6/2024 18:00,1187.8,28.45
8/6/2024 18:10,1187.8,28.44
8/6/2024 18:20,1187.8,28.41
8/6/2024 18:30,1187,28.38
8/6/2024 18:40,1185.8,28.36
8/6/2024 18:50,1185.4,28.33
8/6/2024 19:00,1186.3,28.3
8/6/2024 19:10,1186.7,28.27
8/6/2024 19:20,1186.8,28.26
8/6/2024 19:30,1186.8,28.22
8/6/2024 19:40,1186,28.2
8/6/2024 19:50,1185.6,28.18
8/6/2024 20:00,1185.2,28.17
8/6/2024 20:10,1185.6,28.14
8/6/2024 20:20,1184.4,28.12
8/6/2024 20:30,1183.2,28.09
8/6/2024 20:40,1182.4,28.07
8/6/2024 20:50,1182,28.04
8/6/2024 21:00,1181.6,28.02
8/6/2024 21:10,1181.2,28
8/6/2024 21:20,1181.3,27.97
8/6/2024 21:30,1180.9,27.94
8/6/2024 21:40,1180.9,27.92
8/6/2024 21:50,1183.5,27.9
8/6/2024 22:00,1182.7,27.86
8/6/2024 22:10,1184,27.84
8/6/2024 22:20,1181.9,27.82
8/6/2024 22:30,1180.3,27.79
8/6/2024 22:40,1180.7,27.77
8/6/2024 22:50,1180.3,27.74
8/6/2024 23:00,1178.7,27.73
8/6/2024 23:10,1178.3,27.7
8/6/2024 23:20,1177.9,27.67
8/6/2024 23:30,1179.1,27.68
8/6/2024 23:40,1180.4,27.67
8/6/2024 23:50,1180.9,27.65
8/7/2024 0:00,1180.5,27.63
8/7/2024 0:10,1180.1,27.61
8/7/2024 0:20,1179.7,27.6
8/7/2024 0:30,1180.9,27.59
8/7/2024 0:40,1181.8,27.57
8/7/2024 0:50,1179.3,27.54
8/7/2024 1:00,1178.9,27.52
8/7/2024 1:10,1177.7,27.51
8/7/2024 1:20,1178.6,27.48
8/7/2024 1:30,1176.1,27.46
8/7/2024 1:40,1176.5,27.43
8/7/2024 1:50,1174.9,27.42
8/7/2024 2:00,1176.2,27.39
8/7/2024 2:10,1175.8,27.37
8/7/2024 2:20,1175.8,27.35
8/7/2024 2:30,1175,27.33
8/7/2024 2:40,1176.3,27.31
8/7/2024 2:50,1175.5,27.28
8/7/2024 3:00,1175.5,27.27
8/7/2024 3:10,1173.9,27.25
8/7/2024 3:20,1174.3,27.22
8/7/2024 3:30,1174.3,27.19
8/7/2024 3:40,1172.7,27.17
8/7/2024 3:50,1175.2,27.16
8/7/2024 4:00,1174.4,27.12
8/7/2024 4:10,1171.5,27.1
8/7/2024 4:20,1172.8,27.07
8/7/2024 4:30,1171.6,27.07
8/7/2024 4:40,1171.2,27.05
8/7/2024 4:50,1170.4,27.01
8/7/2024 5:00,1170,27.01
8/7/2024 5:10,1168.4,26.97
8/7/2024 5:20,1167.1,26.94
8/7/2024 5:30,1166.8,26.92
8/7/2024 5:40,1166.8,26.91
8/7/2024 5:50,1167.7,26.86
8/7/2024 6:00,1168.5,26.85
8/7/2024 6:10,1167.7,26.81
8/7/2024 6:20,1164.8,26.78
8/7/2024 6:30,1165.3,26.76
8/7/2024 6:40,1165.3,26.77
8/7/2024 6:50,1164.9,26.76
8/7/2024 7:00,1165.3,26.76
8/7/2024 7:10,1165.3,26.76
8/7/2024 7:20,1166.5,26.76
8/7/2024 7:30,1167,26.76
8/7/2024 7:40,1166.5,26.78
8/7/2024 7:50,1166.9,26.81
8/7/2024 8:00,1168.1,26.82
8/7/2024 8:10,1168.9,26.84
8/7/2024 8:20,1168.5,26.86
8/7/2024 8:30,1168.1,26.88
8/7/2024 8:40,1168.8,26.93
8/7/2024 8:50,1169.6,27.01
8/7/2024 9:00,1168.4,26.93
8/7/2024 9:10,1167.6,26.94
8/7/2024 9:20,1168.7,27.01
8/7/2024 9:30,1171.1,27.14
8/7/2024 9:40,1169.9,27.05
8/7/2024 9:50,1170.3,27.06
8/7/2024 10:00,1170.7,27.08
8/7/2024 10:10,1171.9,27.11
8/7/2024 10:20,1172.3,27.14
8/7/2024 10:30,1173.1,27.22
8/7/2024 10:40,1171.8,27.23
8/7/2024 10:50,1173.4,27.26
8/7/2024 11:00,1172.9,27.37
8/7/2024 11:10,1174.9,27.37
8/7/2024 11:20,1174.9,27.39
8/7/2024 11:30,1177.4,27.45
8/7/2024 11:40,1179,27.48
8/7/2024 11:50,1181,27.53
8/7/2024 12:00,1181.8,27.57
8/7/2024 12:10,1183.8,27.62
8/7/2024 12:20,1187.1,27.69
8/7/2024 12:30,1188.3,27.74
8/7/2024 12:40,1189.9,27.79
8/7/2024 12:50,1190.7,27.79
8/7/2024 13:00,1193.5,27.91
8/7/2024 13:10,1195.5,27.95
8/7/2024 13:20,1197.1,27.97
8/7/2024 13:30,1199.6,27.97
8/7/2024 13:40,1202.5,28.05
8/7/2024 13:50,1202.8,28.1
8/7/2024 14:00,1202.4,28.12
8/7/2024 14:10,1204,28.13
8/7/2024 14:20,1205.2,28.21
8/7/2024 14:30,1206,28.24
8/7/2024 14:40,1205.6,28.24
8/7/2024 14:50,1205.9,28.27
8/7/2024 15:00,1206.8,28.26
8/7/2024 15:10,1208.8,28.35
8/7/2024 15:20,1208.7,28.36
8/7/2024 15:30,1208.7,28.37
8/7/2024 15:40,1209.1,28.37
8/7/2024 15:50,1209.5,28.39
8/7/2024 16:00,1208.3,28.35
8/7/2024 16:10,1209.6,28.36
8/7/2024 16:20,1208,28.3
8/7/2024 16:30,1207.2,28.28
8/7/2024 16:40,1206.4,28.21
8/7/2024 16:50,1206,28.19
8/7/2024 17:00,1204.4,28.17
8/7/2024 17:10,1202.8,28.13
8/7/2024 17:20,1202.4,28.11
8/7/2024 17:30,1203.3,28.09
8/7/2024 17:40,1202.9,28.05
8/7/2024 17:50,1201.7,28.03
8/7/2024 18:00,1202.1,28.01
8/7/2024 18:10,1201.7,27.99
8/7/2024 18:20,1201.7,27.97
8/7/2024 18:30,1202.6,27.96
8/7/2024 18:40,1201,27.93
8/7/2024 18:50,1201.4,27.92
8/7/2024 19:00,1199.7,27.91
8/7/2024 19:10,1199.8,27.88
8/7/2024 19:20,1200.2,27.87
8/7/2024 19:30,1200.6,27.86
8/7/2024 19:40,1199.8,27.84
8/7/2024 19:50,1199,27.82
8/7/2024 20:00,1199.4,27.8
8/7/2024 20:10,1199.5,27.78
8/7/2024 20:20,1199.5,27.76
8/7/2024 20:30,1200.8,27.75
8/7/2024 20:40,1200.4,27.73
8/7/2024 20:50,1199.6,27.7
8/7/2024 21:00,1199.6,27.68
8/7/2024 21:10,1200.9,27.67
8/7/2024 21:20,1200.1,27.65
8/7/2024 21:30,1198.4,27.63
8/7/2024 21:40,1198.4,27.62
8/7/2024 21:50,1198.5,27.59
8/7/2024 22:00,1198.5,27.58
8/7/2024 22:10,1198.5,27.56
8/7/2024 22:20,1198.1,27.53
8/7/2024 22:30,1198.6,27.5
8/7/2024 22:40,1197.3,27.49
8/7/2024 22:50,1196.5,27.48
8/7/2024 23:00,1195.3,27.44
8/7/2024 23:10,1195.3,27.44
8/7/2024 23:20,1195.8,27.42
8/7/2024 23:30,1195.4,27.4
8/7/2024 23:40,1195,27.39
8/7/2024 23:50,1194.2,27.35
8/8/2024 0:00,1193.8,27.34
8/8/2024 0:10,1193,27.32
8/8/2024 0:20,1192.2,27.31
8/8/2024 0:30,1192.2,27.27
8/8/2024 0:40,1192.6,27.26
8/8/2024 0:50,1190.2,27.23
8/8/2024 1:00,1190.6,27.2
8/8/2024 1:10,1190.6,27.2
8/8/2024 1:20,1190.6,27.18
8/8/2024 1:30,1190.7,27.16
8/8/2024 1:40,1189.4,27.15
8/8/2024 1:50,1189,27.14
8/8/2024 2:00,1189.5,27.1
8/8/2024 2:10,1189.5,27.09
8/8/2024 2:20,1189.1,27.07
8/8/2024 2:30,1187.9,27.05
8/8/2024 2:40,1188.7,27.03
8/8/2024 2:50,1188.4,27.01
8/8/2024 3:00,1188.4,26.99
8/8/2024 3:10,1188.8,26.98
8/8/2024 3:20,1186.3,26.97
8/8/2024 3:30,1184.7,26.93
8/8/2024 3:40,1185.1,26.92
8/8/2024 3:50,1185.2,26.89
8/8/2024 4:00,1183.9,26.88
8/8/2024 4:10,1184,26.84
8/8/2024 4:20,1184.4,26.83
8/8/2024 4:30,1184,26.82
8/8/2024 4:40,1183.2,26.78
8/8/2024 4:50,1183.7,26.76
8/8/2024 5:00,1184.1,26.75
8/8/2024 5:10,1182.9,26.73
8/8/2024 5:20,1183.3,26.71
8/8/2024 5:30,1183.3,26.68
8/8/2024 5:40,1183.4,26.67
8/8/2024 5:50,1183.8,26.64
8/8/2024 6:00,1183,26.6
8/8/2024 6:10,1182.2,26.59
8/8/2024 6:20,1181.4,26.57
8/8/2024 6:30,1180.2,26.54
8/8/2024 6:40,1181,26.55
8/8/2024 6:50,1179.8,26.54
8/8/2024 7:00,1180.2,26.52
8/8/2024 7:10,1180.2,26.54
8/8/2024 7:20,1180.2,26.54
8/8/2024 7:30,1180.6,26.54
8/8/2024 7:40,1181,26.54
8/8/2024 7:50,1181,26.56
8/8/2024 8:00,1181.4,26.57
8/8/2024 8:10,1180.9,26.6
8/8/2024 8:20,1180.5,26.61
8/8/2024 8:30,1180.9,26.63
8/8/2024 8:40,1182,26.74
8/8/2024 8:50,1181.5,26.8
8/8/2024 9:00,1182.8,26.75
8/8/2024 9:10,1182.4,26.75
8/8/2024 9:20,1185.8,27.08
8/8/2024 9:30,1187.7,26.91
8/8/2024 9:40,1185.6,26.88
8/8/2024 9:50,1185.2,26.89
8/8/2024 10:00,1185.9,26.95
8/8/2024 10:10,1187.7,27.17
8/8/2024 10:20,1188.7,27.08
8/8/2024 10:30,1189.8,27.19
8/8/2024 10:40,1191.4,27.26
8/8/2024 10:50,1193,27.26
8/8/2024 11:00,1194.3,27.28
8/8/2024 11:10,1195.5,27.31
8/8/2024 11:20,1196.7,27.37
8/8/2024 11:30,1196.6,27.4
8/8/2024 11:40,1197.4,27.45
8/8/2024 11:50,1199,27.48
8/8/2024 12:00,1200.2,27.53
8/8/2024 12:10,1201,27.54
8/8/2024 12:20,1203.4,27.62
8/8/2024 12:30,1205.4,27.69
8/8/2024 12:40,1207,27.75
8/8/2024 12:50,1208.3,27.77
8/8/2024 13:00,1213.8,27.97
8/8/2024 13:10,1216.3,28.02
8/8/2024 13:20,1215.1,27.96
8/8/2024 13:30,1215.9,28.02
8/8/2024 13:40,1217.5,28.03
8/8/2024 13:50,1221.6,28.11
8/8/2024 14:00,1222,28.16
8/8/2024 14:10,1223.2,28.19
8/8/2024 14:20,1225.6,28.28
8/8/2024 14:30,1224.8,28.25
8/8/2024 14:40,1225.6,28.22
8/8/2024 14:50,1226.8,28.32
8/8/2024 15:00,1228,28.34
8/8/2024 15:10,1228.3,28.38
8/8/2024 15:20,1228.4,28.36
8/8/2024 15:30,1228.8,28.37
8/8/2024 15:40,1228.4,28.36
8/8/2024 15:50,1228.4,28.37
8/8/2024 16:00,1228.8,28.39
8/8/2024 16:10,1235.9,28.37
8/8/2024 16:20,1235.5,28.34
8/8/2024 16:30,1236.3,28.36
8/8/2024 16:40,1235.1,28.33
8/8/2024 16:50,1234.7,28.33
8/8/2024 17:00,1234.7,28.32
8/8/2024 17:10,1226.4,28.3
8/8/2024 17:20,1224.7,28.29
8/8/2024 17:30,1225.6,28.24
8/8/2024 17:40,1225.7,28.2
8/8/2024 17:50,1225.7,28.18
8/8/2024 18:00,1225.7,28.14
8/8/2024 18:10,1227,28.11
8/8/2024 18:20,1226.6,28.1
8/8/2024 18:30,1226.2,28.08
8/8/2024 18:40,1226.3,28.05
8/8/2024 18:50,1225.9,28.04
8/8/2024 19:00,1225.9,28.01
8/8/2024 19:10,1228,28
8/8/2024 19:20,1229.3,27.97
8/8/2024 19:30,1227.2,27.96
8/8/2024 19:40,1226,27.95
8/8/2024 19:50,1224.8,27.94
8/8/2024 20:00,1225.6,27.93
8/8/2024 20:10,1226.1,27.9
8/8/2024 20:20,1226.1,27.87
8/8/2024 20:30,1226.1,27.85
8/8/2024 20:40,1226.6,27.84
8/8/2024 20:50,1227.4,27.8
8/8/2024 21:00,1225.4,27.8
8/8/2024 21:10,1225.8,27.8
8/8/2024 21:20,1226.2,27.78
8/8/2024 21:30,1221.7,27.76
8/8/2024 21:40,1222.5,27.74
8/8/2024 21:50,1220.9,27.73
8/8/2024 22:00,1221.7,27.7
8/8/2024 22:10,1221.3,27.69
8/8/2024 22:20,1223,27.67
8/8/2024 22:30,1220.5,27.67
8/8/2024 22:40,1219.7,27.66
8/8/2024 22:50,1220.6,27.63
8/8/2024 23:00,1221,27.62
8/8/2024 23:10,1225.6,27.6
8/8/2024 23:20,1219.8,27.57
8/8/2024 23:30,1219.8,27.56
8/8/2024 23:40,1220.2,27.57
8/8/2024 23:50,1219.8,27.56
8/9/2024 0:00,1220.7,27.52
8/9/2024 0:10,1221.1,27.51
8/9/2024 0:20,1219.1,27.5
8/9/2024 0:30,1220.8,27.48
8/9/2024 0:40,1219.9,27.48
8/9/2024 0:50,1218.7,27.45
8/9/2024 1:00,1219.1,27.45
8/9/2024 1:10,1218.7,27.44
8/9/2024 1:20,1218.3,27.42
8/9/2024 1:30,1218.3,27.43
8/9/2024 1:40,1221.7,27.41
8/9/2024 1:50,1219.6,27.39
8/9/2024 2:00,1219.2,27.39
8/9/2024 2:10,1221.8,27.36
8/9/2024 2:20,1220.9,27.35
8/9/2024 2:30,1218.4,27.34
8/9/2024 2:40,1218.9,27.33
8/9/2024 2:50,1217.2,27.32
8/9/2024 3:00,1216.4,27.31
8/9/2024 3:10,1217.2,27.29
8/9/2024 3:20,1215.2,27.28
8/9/2024 3:30,1215.2,27.27
8/9/2024 3:40,1215.2,27.26
8/9/2024 3:50,1214.4,27.24
8/9/2024 4:00,1215.2,27.24
8/9/2024 4:10,1214.8,27.22
8/9/2024 4:20,1214.9,27.2
8/9/2024 4:30,1216.1,27.19
8/9/2024 4:40,1214.9,27.18
8/9/2024 4:50,1214.9,27.16
8/9/2024 5:00,1213.3,27.15
8/9/2024 5:10,1213.3,27.14
8/9/2024 5:20,1212.4,27.14
8/9/2024 5:30,1213.7,27.12
8/9/2024 5:40,1213.7,27.11
8/9/2024 5:50,1213.3,27.1
8/9/2024 6:00,1213.4,27.07
8/9/2024 6:10,1215,27.07
8/9/2024 6:20,1200.4,27.03
8/9/2024 6:30,1200.5,27.02
8/9/2024 6:40,1174.2,26.99
8/9/2024 6:50,1187.1,27.01
8/9/2024 7:00,1193,27.01
8/9/2024 7:10,1194.6,27.01
8/9/2024 7:20,1195.8,27.03
8/9/2024 7:30,1195.8,27.03
8/9/2024 7:40,1197.1,27.05
8/9/2024 7:50,1198.3,27.06
8/9/2024 8:00,1198.7,27.06
8/9/2024 8:10,1200,27.07
8/9/2024 8:20,1198.7,27.09
8/9/2024 8:30,1200.3,27.11
8/9/2024 8:40,1199.4,27.19
8/9/2024 8:50,1198.1,27.19
8/9/2024 9:00,1198.1,27.23
8/9/2024 9:10,1198.9,27.23
8/9/2024 9:20,1205.6,27.58
8/9/2024 9:30,1199.2,27.35
8/9/2024 9:40,1200.1,27.33
8/9/2024 9:50,1200.5,27.33
8/9/2024 10:00,1200.5,27.35
8/9/2024 10:10,1202.4,27.44
8/9/2024 10:20,1202,27.44
8/9/2024 10:30,1201.2,27.43
8/9/2024 10:40,1206,27.58
8/9/2024 10:50,1204,27.53
8/9/2024 11:00,1204.8,27.57
8/9/2024 11:10,1203.5,27.6
8/9/2024 11:20,1204.3,27.6
8/9/2024 11:30,1205.9,27.68
8/9/2024 11:40,1210.8,27.75
8/9/2024 11:50,1219.2,27.75
8/9/2024 12:00,1214.1,27.8
8/9/2024 12:10,1214.8,27.87
8/9/2024 12:20,1217.6,27.96
8/9/2024 12:30,1218.4,28.01
8/9/2024 12:40,1218.3,28.04
8/9/2024 12:50,1218.7,28.08
8/9/2024 13:00,1219.5,28.09
8/9/2024 13:10,1216.2,28.05
8/9/2024 13:20,1217.9,28.09
8/9/2024 13:30,1217.9,28.1
8/9/2024 13:40,1217,28.11
8/9/2024 13:50,1217.8,28.16
8/9/2024 14:00,1218.6,28.14
8/9/2024 14:10,1219.4,28.19
8/9/2024 14:20,1219.3,28.25
8/9/2024 14:30,1221.9,28.19
8/9/2024 14:40,1224.3,28.25
8/9/2024 14:50,1225.1,28.32
8/9/2024 15:00,1225.5,28.35
8/9/2024 15:10,1225,28.39
8/9/2024 15:20,1225.4,28.39
8/9/2024 15:30,1225.8,28.42
8/9/2024 15:40,1225.3,28.44
8/9/2024 15:50,1225.3,28.45
8/9/2024 16:00,1226.2,28.46
8/9/2024 16:10,1227.8,28.46
8/9/2024 16:20,1227,28.46
8/9/2024 16:30,1222.5,28.39
8/9/2024 16:40,1224.6,28.37
8/9/2024 16:50,1221.8,28.32
8/9/2024 17:00,1220.9,28.3
8/9/2024 17:10,1219.7,28.28
8/9/2024 17:20,1219.7,28.26
8/9/2024 17:30,1222.3,28.25
8/9/2024 17:40,1222.7,28.26
8/9/2024 17:50,1221.9,28.21
8/9/2024 18:00,1219.4,28.18
8/9/2024 18:10,1219,28.16
8/9/2024 18:20,1215.3,28.12
8/9/2024 18:30,1213.3,28.09
8/9/2024 18:40,1213.3,28.07
8/9/2024 18:50,1213.3,28.04
8/9/2024 19:00,1212.1,28.02
8/9/2024 19:10,1200.9,27.97
8/9/2024 19:20,1196.7,27.96
8/9/2024 19:30,1196.8,27.94
8/9/2024 19:40,1187.2,27.9
8/9/2024 19:50,1184.7,27.88
8/9/2024 20:00,1183.9,27.86
8/9/2024 20:10,1179.8,27.84
8/9/2024 20:20,1175.7,27.8
8/9/2024 20:30,1180.2,27.8
8/9/2024 20:40,1181.5,27.78
8/9/2024 20:50,1187.4,27.77
8/9/2024 21:00,1190.3,27.76
8/9/2024 21:10,1189.9,27.75
8/9/2024 21:20,1192,27.73
8/9/2024 21:30,1192.4,27.73
8/9/2024 21:40,1194.1,27.71
8/9/2024 21:50,1196.2,27.7
8/9/2024 22:00,1195.8,27.69
8/9/2024 22:10,1198.4,27.68
8/9/2024 22:20,1196.7,27.66
8/9/2024 22:30,1195.5,27.65
8/9/2024 22:40,1195.9,27.63
8/9/2024 22:50,1196.3,27.62
8/9/2024 23:00,1193.4,27.61
8/9/2024 23:10,1194.7,27.6
8/9/2024 23:20,1195.5,27.59
8/9/2024 23:30,1197.2,27.58
8/9/2024 23:40,1197.2,27.57
8/9/2024 23:50,1198.5,27.54
8/10/2024 0:00,1195.6,27.53
8/10/2024 0:10,1194.4,27.51
8/10/2024 0:20,1191.1,27.5
8/10/2024 0:30,1191.1,27.48
8/10/2024 0:40,1187.8,27.46
8/10/2024 0:50,1190.3,27.46
8/10/2024 1:00,1191.2,27.43
8/10/2024 1:10,1188.2,27.43
8/10/2024 1:20,1190.8,27.41
8/10/2024 1:30,1189.1,27.41
8/10/2024 1:40,1187.5,27.39
8/10/2024 1:50,1187.9,27.37
8/10/2024 2:00,1189.2,27.35
8/10/2024 2:10,1189.2,27.35
8/10/2024 2:20,1190.9,27.33
8/10/2024 2:30,1191.7,27.33
8/10/2024 2:40,1193,27.32
8/10/2024 2:50,1193.8,27.31
8/10/2024 3:00,1193.4,27.31
8/10/2024 3:10,1192.6,27.29
8/10/2024 3:20,1192.6,27.29
8/10/2024 3:30,1195.1,27.27
8/10/2024 3:40,1196.4,27.26
8/10/2024 3:50,1191.8,27.26
8/10/2024 4:00,1193.5,27.25
8/10/2024 4:10,1192.2,27.24
8/10/2024 4:20,1191.4,27.24
8/10/2024 4:30,1193.1,27.24
8/10/2024 4:40,1193.9,27.22
8/10/2024 4:50,1194.4,27.2
8/10/2024 5:00,1193.1,27.19
8/10/2024 5:10,1191.9,27.19
8/10/2024 5:20,1190.7,27.17
8/10/2024 5:30,1191.1,27.17
8/10/2024 5:40,1191.5,27.16
8/10/2024 5:50,1191.5,27.14
8/10/2024 6:00,1190.7,27.12
8/10/2024 6:10,1191.1,27.11
8/10/2024 6:20,1193.3,27.1
8/10/2024 6:30,1189.5,27.08
8/10/2024 6:40,1189.1,27.06
8/10/2024 6:50,1189.1,27.06
8/10/2024 7:00,1189.5,27.07
8/10/2024 7:10,1190.4,27.05
8/10/2024 7:20,1190,27.07
8/10/2024 7:30,1190.8,27.07
8/10/2024 7:40,1190.8,27.07
8/10/2024 7:50,1193.3,27.09
8/10/2024 8:00,1196.2,27.09
8/10/2024 8:10,1196.6,27.1
8/10/2024 8:20,1197,27.11
8/10/2024 8:30,1197,27.14
8/10/2024 8:40,1199,27.22
8/10/2024 8:50,1199.3,27.25
8/10/2024 9:00,1198.5,27.22
8/10/2024 9:10,1198.1,27.23
8/10/2024 9:20,1198.9,27.23
8/10/2024 9:30,1193.1,27.23
8/10/2024 9:40,1193.5,27.25
8/10/2024 9:50,1195.1,27.27
8/10/2024 10:00,1196.4,27.28
8/10/2024 10:10,1197.2,27.28
8/10/2024 10:20,1197.6,27.27
8/10/2024 10:30,1196.4,27.27
8/10/2024 10:40,1193,27.31
8/10/2024 10:50,1194.1,27.39
8/10/2024 11:00,1194.5,27.4
8/10/2024 11:10,1196.2,27.43
8/10/2024 11:20,1197.3,27.49
8/10/2024 11:30,1197.3,27.51
8/10/2024 11:40,1198.2,27.51
8/10/2024 11:50,1199,27.5
8/10/2024 12:00,1199.9,27.49
8/10/2024 12:10,1200.3,27.46
8/10/2024 12:20,1199.9,27.46
8/10/2024 12:30,1199.5,27.45
8/10/2024 12:40,1201.1,27.48
8/10/2024 12:50,1202.3,27.51
8/10/2024 13:00,1203.9,27.59
8/10/2024 13:10,1205,27.71
8/10/2024 13:20,1208,27.68
8/10/2024 13:30,1207.9,27.73
8/10/2024 13:40,1209.9,27.77
8/10/2024 13:50,1211.2,27.79
8/10/2024 14:00,1211.9,27.86
8/10/2024 14:10,1212.3,27.91
8/10/2024 14:20,1213.5,27.93
8/10/2024 14:30,1214.2,27.99
8/10/2024 14:40,1214.2,28.02
8/10/2024 14:50,1214.5,28.09
8/10/2024 15:00,1212.5,28.04
8/10/2024 15:10,1212,28.09
8/10/2024 15:20,1213.6,28.17
8/10/2024 15:30,1213.6,28.17
8/10/2024 15:40,1211.5,28.17
8/10/2024 15:50,1211.5,28.16
8/10/2024 16:00,1212.4,28.12
8/10/2024 16:10,1212.8,28.14
8/10/2024 16:20,1213.2,28.14
8/10/2024 16:30,1214.4,28.17
8/10/2024 16:40,1214.4,28.16
8/10/2024 16:50,1214,28.16
8/10/2024 17:00,1214.5,28.14
8/10/2024 17:10,1214.5,28.12
8/10/2024 17:20,1214.1,28.12
8/10/2024 17:30,1213.7,28.1
8/10/2024 17:40,1212.4,28.1
8/10/2024 17:50,1213.3,28.09
8/10/2024 18:00,1212.9,28.07
8/10/2024 18:10,1213.3,28.05
8/10/2024 18:20,1213.3,28.05
8/10/2024 18:30,1213.4,28.03
8/10/2024 18:40,1212.1,28.02
8/10/2024 18:50,1212.1,28
8/10/2024 19:00,1212.2,27.99
8/10/2024 19:10,1211.8,27.97
8/10/2024 19:20,1210.6,27.93
8/10/2024 19:30,1208.1,27.9
8/10/2024 19:40,1207.3,27.87
8/10/2024 19:50,1206.5,27.85
8/10/2024 20:00,1206.5,27.82
8/10/2024 20:10,1205.3,27.78
8/10/2024 20:20,1204.5,27.76
8/10/2024 20:30,1204.5,27.74
8/10/2024 20:40,1204.6,27.7
8/10/2024 20:50,1204.2,27.68
8/10/2024 21:00,1204.2,27.65
8/10/2024 21:10,1204.3,27.6
8/10/2024 21:20,1201,27.56
8/10/2024 21:30,1200.6,27.53
8/10/2024 21:40,1199.8,27.51
8/10/2024 21:50,1202.3,27.51
8/10/2024 22:00,1204.4,27.5
8/10/2024 22:10,1203.6,27.48
8/10/2024 22:20,1204.5,27.48
8/10/2024 22:30,1205.3,27.46
8/10/2024 22:40,1205.3,27.45
8/10/2024 22:50,1204.9,27.43
8/10/2024 23:00,1204.1,27.41
8/10/2024 23:10,1204.6,27.4
8/10/2024 23:20,1204.2,27.37
8/10/2024 23:30,1203.8,27.35
8/10/2024 23:40,1203.8,27.34
8/10/2024 23:50,1202.2,27.32
8/11/2024 0:00,1202.6,27.29
8/11/2024 0:10,1201.8,27.27
8/11/2024 0:20,1200.2,27.25
8/11/2024 0:30,1200.6,27.24
8/11/2024 0:40,1199,27.22
8/11/2024 0:50,1199.4,27.2
8/11/2024 1:00,1199.8,27.18
8/11/2024 1:10,1199.4,27.16
8/11/2024 1:20,1198.2,27.12
8/11/2024 1:30,1198.3,27.11
8/11/2024 1:40,1198.3,27.1
8/11/2024 1:50,1197.9,27.08
8/11/2024 2:00,1197.1,27.06
8/11/2024 2:10,1196.3,27.05
8/11/2024 2:20,1195.4,27.02
8/11/2024 2:30,1195.5,27.01
8/11/2024 2:40,1195.1,27
8/11/2024 2:50,1195.9,26.98
8/11/2024 3:00,1194.7,26.94
8/11/2024 3:10,1193.9,26.93
8/11/2024 3:20,1193.5,26.92
8/11/2024 3:30,1193.5,26.91
8/11/2024 3:40,1196.5,26.89
8/11/2024 3:50,1193.6,26.86
8/11/2024 4:00,1192.7,26.85
8/11/2024 4:10,1191.5,26.83
8/11/2024 4:20,1192.4,26.82
8/11/2024 4:30,1191.1,26.8
8/11/2024 4:40,1191.2,26.77
8/11/2024 4:50,1191.6,26.76
8/11/2024 5:00,1191.2,26.75
8/11/2024 5:10,1191.6,26.73
8/11/2024 5:20,1190.4,26.72
8/11/2024 5:30,1190,26.71
8/11/2024 5:40,1190,26.67
8/11/2024 5:50,1191.3,26.65
8/11/2024 6:00,1190.1,26.63
8/11/2024 6:10,1190.1,26.59
8/11/2024 6:20,1190.2,26.58
8/11/2024 6:30,1191.4,26.58
8/11/2024 6:40,1190.2,26.58
8/11/2024 6:50,1189.3,26.58
8/11/2024 7:00,1187.7,26.57
8/11/2024 7:10,1187.7,26.58
8/11/2024 7:20,1187.2,26.58
8/11/2024 7:30,1187.6,26.59
8/11/2024 7:40,1187.6,26.6
8/11/2024 7:50,1186.8,26.61
8/11/2024 8:00,1186.7,26.64
8/11/2024 8:10,1186.7,26.67
8/11/2024 8:20,1186.7,26.68
8/11/2024 8:30,1186.7,26.69
8/11/2024 8:40,1189.8,26.86
8/11/2024 8:50,1192.5,27.03
8/11/2024 9:00,1189.9,26.8
8/11/2024 9:10,1189.8,26.83
8/11/2024 9:20,1189.4,26.86
8/11/2024 9:30,1190.6,26.9
8/11/2024 9:40,1190.5,26.94
8/11/2024 9:50,1190.9,26.97
8/11/2024 10:00,1191.3,26.97
8/11/2024 10:10,1194.4,27.16
8/11/2024 10:20,1194.6,27.06
8/11/2024 10:30,1195.8,27.08
8/11/2024 10:40,1195.7,27.11
8/11/2024 10:50,1196.5,27.16
8/11/2024 11:00,1196.9,27.18
8/11/2024 11:10,1199.2,27.32
8/11/2024 11:20,1200.9,27.32
8/11/2024 11:30,1202,27.41
8/11/2024 11:40,1202.9,27.43
8/11/2024 11:50,1204.9,27.49
8/11/2024 12:00,1206.5,27.56
8/11/2024 12:10,1208.1,27.6
8/11/2024 12:20,1208.4,27.67
8/11/2024 12:30,1213.2,27.84
8/11/2024 12:40,1212.8,27.78
8/11/2024 12:50,1213.6,27.82
8/11/2024 13:00,1217.2,27.99
8/11/2024 13:10,1217.2,27.93
8/11/2024 13:20,1217.2,27.96
8/11/2024 13:30,1217.2,27.94
8/11/2024 13:40,1217.6,27.95
8/11/2024 13:50,1218.4,27.99
8/11/2024 14:00,1218,27.97
8/11/2024 14:10,1218.8,28
8/11/2024 14:20,1220.9,28.04
8/11/2024 14:30,1220.4,28.07
8/11/2024 14:40,1221.6,28.12
8/11/2024 14:50,1222.8,28.14
8/11/2024 15:00,1222.8,28.12
8/11/2024 15:10,1222.9,28.1
8/11/2024 15:20,1222.5,28.07
8/11/2024 15:30,1222.9,28.04
8/11/2024 15:40,1222.1,28.02
8/11/2024 15:50,1222.2,28
8/11/2024 16:00,1221.4,27.96
8/11/2024 16:10,1220.1,27.95
8/11/2024 16:20,1218.9,27.93
8/11/2024 16:30,1218.9,27.93
8/11/2024 16:40,1218.9,27.92
8/11/2024 16:50,1218.5,27.91
8/11/2024 17:00,1218.1,27.9
8/11/2024 17:10,1217.3,27.88
8/11/2024 17:20,1217.3,27.88
8/11/2024 17:30,1216.9,27.87
8/11/2024 17:40,1216.9,27.86
8/11/2024 17:50,1217.4,27.85
8/11/2024 18:00,1216.9,27.84
8/11/2024 18:10,1216.9,27.84
8/11/2024 18:20,1216.1,27.83
8/11/2024 18:30,1216.2,27.8
8/11/2024 18:40,1215.8,27.79
8/11/2024 18:50,1216.6,27.77
8/11/2024 19:00,1217.5,27.75
8/11/2024 19:10,1215,27.7
8/11/2024 19:20,1215.1,27.68
8/11/2024 19:30,1216.3,27.67
8/11/2024 19:40,1217.2,27.65
8/11/2024 19:50,1216.4,27.63
8/11/2024 20:00,1215.6,27.6
8/11/2024 20:10,1215.2,27.59
8/11/2024 20:20,1214,27.56
8/11/2024 20:30,1214.8,27.54
8/11/2024 20:40,1214.5,27.51
8/11/2024 20:50,1214.9,27.5
8/11/2024 21:00,1214.1,27.46
8/11/2024 21:10,1214.5,27.45
8/11/2024 21:20,1214.6,27.43
8/11/2024 21:30,1215.8,27.42
8/11/2024 21:40,1215.9,27.4
8/11/2024 21:50,1216.3,27.37
8/11/2024 22:00,1213.8,27.35
8/11/2024 22:10,1213.4,27.34
8/11/2024 22:20,1213.5,27.32
8/11/2024 22:30,1213.5,27.31
8/11/2024 22:40,1213.5,27.28
8/11/2024 22:50,1212.7,27.27
8/11/2024 23:00,1211,27.26
8/11/2024 23:10,1212.3,27.24
8/11/2024 23:20,1212.3,27.23
8/11/2024 23:30,1211.1,27.22
8/11/2024 23:40,1212.4,27.19
8/11/2024 23:50,1209.9,27.18
8/12/2024 0:00,1209.1,27.14
8/12/2024 0:10,1209.1,27.16
8/12/2024 0:20,1208.7,27.14
8/12/2024 0:30,1209.1,27.12
8/12/2024 0:40,1208.7,27.1
8/12/2024 0:50,1208.3,27.09
8/12/2024 1:00,1207.1,27.08
8/12/2024 1:10,1206.7,27.06
8/12/2024 1:20,1206.3,27.03
8/12/2024 1:30,1205.1,27.01
8/12/2024 1:40,1204.3,27
8/12/2024 1:50,1204.7,26.99
8/12/2024 2:00,1204.3,26.98
8/12/2024 2:10,1204.3,26.97
8/12/2024 2:20,1204.3,26.95
8/12/2024 2:30,1204.3,26.93
8/12/2024 2:40,1204,26.9
8/12/2024 2:50,1204.4,26.89
8/12/2024 3:00,1204,26.88
8/12/2024 3:10,1203.6,26.86
8/12/2024 3:20,1203.2,26.84
8/12/2024 3:30,1202.8,26.83
8/12/2024 3:40,1202.4,26.8
8/12/2024 3:50,1202,26.8
8/12/2024 4:00,1202,26.78
8/12/2024 4:10,1202.1,26.76
8/12/2024 4:20,1202.1,26.75
8/12/2024 4:30,1200.8,26.73
8/12/2024 4:40,1201.7,26.71
8/12/2024 4:50,1200.9,26.69
8/12/2024 5:00,1200.1,26.67
8/12/2024 5:10,1200.9,26.66
8/12/2024 5:20,1201.8,26.65
8/12/2024 5:30,1202.6,26.63
8/12/2024 5:40,1203.5,26.63
8/12/2024 5:50,1203.1,26.61
8/12/2024 6:00,1202.3,26.58
8/12/2024 6:10,1202.3,26.57
8/12/2024 6:20,1201.9,26.56
8/12/2024 6:30,1202.3,26.56
8/12/2024 6:40,1201.5,26.55
8/12/2024 6:50,1201.1,26.54
8/12/2024 7:00,1201.5,26.54
8/12/2024 7:10,1201.1,26.54
8/12/2024 7:20,1200.2,26.56
8/12/2024 7:30,1199.4,26.56
8/12/2024 7:40,1199.8,26.57
8/12/2024 7:50,1198.9,26.58
8/12/2024 8:00,1198.9,26.6
8/12/2024 8:10,1197.6,26.68
8/12/2024 8:20,1197.1,26.68
8/12/2024 8:30,1197.5,26.72
8/12/2024 8:40,1198.6,26.83
8/12/2024 8:50,1201.3,27.01
8/12/2024 9:00,1201.2,26.81
8/12/2024 9:10,1201.5,26.84
8/12/2024 9:20,1201.9,26.88
8/12/2024 9:30,1204.4,26.91
8/12/2024 9:40,1204.3,26.94
8/12/2024 9:50,1205.5,26.98
8/12/2024 10:00,1205.9,27.01
8/12/2024 10:10,1207.8,27.17
8/12/2024 10:20,1210.4,27.09
8/12/2024 10:30,1210.6,27.25
8/12/2024 10:40,1211.7,27.36
8/12/2024 10:50,1213.5,27.28
8/12/2024 11:00,1215.4,27.43
8/12/2024 11:10,1217.1,27.44
8/12/2024 11:20,1217,27.46
8/12/2024 11:30,1217.8,27.52
8/12/2024 11:40,1218.6,27.54
8/12/2024 11:50,1221.8,27.63
8/12/2024 12:00,1222.2,27.67
8/12/2024 12:10,1223.4,27.67
8/12/2024 12:20,1222.2,27.62
8/12/2024 12:30,1225.8,27.8
8/12/2024 12:40,1226.2,27.83
8/12/2024 12:50,1229,27.92
8/12/2024 13:00,1230.5,28.02
8/12/2024 13:10,1233,28.07
8/12/2024 13:20,1233.8,28.05
8/12/2024 13:30,1236.7,28.11
8/12/2024 13:40,1237,28.16
8/12/2024 13:50,1237,28.18
8/12/2024 14:00,1240.2,28.26
8/12/2024 14:10,1239.8,28.25
8/12/2024 14:20,1239.7,28.3
8/12/2024 14:30,1239.7,28.3
8/12/2024 14:40,1240.6,28.3
8/12/2024 14:50,1240.2,28.3
8/12/2024 15:00,1241,28.34
8/12/2024 15:10,1242.1,28.38
8/12/2024 15:20,1242.9,28.42
8/12/2024 15:30,1242.6,28.39
8/12/2024 15:40,1243,28.41
8/12/2024 15:50,1241.4,28.34
8/12/2024 16:00,1242.2,28.36
8/12/2024 16:10,1241.8,28.35
8/12/2024 16:20,1243.4,28.35
8/12/2024 16:30,1243.1,28.33
8/12/2024 16:40,1242.7,28.3
8/12/2024 16:50,1243.5,28.28
8/12/2024 17:00,1242.7,28.26
8/12/2024 17:10,1243.6,28.24
8/12/2024 17:20,1243.2,28.22
8/12/2024 17:30,1242.4,28.2
8/12/2024 17:40,1242.4,28.18
8/12/2024 17:50,1242,28.17
8/12/2024 18:00,1242.5,28.14
8/12/2024 18:10,1242.5,28.12
8/12/2024 18:20,1242.5,28.1
8/12/2024 18:30,1242.6,28.08
8/12/2024 18:40,1242.6,28.05
8/12/2024 18:50,1241.8,28.04
8/12/2024 19:00,1241.8,28.01
8/12/2024 19:10,1242.7,28
8/12/2024 19:20,1244,27.97
8/12/2024 19:30,1244.8,27.96
8/12/2024 19:40,1244.8,27.94
8/12/2024 19:50,1246.5,27.92
8/12/2024 20:00,1242.8,27.92
8/12/2024 20:10,1242.8,27.9
8/12/2024 20:20,1242.8,27.87
8/12/2024 20:30,1241.6,27.87
8/12/2024 20:40,1241.2,27.85
8/12/2024 20:50,1240.4,27.84
8/12/2024 21:00,1240.4,27.83
8/12/2024 21:10,1240,27.8
8/12/2024 21:20,1240.4,27.8
8/12/2024 21:30,1240.4,27.79
8/12/2024 21:40,1240,27.77
8/12/2024 21:50,1239.2,27.77
8/12/2024 22:00,1239.2,27.76
8/12/2024 22:10,1239.2,27.75
8/12/2024 22:20,1238.8,27.75
8/12/2024 22:30,1238.8,27.74
8/12/2024 22:40,1239.3,27.73
8/12/2024 22:50,1238,27.7
8/12/2024 23:00,1238,27.7
8/12/2024 23:10,1237.6,27.69
8/12/2024 23:20,1237.7,27.67
8/12/2024 23:30,1237.7,27.66
8/12/2024 23:40,1237.7,27.65
8/12/2024 23:50,1237.3,27.65
8/13/2024 0:00,1236.9,27.65
8/13/2024 0:10,1236.9,27.63
8/13/2024 0:20,1236,27.63
8/13/2024 0:30,1235.2,27.62
8/13/2024 0:40,1235.6,27.62
8/13/2024 0:50,1236.5,27.61
8/13/2024 1:00,1236.5,27.61
8/13/2024 1:10,1236.1,27.61
8/13/2024 1:20,1236.9,27.6
8/13/2024 1:30,1237.3,27.6
8/13/2024 1:40,1237.8,27.59
8/13/2024 1:50,1237.3,27.6
8/13/2024 2:00,1236.5,27.58
8/13/2024 2:10,1237,27.56
8/13/2024 2:20,1237.4,27.56
8/13/2024 2:30,1238.3,27.54
8/13/2024 2:40,1238.3,27.53
8/13/2024 2:50,1237.9,27.52
8/13/2024 3:00,1237.5,27.51
8/13/2024 3:10,1237,27.51
8/13/2024 3:20,1235.8,27.51
8/13/2024 3:30,1236.2,27.5
8/13/2024 3:40,1236.2,27.49
8/13/2024 3:50,1236.3,27.48
8/13/2024 4:00,1236.7,27.45
8/13/2024 4:10,1236.3,27.45
8/13/2024 4:20,1235,27.45
8/13/2024 4:30,1234.2,27.44
8/13/2024 4:40,1233.8,27.42
8/13/2024 4:50,1233.8,27.42
8/13/2024 5:00,1233.8,27.42
8/13/2024 5:10,1233.8,27.41
8/13/2024 5:20,1234.7,27.41
8/13/2024 5:30,1234.3,27.39
8/13/2024 5:40,1234.3,27.39
8/13/2024 5:50,1234.3,27.37
8/13/2024 6:00,1233.9,27.36
8/13/2024 6:10,1233.9,27.35
8/13/2024 6:20,1233.9,27.34
8/13/2024 6:30,1234.3,27.34
8/13/2024 6:40,1235.2,27.34
8/13/2024 6:50,1234.3,27.34
8/13/2024 7:00,1234.3,27.34
8/13/2024 7:10,1235.2,27.35
8/13/2024 7:20,1235.2,27.35
8/13/2024 7:30,1236.8,27.36
8/13/2024 7:40,1236.4,27.39
8/13/2024 7:50,1236.4,27.4
8/13/2024 8:00,1235.1,27.42
8/13/2024 8:10,1233.8,27.43
8/13/2024 8:20,1233,27.44
8/13/2024 8:30,1233.7,27.48
8/13/2024 8:40,1233.6,27.58
8/13/2024 8:50,1232.4,27.53
8/13/2024 9:00,1234.9,27.53
8/13/2024 9:10,1236.1,27.57
8/13/2024 9:20,1236.5,27.59
8/13/2024 9:30,1237.3,27.63
8/13/2024 9:40,1241,27.65
8/13/2024 9:50,1242.6,27.7
8/13/2024 10:00,1241.8,27.73
8/13/2024 10:10,1241.7,27.77
8/13/2024 10:20,1243.4,27.78
8/13/2024 10:30,1244.1,27.85
8/13/2024 10:40,1245.3,27.92
8/13/2024 10:50,1242,27.87
8/13/2024 11:00,1238.6,27.9
8/13/2024 11:10,1239.1,27.88
8/13/2024 11:20,1239.1,27.86
8/13/2024 11:30,1241.1,27.92
8/13/2024 11:40,1242.7,27.95
8/13/2024 11:50,1243.9,28.04
8/13/2024 12:00,1247.5,28.11
8/13/2024 12:10,1250.8,28.17
8/13/2024 12:20,1250.4,28.18
8/13/2024 12:30,1253.6,28.29
8/13/2024 12:40,1252.7,28.35
8/13/2024 12:50,1255.5,28.43
8/13/2024 13:00,1255.1,28.39
8/13/2024 13:10,1248.2,28.26
8/13/2024 13:20,1240.3,28.18
8/13/2024 13:30,1236.2,28.13
8/13/2024 13:40,1237.5,28.11
8/13/2024 13:50,1243.2,28.2
8/13/2024 14:00,1244.4,28.26
8/13/2024 14:10,1243.2,28.25
8/13/2024 14:20,1244.8,28.28
8/13/2024 14:30,1246.9,28.29
8/13/2024 14:40,1250.5,28.37
8/13/2024 14:50,1252.1,28.43
8/13/2024 15:00,1253.4,28.43
8/13/2024 15:10,1253.4,28.41
8/13/2024 15:20,1253.8,28.39
8/13/2024 15:30,1254.3,28.38
8/13/2024 15:40,1255.9,28.44
8/13/2024 15:50,1256.3,28.45
8/13/2024 16:00,1256.3,28.44
8/13/2024 16:10,1256.7,28.43
8/13/2024 16:20,1255.9,28.39
8/13/2024 16:30,1255.2,28.35
8/13/2024 16:40,1254.8,28.34
8/13/2024 16:50,1255.2,28.35
8/13/2024 17:00,1254.4,28.33
8/13/2024 17:10,1254.4,28.3
8/13/2024 17:20,1254.4,28.29
8/13/2024 17:30,1254,28.26
8/13/2024 17:40,1251.1,28.25
8/13/2024 17:50,1251.1,28.25
8/13/2024 18:00,1251.2,28.21
8/13/2024 18:10,1250.8,28.19
8/13/2024 18:20,1251.6,28.18
8/13/2024 18:30,1251.7,28.16
8/13/2024 18:40,1250.8,28.14
8/13/2024 18:50,1252.1,28.11
8/13/2024 19:00,1252.2,28.07
8/13/2024 19:10,1252.2,28.05
8/13/2024 19:20,1252.2,28.05
8/13/2024 19:30,1252.7,28.03
8/13/2024 19:40,1253.5,28.01
8/13/2024 19:50,1253.6,28
8/13/2024 20:00,1249.4,27.99
8/13/2024 20:10,1247.3,27.96
8/13/2024 20:20,1246.1,27.95
8/13/2024 20:30,1246.9,27.94
8/13/2024 20:40,1247,27.92
8/13/2024 20:50,1245.7,27.91
8/13/2024 21:00,1245.7,27.9
8/13/2024 21:10,1247,27.9
8/13/2024 21:20,1246.2,27.88
8/13/2024 21:30,1245,27.85
8/13/2024 21:40,1245.4,27.85
8/13/2024 21:50,1246.2,27.84
8/13/2024 22:00,1246.2,27.83
8/13/2024 22:10,1247.5,27.82
8/13/2024 22:20,1248.8,27.8
8/13/2024 22:30,1249.2,27.79
8/13/2024 22:40,1247.6,27.78
8/13/2024 22:50,1246.7,27.78
8/13/2024 23:00,1247.6,27.77
8/13/2024 23:10,1248.9,27.75
8/13/2024 23:20,1248.8,27.76
8/13/2024 23:30,1250.1,27.75
8/13/2024 23:40,1249.3,27.75
8/13/2024 23:50,1248.9,27.75
8/14/2024 0:00,1248.1,27.73
8/14/2024 0:10,1248.9,27.73
8/14/2024 0:20,1248.1,27.71
8/14/2024 0:30,1246.4,27.69
8/14/2024 0:40,1247.7,27.69
8/14/2024 0:50,1247.3,27.68
8/14/2024 1:00,1246.4,27.68
8/14/2024 1:10,1246.5,27.66
8/14/2024 1:20,1246.5,27.65
8/14/2024 1:30,1246.5,27.63
8/14/2024 1:40,1247,27.61
8/14/2024 1:50,1243.6,27.61
8/14/2024 2:00,1243.6,27.59
8/14/2024 2:10,1244.1,27.56
8/14/2024 2:20,1242.9,27.53
8/14/2024 2:30,1242.1,27.51
8/14/2024 2:40,1241.7,27.5
8/14/2024 2:50,1241.3,27.48
8/14/2024 3:00,1240.9,27.45
8/14/2024 3:10,1240.9,27.43
8/14/2024 3:20,1240.1,27.4
8/14/2024 3:30,1239.7,27.4
8/14/2024 3:40,1239.3,27.37
8/14/2024 3:50,1238.5,27.34
8/14/2024 4:00,1237.7,27.34
8/14/2024 4:10,1238.1,27.34
8/14/2024 4:20,1238.5,27.34
8/14/2024 4:30,1237.3,27.32
8/14/2024 4:40,1237.3,27.32
8/14/2024 4:50,1238.1,27.32
8/14/2024 5:00,1237.8,27.29
8/14/2024 5:10,1238.6,27.27
8/14/2024 5:20,1238.7,27.25
8/14/2024 5:30,1239.1,27.26
8/14/2024 5:40,1237.4,27.24
8/14/2024 5:50,1236.6,27.22
8/14/2024 6:00,1237.5,27.19
8/14/2024 6:10,1231.6,27.17
8/14/2024 6:20,1227.5,27.15
8/14/2024 6:30,1225.9,27.11
8/14/2024 6:40,1221.7,27.09
8/14/2024 6:50,1218.4,27.08
8/14/2024 7:00,1212.6,27.05
8/14/2024 7:10,1206.7,27.01
8/14/2024 7:20,1201.4,26.95
8/14/2024 7:30,1199.4,26.91
8/14/2024 7:40,1182.8,26.82
8/14/2024 7:50,1166.9,26.78
8/14/2024 8:00,1178.6,26.82
8/14/2024 8:10,1175.7,26.76
8/14/2024 8:20,1170.3,26.73
8/14/2024 8:30,1162.9,26.71
8/14/2024 8:40,1163.7,26.72
8/14/2024 8:50,1172,26.73
8/14/2024 9:00,1165.8,26.67
8/14/2024 9:10,1164.6,26.66
8/14/2024 9:20,1158.8,26.6
8/14/2024 9:30,1152.2,26.52
8/14/2024 9:40,1144.8,26.46
8/14/2024 9:50,1141.9,26.43
8/14/2024 10:00,1138.2,26.4
8/14/2024 10:10,1135.3,26.4
8/14/2024 10:20,1133.2,26.38
8/14/2024 10:30,1127.4,26.34
8/14/2024 10:40,1121.2,26.32
8/14/2024 10:50,1110.4,26.29
8/14/2024 11:00,1105,26.26
8/14/2024 11:10,1102.6,26.25
8/14/2024 11:20,1099.2,26.24
8/14/2024 11:30,1090.5,26.22
8/14/2024 11:40,1087.6,26.22
8/14/2024 11:50,1089.3,26.24
8/14/2024 12:00,1092.1,26.27
8/14/2024 12:10,1095.1,26.23
8/14/2024 12:20,1087.6,26.2
8/14/2024 12:30,1086,26.21
8/14/2024 12:40,1086.4,26.23
8/14/2024 12:50,1088.8,26.24
8/14/2024 13:00,1090.1,26.24
8/14/2024 13:10,1090.9,26.25
8/14/2024 13:20,1093,26.26
8/14/2024 13:30,1093,26.26
8/14/2024 13:40,1094.6,26.26
8/14/2024 13:50,1094.6,26.25
8/14/2024 14:00,1094.2,26.25
8/14/2024 14:10,1094.6,26.25
8/14/2024 14:20,1095.9,26.26
8/14/2024 14:30,1097.1,26.26
8/14/2024 14:40,1086,26.2
8/14/2024 14:50,1066.1,26.16
8/14/2024 15:00,1057.4,26.14
8/14/2024 15:10,1047.8,26.12
8/14/2024 15:20,1044.5,26.12
8/14/2024 15:30,1043.7,26.12
8/14/2024 15:40,1042.5,26.1
8/14/2024 15:50,1040,26.09
8/14/2024 16:00,1040,26.1
8/14/2024 16:10,1037.5,26.09
8/14/2024 16:20,1035.8,26.09
8/14/2024 16:30,1036.7,26.1
8/14/2024 16:40,1037.9,26.09
8/14/2024 16:50,1038.7,26.09
8/14/2024 17:00,1036.7,26.06
8/14/2024 17:10,1029.7,26.05
8/14/2024 17:20,1026.4,26.04
8/14/2024 17:30,1025.9,26.06
8/14/2024 17:40,1024.7,26.05
8/14/2024 17:50,1025.5,26.04
8/14/2024 18:00,1026.8,26.04
8/14/2024 18:10,1027.2,26.01
8/14/2024 18:20,1025.6,26
8/14/2024 18:30,1023.1,26
8/14/2024 18:40,1022.3,26
8/14/2024 18:50,1021.8,26.01
8/14/2024 19:00,1021.8,25.99
8/14/2024 19:10,1020.6,26
8/14/2024 19:20,1021,25.99
8/14/2024 19:30,1021.8,26
8/14/2024 19:40,1022.3,25.99
8/14/2024 19:50,1022.3,25.97
8/14/2024 20:00,1022.3,25.96
8/14/2024 20:10,1019.8,25.95
8/14/2024 20:20,1019,25.93
8/14/2024 20:30,1017.8,25.93
8/14/2024 20:40,1017.4,25.92
8/14/2024 20:50,1015.7,25.91
8/14/2024 21:00,1016.1,25.91
8/14/2024 21:10,1016.1,25.91
8/14/2024 21:20,1016.5,25.91
8/14/2024 21:30,1017,25.91
8/14/2024 21:40,1017,25.9
8/14/2024 21:50,1016.6,25.9
8/14/2024 22:00,1017.4,25.9
8/14/2024 22:10,1017.4,25.9
8/14/2024 22:20,1017.4,25.9
8/14/2024 22:30,1017.8,25.89
8/14/2024 22:40,1017.4,25.88
8/14/2024 22:50,1017.8,25.87
8/14/2024 23:00,1017.4,25.87
8/14/2024 23:10,1017.4,25.86
8/14/2024 23:20,1016.6,25.84
8/14/2024 23:30,1015.8,25.84
8/14/2024 23:40,1015.4,25.83
8/14/2024 23:50,1013.7,25.82
8/15/2024 0:00,1013.3,25.81
8/15/2024 0:10,1012.5,25.81
8/15/2024 0:20,1011.3,25.8
8/15/2024 0:30,1010.5,25.8
8/15/2024 0:40,1009.2,25.8
8/15/2024 0:50,1009.6,25.79
8/15/2024 1:00,1010.5,25.78
8/15/2024 1:10,1010.1,25.76
8/15/2024 1:20,1008,25.75
8/15/2024 1:30,1007.2,25.75
8/15/2024 1:40,1007.2,25.74
8/15/2024 1:50,1007.2,25.74
8/15/2024 2:00,1006.8,25.74
8/15/2024 2:10,1006.4,25.74
8/15/2024 2:20,1006,25.72
8/15/2024 2:30,1005.1,25.73
8/15/2024 2:40,1004.3,25.72
8/15/2024 2:50,1003.9,25.72
8/15/2024 3:00,1004.8,25.71
8/15/2024 3:10,1003.9,25.7
8/15/2024 3:20,1003.9,25.7
8/15/2024 3:30,1003.5,25.7
8/15/2024 3:40,1004.4,25.69
8/15/2024 3:50,1003.9,25.69
8/15/2024 4:00,1003.9,25.69
8/15/2024 4:10,1004.8,25.67
8/15/2024 4:20,1004.8,25.67
8/15/2024 4:30,1005.2,25.67
8/15/2024 4:40,1005.2,25.66
8/15/2024 4:50,1006.5,25.66
8/15/2024 5:00,1006.5,25.66
8/15/2024 5:10,1006.5,25.65
8/15/2024 5:20,1007.3,25.65
8/15/2024 5:30,1005.2,25.64
8/15/2024 5:40,1004,25.64
8/15/2024 5:50,1005.2,25.64
8/15/2024 6:00,1005.2,25.64
8/15/2024 6:10,1005.3,25.62
8/15/2024 6:20,1004.9,25.62
8/15/2024 6:30,1005.3,25.62
8/15/2024 6:40,1004.9,25.62
8/15/2024 6:50,1004,25.62
8/15/2024 7:00,1003.6,25.63
8/15/2024 7:10,1004,25.64
8/15/2024 7:20,1004,25.64
8/15/2024 7:30,1004.4,25.65
8/15/2024 7:40,1005.2,25.66
8/15/2024 7:50,1004,25.66
8/15/2024 8:00,1003.9,25.7
8/15/2024 8:10,1003.9,25.7
8/15/2024 8:20,1004.3,25.73
8/15/2024 8:30,1003.9,25.75
8/15/2024 8:40,1003.4,25.78
8/15/2024 8:50,1001.3,25.8
8/15/2024 9:00,1002.5,25.83
8/15/2024 9:10,1000.9,25.83
8/15/2024 9:20,997.9,25.88
8/15/2024 9:30,995.3,26.07
8/15/2024 9:40,997.5,25.95
8/15/2024 9:50,999.9,25.95
8/15/2024 10:00,1000.3,26.01
8/15/2024 10:10,1001.5,26.06
8/15/2024 10:20,1004,26.06
8/15/2024 10:30,1003.9,26.09
8/15/2024 10:40,1005.1,26.12
8/15/2024 10:50,1003.4,26.21
8/15/2024 11:00,1002.1,26.26
8/15/2024 11:10,1002.9,26.24
8/15/2024 11:20,1004.6,26.27
8/15/2024 11:30,1006.5,26.37
8/15/2024 11:40,1007.8,26.38
8/15/2024 11:50,1007.7,26.42
8/15/2024 12:00,1007.6,26.49
8/15/2024 12:10,1008.8,26.58
8/15/2024 12:20,1008.8,26.59
8/15/2024 12:30,1009.9,26.69
8/15/2024 12:40,1010.7,26.68
8/15/2024 12:50,1010.7,26.69
8/15/2024 13:00,1012.3,26.81
8/15/2024 13:10,1013.4,26.86
8/15/2024 13:20,1011.7,26.93
8/15/2024 13:30,1012.9,26.99
8/15/2024 13:40,1014.2,26.97
8/15/2024 13:50,1014.5,27.01
8/15/2024 14:00,1014.9,27.08
8/15/2024 14:10,1014.8,27.11
8/15/2024 14:20,1014.8,27.12
8/15/2024 14:30,1017.2,27.2
8/15/2024 14:40,1018.4,27.25
8/15/2024 14:50,1019.6,27.26
8/15/2024 15:00,1020.4,27.27
8/15/2024 15:10,1022,27.35
8/15/2024 15:20,1023.3,27.32
8/15/2024 15:30,1023.7,27.35
8/15/2024 15:40,1024,27.41
8/15/2024 15:50,1024.4,27.46
8/15/2024 16:00,1024.8,27.44
8/15/2024 16:10,1026,27.48
8/15/2024 16:20,1027.2,27.51
8/15/2024 16:30,1028.4,27.52
8/15/2024 16:40,1028.4,27.52
8/15/2024 16:50,1028.4,27.54
8/15/2024 17:00,1029.7,27.53
8/15/2024 17:10,1029.7,27.53
8/15/2024 17:20,1030.1,27.54
8/15/2024 17:30,1028.4,27.52
8/15/2024 17:40,1029.7,27.52
8/15/2024 17:50,1027.6,27.53
8/15/2024 18:00,1028,27.51
8/15/2024 18:10,1028.4,27.52
8/15/2024 18:20,1029.6,27.57
8/15/2024 18:30,1028.8,27.54
8/15/2024 18:40,1030.5,27.54
8/15/2024 18:50,1030.1,27.54
8/15/2024 19:00,1029.7,27.53
8/15/2024 19:10,1030.1,27.54
8/15/2024 19:20,1030.5,27.52
8/15/2024 19:30,1030.5,27.52
8/15/2024 19:40,1030.9,27.51
8/15/2024 19:50,1030.6,27.49
8/15/2024 20:00,1030.2,27.46
8/15/2024 20:10,1030.6,27.44
8/15/2024 20:20,1030.6,27.41
8/15/2024 20:30,1030.7,27.39
8/15/2024 20:40,1029.9,27.36
8/15/2024 20:50,1029.9,27.34
8/15/2024 21:00,1029.5,27.31
8/15/2024 21:10,1030,27.27
8/15/2024 21:20,1027.9,27.25
8/15/2024 21:30,1026.3,27.23
8/15/2024 21:40,1026.3,27.22
8/15/2024 21:50,1026.3,27.18
8/15/2024 22:00,1026.3,27.17
8/15/2024 22:10,1027.2,27.14
8/15/2024 22:20,1025.6,27.12
8/15/2024 22:30,1026,27.09
8/15/2024 22:40,1022.7,27.08
8/15/2024 22:50,1022.8,27.05
8/15/2024 23:00,1022,27.02
8/15/2024 23:10,1021.1,27.01
8/15/2024 23:20,1019.9,26.99
8/15/2024 23:30,1019.9,26.97
8/15/2024 23:40,1019.6,26.94
8/15/2024 23:50,1019.6,26.93
8/16/2024 0:00,1018.4,26.9
8/16/2024 0:10,1018,26.89
8/16/2024 0:20,1017.1,26.88
8/16/2024 0:30,1017.6,26.86
8/16/2024 0:40,1016.4,26.84
8/16/2024 0:50,1016,26.83
8/16/2024 1:00,1017.2,26.82
8/16/2024 1:10,1020.1,26.81
8/16/2024 1:20,1021,26.78
8/16/2024 1:30,1021.8,26.77
8/16/2024 1:40,1021,26.75
8/16/2024 1:50,1021,26.73
8/16/2024 2:00,1020.2,26.71
8/16/2024 2:10,1019,26.69
8/16/2024 2:20,1017.8,26.66
8/16/2024 2:30,1018.6,26.65
8/16/2024 2:40,1016.6,26.63
8/16/2024 2:50,1016.6,26.61
8/16/2024 3:00,1015.4,26.59
8/16/2024 3:10,1012.1,26.55
8/16/2024 3:20,1010.9,26.54
8/16/2024 3:30,1009.3,26.51
8/16/2024 3:40,1010.5,26.49
8/16/2024 3:50,1011,26.47
8/16/2024 4:00,1011.8,26.46
8/16/2024 4:10,1011,26.42
8/16/2024 4:20,1010.2,26.41
8/16/2024 4:30,1011,26.4
8/16/2024 4:40,1010.3,26.37
8/16/2024 4:50,1011.1,26.35
8/16/2024 5:00,1011.9,26.33
8/16/2024 5:10,1011.1,26.31
8/16/2024 5:20,1011.2,26.29
8/16/2024 5:30,1011.6,26.26
8/16/2024 5:40,1012.4,26.26
8/16/2024 5:50,1013.7,26.25
8/16/2024 6:00,1013.7,26.23
8/16/2024 6:10,1014.2,26.2
8/16/2024 6:20,1014.2,26.2
8/16/2024 6:30,1012.5,26.17
8/16/2024 6:40,1012.5,26.17
8/16/2024 6:50,1012.5,26.17
8/16/2024 7:00,1013,26.15
8/16/2024 7:10,1012.6,26.14
8/16/2024 7:20,1011.3,26.13
8/16/2024 7:30,1010.9,26.13
8/16/2024 7:40,1010.5,26.14
8/16/2024 7:50,1010.5,26.15
8/16/2024 8:00,1010.5,26.16
8/16/2024 8:10,1009.2,26.18
8/16/2024 8:20,1008.8,26.2
8/16/2024 8:30,1007.1,26.24
8/16/2024 8:40,1007.9,26.22
8/16/2024 8:50,1006.7,26.23
8/16/2024 9:00,1008.3,26.26
8/16/2024 9:10,1005.4,26.3
8/16/2024 9:20,1003.3,26.27
8/16/2024 9:30,996.6,26.35
8/16/2024 9:40,999.9,26.37
8/16/2024 9:50,1002,26.34
8/16/2024 10:00,1000.7,26.35
8/16/2024 10:10,997.4,26.39
8/16/2024 10:20,999.5,26.38
8/16/2024 10:30,1000.7,26.4
8/16/2024 10:40,1002.6,26.56
8/16/2024 10:50,999.2,26.59
8/16/2024 11:00,1000.5,26.56
8/16/2024 11:10,1002.2,26.56
8/16/2024 11:20,1003,26.59
8/16/2024 11:30,1002.9,26.65
8/16/2024 11:40,1002.9,26.65
8/16/2024 11:50,1004.1,26.71
8/16/2024 12:00,1004.4,26.78
8/16/2024 12:10,1005.1,26.89
8/16/2024 12:20,1005.6,26.84
8/16/2024 12:30,1007.2,26.88
8/16/2024 12:40,1009.7,26.89
8/16/2024 12:50,1010.5,26.91
8/16/2024 13:00,1012.4,27.03
8/16/2024 13:10,1012.4,27.09
8/16/2024 13:20,1014.4,27.1
8/16/2024 13:30,1017.3,27.16
8/16/2024 13:40,1016,27.15
8/16/2024 13:50,1016,27.19
